location,name,freq,weighting,n_factors,date,ret
usa,accruals,monthly,ew,1,1946-01-31,0.0351073864885455
usa,accruals,monthly,ew,1,1946-02-28,0.000441575900791039
usa,accruals,monthly,ew,1,1946-03-31,0.0292711911473349
usa,accruals,monthly,ew,1,1946-04-30,0.0304558668036449
usa,accruals,monthly,ew,1,1946-05-31,0.00653175084412023
usa,accruals,monthly,ew,1,1946-06-30,-0.0113096573240241
usa,accruals,monthly,ew,1,1946-07-31,-0.00239716858815534
usa,accruals,monthly,ew,1,1946-08-31,-0.0276438949451159
usa,accruals,monthly,ew,1,1946-09-30,-0.0418543178006814
usa,accruals,monthly,ew,1,1946-10-31,0.000652271973395081
usa,accruals,monthly,ew,1,1946-11-30,-0.00732062114592209
usa,accruals,monthly,ew,1,1946-12-31,-0.00111057057476374
usa,accruals,monthly,ew,1,1947-01-31,0.00339233907880324
usa,accruals,monthly,ew,1,1947-02-28,0.00837246376829558
usa,accruals,monthly,ew,1,1947-03-31,-0.0162982788417234
usa,accruals,monthly,ew,1,1947-04-30,-0.0205736122562907
usa,accruals,monthly,ew,1,1947-05-31,-0.0179407265006501
usa,accruals,monthly,ew,1,1947-06-30,0.00532731380871877
usa,accruals,monthly,ew,1,1947-07-31,0.0306857545281169
usa,accruals,monthly,ew,1,1947-08-31,-0.00198454388211211
usa,accruals,monthly,ew,1,1947-09-30,-0.0082459622260348
usa,accruals,monthly,ew,1,1947-10-31,0.00694928117127583
usa,accruals,monthly,ew,1,1947-11-30,0.0145202800897523
usa,accruals,monthly,ew,1,1947-12-31,0.0206369932540835
usa,accruals,monthly,ew,1,1948-01-31,0.00584073410446488
usa,accruals,monthly,ew,1,1948-02-29,-0.0104164559796107
usa,accruals,monthly,ew,1,1948-03-31,0.011606622138218
usa,accruals,monthly,ew,1,1948-04-30,0.0209526402452659
usa,accruals,monthly,ew,1,1948-05-31,0.0103539588389295
usa,accruals,monthly,ew,1,1948-06-30,0.0147006136402053
usa,accruals,monthly,ew,1,1948-07-31,-0.013127579905196
usa,accruals,monthly,ew,1,1948-08-31,0.00172817649776068
usa,accruals,monthly,ew,1,1948-09-30,0.020116425562066
usa,accruals,monthly,ew,1,1948-10-31,-0.00718695896583334
usa,accruals,monthly,ew,1,1948-11-30,0.0168854126652496
usa,accruals,monthly,ew,1,1948-12-31,0.0148822706741131
usa,accruals,monthly,ew,1,1949-01-31,0.00155469026074859
usa,accruals,monthly,ew,1,1949-02-28,0.0102527996992144
usa,accruals,monthly,ew,1,1949-03-31,-0.0119396918116084
usa,accruals,monthly,ew,1,1949-04-30,0.0198898884386161
usa,accruals,monthly,ew,1,1949-05-31,0.00120506600788982
usa,accruals,monthly,ew,1,1949-06-30,0.00824989271146199
usa,accruals,monthly,ew,1,1949-07-31,0.00284753320933887
usa,accruals,monthly,ew,1,1949-08-31,-0.00137124801060335
usa,accruals,monthly,ew,1,1949-09-30,-0.0145340330716745
usa,accruals,monthly,ew,1,1949-10-31,-0.0126035294843559
usa,accruals,monthly,ew,1,1949-11-30,0.00571711912944392
usa,accruals,monthly,ew,1,1949-12-31,-0.00681680050299395
usa,accruals,monthly,ew,1,1950-01-31,0.0134292483330502
usa,accruals,monthly,ew,1,1950-02-28,-0.00343105971902985
usa,accruals,monthly,ew,1,1950-03-31,-0.00185117351968039
usa,accruals,monthly,ew,1,1950-04-30,0.00542382447563534
usa,accruals,monthly,ew,1,1950-05-31,-0.000392059640569091
usa,accruals,monthly,ew,1,1950-06-30,-0.00519699546127163
usa,accruals,monthly,ew,1,1950-07-31,-0.00840868350133928
usa,accruals,monthly,ew,1,1950-08-31,-0.0112934883884203
usa,accruals,monthly,ew,1,1950-09-30,-0.00337431331281179
usa,accruals,monthly,ew,1,1950-10-31,0.011938126362897
usa,accruals,monthly,ew,1,1950-11-30,-0.0175841933092031
usa,accruals,monthly,ew,1,1950-12-31,-0.0231918539264042
usa,accruals,monthly,ew,1,1951-01-31,-0.0132791182964225
usa,accruals,monthly,ew,1,1951-02-28,0.00105406224419856
usa,accruals,monthly,ew,1,1951-03-31,0.0161069708993698
usa,accruals,monthly,ew,1,1951-04-30,-0.0274155626731351
usa,accruals,monthly,ew,1,1951-05-31,0.00619477676667959
usa,accruals,monthly,ew,1,1951-06-30,0.0285617716641356
usa,accruals,monthly,ew,1,1951-07-31,-0.0116799459210345
usa,accruals,monthly,ew,1,1951-08-31,-0.0164410245649148
usa,accruals,monthly,ew,1,1951-09-30,-0.0130243794304515
usa,accruals,monthly,ew,1,1951-10-31,-0.00292469428873049
usa,accruals,monthly,ew,6,1951-11-30,-0.0128161011560159
usa,accruals,monthly,ew,6,1951-12-31,0.018627577367587
usa,accruals,monthly,ew,6,1952-01-31,-0.00278889220596591
usa,accruals,monthly,ew,6,1952-02-29,0.00816939274144612
usa,accruals,monthly,ew,6,1952-03-31,-0.00777876642500439
usa,accruals,monthly,ew,6,1952-04-30,0.00961084066173388
usa,accruals,monthly,ew,6,1952-05-31,-0.00508174917283998
usa,accruals,monthly,ew,6,1952-06-30,0.00246435136590192
usa,accruals,monthly,ew,6,1952-07-31,0.0048386400910493
usa,accruals,monthly,ew,6,1952-08-31,0.00291061634401296
usa,accruals,monthly,ew,6,1952-09-30,-0.001835365576003
usa,accruals,monthly,ew,6,1952-10-31,0.000655590440681436
usa,accruals,monthly,ew,6,1952-11-30,0.00349374493377505
usa,accruals,monthly,ew,6,1952-12-31,-0.00746972195918149
usa,accruals,monthly,ew,6,1953-01-31,0.0049139734009611
usa,accruals,monthly,ew,6,1953-02-28,-0.0042293800409681
usa,accruals,monthly,ew,6,1953-03-31,-0.00227183583792816
usa,accruals,monthly,ew,6,1953-04-30,0.00223502379598346
usa,accruals,monthly,ew,6,1953-05-31,0.00888920374422109
usa,accruals,monthly,ew,6,1953-06-30,0.00766718353239682
usa,accruals,monthly,ew,6,1953-07-31,-0.00323679214633633
usa,accruals,monthly,ew,6,1953-08-31,0.00936487881621967
usa,accruals,monthly,ew,6,1953-09-30,0.00025043652186103
usa,accruals,monthly,ew,6,1953-10-31,-0.00428061552236984
usa,accruals,monthly,ew,6,1953-11-30,-0.00662752968846551
usa,accruals,monthly,ew,6,1953-12-31,0.00759058204640301
usa,accruals,monthly,ew,6,1954-01-31,-0.00897363205941364
usa,accruals,monthly,ew,6,1954-02-28,0.00348300575027647
usa,accruals,monthly,ew,6,1954-03-31,0.000575190667752002
usa,accruals,monthly,ew,6,1954-04-30,-0.00119421711041284
usa,accruals,monthly,ew,6,1954-05-31,-0.00537623249539027
usa,accruals,monthly,ew,6,1954-06-30,0.0130804881240242
usa,accruals,monthly,ew,6,1954-07-31,0.012365323523894
usa,accruals,monthly,ew,6,1954-08-31,0.00964618080638292
usa,accruals,monthly,ew,6,1954-09-30,-0.00398916438414315
usa,accruals,monthly,ew,6,1954-10-31,0.00353622101791433
usa,accruals,monthly,ew,6,1954-11-30,0.0144926827618291
usa,accruals,monthly,ew,6,1954-12-31,-0.00562207886606136
usa,accruals,monthly,ew,6,1955-01-31,0.00869669588611809
usa,accruals,monthly,ew,6,1955-02-28,0.00450525278627345
usa,accruals,monthly,ew,6,1955-03-31,0.000257989016217449
usa,accruals,monthly,ew,6,1955-04-30,-0.00646012973662197
usa,accruals,monthly,ew,6,1955-05-31,-0.00255517036453975
usa,accruals,monthly,ew,6,1955-06-30,-0.00538492863083945
usa,accruals,monthly,ew,6,1955-07-31,0.00630160688825611
usa,accruals,monthly,ew,6,1955-08-31,0.00395820906611136
usa,accruals,monthly,ew,6,1955-09-30,-0.00321087657966985
usa,accruals,monthly,ew,6,1955-10-31,0.00978383568732639
usa,accruals,monthly,ew,6,1955-11-30,-0.013812635144693
usa,accruals,monthly,ew,6,1955-12-31,-0.0046406091153797
usa,accruals,monthly,ew,6,1956-01-31,0.00978959838547822
usa,accruals,monthly,ew,6,1956-02-29,-0.00361990306867493
usa,accruals,monthly,ew,6,1956-03-31,-0.0188299244873007
usa,accruals,monthly,ew,6,1956-04-30,-0.000913050750105028
usa,accruals,monthly,ew,6,1956-05-31,0.00430227320758829
usa,accruals,monthly,ew,6,1956-06-30,-0.0092307402243977
usa,accruals,monthly,ew,6,1956-07-31,-0.00078672653483781
usa,accruals,monthly,ew,6,1956-08-31,0.00196710832032686
usa,accruals,monthly,ew,6,1956-09-30,0.00552021305165738
usa,accruals,monthly,ew,6,1956-10-31,-0.00514813948161078
usa,accruals,monthly,ew,6,1956-11-30,0.000732800280594285
usa,accruals,monthly,ew,6,1956-12-31,0.0012228767841821
usa,accruals,monthly,ew,6,1957-01-31,0.00705743512233492
usa,accruals,monthly,ew,6,1957-02-28,0.00552097496911824
usa,accruals,monthly,ew,6,1957-03-31,0.000442718394639063
usa,accruals,monthly,ew,6,1957-04-30,0.00356306574462721
usa,accruals,monthly,ew,6,1957-05-31,-0.00262121504558839
usa,accruals,monthly,ew,6,1957-06-30,0.00363809348217447
usa,accruals,monthly,ew,6,1957-07-31,0.0126674237542104
usa,accruals,monthly,ew,6,1957-08-31,0.0124791791134019
usa,accruals,monthly,ew,6,1957-09-30,0.0156070119881726
usa,accruals,monthly,ew,6,1957-10-31,-0.00435070847298313
usa,accruals,monthly,ew,6,1957-11-30,-0.000960069514261562
usa,accruals,monthly,ew,6,1957-12-31,0.0228690018103632
usa,accruals,monthly,ew,6,1958-01-31,-0.0136632942231188
usa,accruals,monthly,ew,6,1958-02-28,0.0128407372197842
usa,accruals,monthly,ew,6,1958-03-31,0.00566459131078969
usa,accruals,monthly,ew,6,1958-04-30,0.0155888333544922
usa,accruals,monthly,ew,6,1958-05-31,-0.00764148799347597
usa,accruals,monthly,ew,6,1958-06-30,-0.00130578061219776
usa,accruals,monthly,ew,6,1958-07-31,-0.00773122167024095
usa,accruals,monthly,ew,6,1958-08-31,-0.00042919651702392
usa,accruals,monthly,ew,6,1958-09-30,-0.00125503879890268
usa,accruals,monthly,ew,6,1958-10-31,-0.0135312009872297
usa,accruals,monthly,ew,6,1958-11-30,0.00518487085946595
usa,accruals,monthly,ew,6,1958-12-31,0.00524942681780222
usa,accruals,monthly,ew,6,1959-01-31,0.00512887970138702
usa,accruals,monthly,ew,6,1959-02-28,0.00252095815907992
usa,accruals,monthly,ew,6,1959-03-31,0.00456357368986239
usa,accruals,monthly,ew,6,1959-04-30,0.00193874586097601
usa,accruals,monthly,ew,6,1959-05-31,0.00647234399182691
usa,accruals,monthly,ew,6,1959-06-30,-0.00430212397654775
usa,accruals,monthly,ew,6,1959-07-31,0.00898251262318487
usa,accruals,monthly,ew,6,1959-08-31,0.00871161085475235
usa,accruals,monthly,ew,6,1959-09-30,0.00429371905278249
usa,accruals,monthly,ew,6,1959-10-31,-0.00687529576877064
usa,accruals,monthly,ew,6,1959-11-30,-0.0000125039233799668
usa,accruals,monthly,ew,6,1959-12-31,0.00349817431415619
usa,accruals,monthly,ew,6,1960-01-31,-0.0016369126637794
usa,accruals,monthly,ew,6,1960-02-29,0.0185778409571015
usa,accruals,monthly,ew,6,1960-03-31,-0.00331074613540592
usa,accruals,monthly,ew,6,1960-04-30,0.0150027089951592
usa,accruals,monthly,ew,6,1960-05-31,-0.00832494561126624
usa,accruals,monthly,ew,6,1960-06-30,0.0104031315143646
usa,accruals,monthly,ew,6,1960-07-31,0.00601621422736303
usa,accruals,monthly,ew,6,1960-08-31,-0.00331294668637427
usa,accruals,monthly,ew,6,1960-09-30,0.00455513314092847
usa,accruals,monthly,ew,6,1960-10-31,0.0104372085218486
usa,accruals,monthly,ew,6,1960-11-30,-0.00339663154834458
usa,accruals,monthly,ew,6,1960-12-31,-0.000807882391980072
usa,accruals,monthly,ew,6,1961-01-31,-0.00254741140568475
usa,accruals,monthly,ew,6,1961-02-28,-0.0182034785990127
usa,accruals,monthly,ew,6,1961-03-31,0.00976213076319205
usa,accruals,monthly,ew,6,1961-04-30,0.00258457224427193
usa,accruals,monthly,ew,6,1961-05-31,-0.00457254583418284
usa,accruals,monthly,ew,6,1961-06-30,0.0135814977347952
usa,accruals,monthly,ew,6,1961-07-31,0.00985815130942086
usa,accruals,monthly,ew,6,1961-08-31,0.00246210048312909
usa,accruals,monthly,ew,6,1961-09-30,0.00434577405017538
usa,accruals,monthly,ew,6,1961-10-31,0.016419537709733
usa,accruals,monthly,ew,6,1961-11-30,-0.0036084656840394
usa,accruals,monthly,ew,6,1961-12-31,0.00968316986997609
usa,accruals,monthly,ew,6,1962-01-31,0.0130362378172266
usa,accruals,monthly,ew,6,1962-02-28,-0.00119727129394953
usa,accruals,monthly,ew,6,1962-03-31,-0.00286901440418814
usa,accruals,monthly,ew,6,1962-04-30,0.00176309770118099
usa,accruals,monthly,ew,6,1962-05-31,0.0234029984949707
usa,accruals,monthly,ew,6,1962-06-30,0.0109945856376483
usa,accruals,monthly,ew,6,1962-07-31,-0.0103819598088293
usa,accruals,monthly,ew,6,1962-08-31,-0.0095951565383524
usa,accruals,monthly,ew,6,1962-09-30,0.0111577263562882
usa,accruals,monthly,ew,6,1962-10-31,0.00870414169533452
usa,accruals,monthly,ew,6,1962-11-30,-0.0103755967121246
usa,accruals,monthly,ew,6,1962-12-31,0.00976625889054165
usa,accruals,monthly,ew,6,1963-01-31,0.00398195764478016
usa,accruals,monthly,ew,6,1963-02-28,0.00835159951665888
usa,accruals,monthly,ew,6,1963-03-31,0.00658393102810416
usa,accruals,monthly,ew,6,1963-04-30,0.0100878757905531
usa,accruals,monthly,ew,6,1963-05-31,0.00545548725955209
usa,accruals,monthly,ew,6,1963-06-30,0.0010479125122732
usa,accruals,monthly,ew,6,1963-07-31,-0.00408453893712483
usa,accruals,monthly,ew,6,1963-08-31,0.0107824497656152
usa,accruals,monthly,ew,6,1963-09-30,-0.00352848105292984
usa,accruals,monthly,ew,6,1963-10-31,0.00779227563008956
usa,accruals,monthly,ew,6,1963-11-30,-0.000753714019917435
usa,accruals,monthly,ew,6,1963-12-31,0.0127180142705627
usa,accruals,monthly,ew,6,1964-01-31,0.00594915653898002
usa,accruals,monthly,ew,6,1964-02-29,0.00672928904101791
usa,accruals,monthly,ew,6,1964-03-31,0.0139901260397725
usa,accruals,monthly,ew,6,1964-04-30,-0.00161461939594721
usa,accruals,monthly,ew,6,1964-05-31,0.00166956259948448
usa,accruals,monthly,ew,6,1964-06-30,-0.00253057869484703
usa,accruals,monthly,ew,6,1964-07-31,0.000657263270282416
usa,accruals,monthly,ew,6,1964-08-31,0.00276879466700887
usa,accruals,monthly,ew,6,1964-09-30,0.00390371003069707
usa,accruals,monthly,ew,6,1964-10-31,0.00789478805588426
usa,accruals,monthly,ew,6,1964-11-30,-0.00565165414786457
usa,accruals,monthly,ew,6,1964-12-31,-0.0110731372410805
usa,accruals,monthly,ew,6,1965-01-31,-0.00716104798658913
usa,accruals,monthly,ew,6,1965-02-28,0.00225574670617993
usa,accruals,monthly,ew,6,1965-03-31,0.00322181868889103
usa,accruals,monthly,ew,6,1965-04-30,-0.00279039065920115
usa,accruals,monthly,ew,6,1965-05-31,0.0084773485255269
usa,accruals,monthly,ew,6,1965-06-30,0.00393381983034846
usa,accruals,monthly,ew,6,1965-07-31,0.00310720295918129
usa,accruals,monthly,ew,6,1965-08-31,-0.0018892879219078
usa,accruals,monthly,ew,6,1965-09-30,-0.00207430846901824
usa,accruals,monthly,ew,6,1965-10-31,0.00252102216841026
usa,accruals,monthly,ew,6,1965-11-30,0.015452853665857
usa,accruals,monthly,ew,6,1965-12-31,-0.00291861138620082
usa,accruals,monthly,ew,6,1966-01-31,0.00723099874826521
usa,accruals,monthly,ew,6,1966-02-28,0.0188093886864857
usa,accruals,monthly,ew,6,1966-03-31,0.00570908048322926
usa,accruals,monthly,ew,6,1966-04-30,0.00101046903266055
usa,accruals,monthly,ew,6,1966-05-31,0.00223615740360762
usa,accruals,monthly,ew,6,1966-06-30,-0.00339920150686019
usa,accruals,monthly,ew,6,1966-07-31,0.00512933410164071
usa,accruals,monthly,ew,6,1966-08-31,-0.00241262552831592
usa,accruals,monthly,ew,6,1966-09-30,0.00839511513418889
usa,accruals,monthly,ew,6,1966-10-31,0.00146233616634334
usa,accruals,monthly,ew,6,1966-11-30,-0.00583952531003738
usa,accruals,monthly,ew,6,1966-12-31,-0.00393145221962214
usa,accruals,monthly,ew,6,1967-01-31,-0.00642787823336899
usa,accruals,monthly,ew,6,1967-02-28,0.0139648335943376
usa,accruals,monthly,ew,6,1967-03-31,-0.00905866081034477
usa,accruals,monthly,ew,6,1967-04-30,-0.00607084407678804
usa,accruals,monthly,ew,6,1967-05-31,0.0093356352276008
usa,accruals,monthly,ew,6,1967-06-30,-0.00713727315948594
usa,accruals,monthly,ew,6,1967-07-31,0.0101746573564559
usa,accruals,monthly,ew,6,1967-08-31,0.0133336183838053
usa,accruals,monthly,ew,6,1967-09-30,-0.0000952717092201847
usa,accruals,monthly,ew,6,1967-10-31,0.0039501907055805
usa,accruals,monthly,ew,6,1967-11-30,-0.00338449909060169
usa,accruals,monthly,ew,6,1967-12-31,0.0110105810004439
usa,accruals,monthly,ew,6,1968-01-31,0.0346720241042808
usa,accruals,monthly,ew,6,1968-02-29,0.0134141621990004
usa,accruals,monthly,ew,6,1968-03-31,0.000526556778460006
usa,accruals,monthly,ew,6,1968-04-30,-0.00693323035661508
usa,accruals,monthly,ew,6,1968-05-31,0.0039686717645804
usa,accruals,monthly,ew,6,1968-06-30,0.0159573130598312
usa,accruals,monthly,ew,6,1968-07-31,0.0229703993233867
usa,accruals,monthly,ew,6,1968-08-31,0.0233063020332157
usa,accruals,monthly,ew,6,1968-09-30,0.0107865108770375
usa,accruals,monthly,ew,6,1968-10-31,0.00273200820320143
usa,accruals,monthly,ew,6,1968-11-30,-0.00687780738871339
usa,accruals,monthly,ew,6,1968-12-31,0.013766857451582
usa,accruals,monthly,ew,6,1969-01-31,0.004031505300395
usa,accruals,monthly,ew,6,1969-02-28,0.00635618973107011
usa,accruals,monthly,ew,6,1969-03-31,-0.00126213430026267
usa,accruals,monthly,ew,6,1969-04-30,0.00416654812397638
usa,accruals,monthly,ew,6,1969-05-31,0.00508437553805662
usa,accruals,monthly,ew,6,1969-06-30,0.0084811593491604
usa,accruals,monthly,ew,6,1969-07-31,0.0104487934651444
usa,accruals,monthly,ew,6,1969-08-31,-0.0059667550125284
usa,accruals,monthly,ew,6,1969-09-30,0.00345732937715812
usa,accruals,monthly,ew,6,1969-10-31,-0.00985095854069717
usa,accruals,monthly,ew,6,1969-11-30,0.00686632550602089
usa,accruals,monthly,ew,6,1969-12-31,-0.00199584803180613
usa,accruals,monthly,ew,6,1970-01-31,0.0216822035473648
usa,accruals,monthly,ew,6,1970-02-28,-0.000336148062742058
usa,accruals,monthly,ew,6,1970-03-31,0.0347691679398616
usa,accruals,monthly,ew,6,1970-04-30,0.0370400793112926
usa,accruals,monthly,ew,6,1970-05-31,0.0163064724884516
usa,accruals,monthly,ew,6,1970-06-30,0.0180965897228608
usa,accruals,monthly,ew,6,1970-07-31,0.00194571872078929
usa,accruals,monthly,ew,6,1970-08-31,-0.0011846688163521
usa,accruals,monthly,ew,6,1970-09-30,-0.0327579557776941
usa,accruals,monthly,ew,6,1970-10-31,0.0159485015738589
usa,accruals,monthly,ew,6,1970-11-30,0.00399620075036836
usa,accruals,monthly,ew,6,1970-12-31,-0.00390821153061391
usa,accruals,monthly,ew,6,1971-01-31,0.00810208347228347
usa,accruals,monthly,ew,6,1971-02-28,0.0014151846549986
usa,accruals,monthly,ew,6,1971-03-31,-0.00997543870487027
usa,accruals,monthly,ew,6,1971-04-30,-0.0092715172768094
usa,accruals,monthly,ew,6,1971-05-31,-0.00285189685577753
usa,accruals,monthly,ew,6,1971-06-30,-0.0115714161531704
usa,accruals,monthly,ew,6,1971-07-31,0.0117197767309983
usa,accruals,monthly,ew,6,1971-08-31,-0.00252964847751053
usa,accruals,monthly,ew,6,1971-09-30,-0.0104756611364889
usa,accruals,monthly,ew,6,1971-10-31,0.00569261388329162
usa,accruals,monthly,ew,6,1971-11-30,-0.00563722927663574
usa,accruals,monthly,ew,6,1971-12-31,-0.00985749178470959
usa,accruals,monthly,ew,6,1972-01-31,0.0192663164280801
usa,accruals,monthly,ew,6,1972-02-29,0.000820144904041137
usa,accruals,monthly,ew,6,1972-03-31,-0.00541965298630557
usa,accruals,monthly,ew,6,1972-04-30,0.000300570136181875
usa,accruals,monthly,ew,6,1972-05-31,-0.0104081334255794
usa,accruals,monthly,ew,6,1972-06-30,0.002232262725791
usa,accruals,monthly,ew,6,1972-07-31,0.00947969947725808
usa,accruals,monthly,ew,6,1972-08-31,0.0039426526571395
usa,accruals,monthly,ew,6,1972-09-30,-0.00363696987615457
usa,accruals,monthly,ew,6,1972-10-31,0.00730437261257669
usa,accruals,monthly,ew,6,1972-11-30,0.00322719247659586
usa,accruals,monthly,ew,6,1972-12-31,-0.00378902882379469
usa,accruals,monthly,ew,6,1973-01-31,0.0213881481165213
usa,accruals,monthly,ew,6,1973-02-28,0.0183460404746908
usa,accruals,monthly,ew,6,1973-03-31,0.0132180128664722
usa,accruals,monthly,ew,6,1973-04-30,0.0234752723294385
usa,accruals,monthly,ew,6,1973-05-31,0.00422148580174802
usa,accruals,monthly,ew,6,1973-06-30,0.0164835365292239
usa,accruals,monthly,ew,6,1973-07-31,-0.0350193828750061
usa,accruals,monthly,ew,6,1973-08-31,0.00736876305901016
usa,accruals,monthly,ew,6,1973-09-30,-0.0168579568806346
usa,accruals,monthly,ew,6,1973-10-31,0.0158006118083303
usa,accruals,monthly,ew,6,1973-11-30,0.0327319650711023
usa,accruals,monthly,ew,6,1973-12-31,0.00201380638253044
usa,accruals,monthly,ew,6,1974-01-31,0.0418301717120458
usa,accruals,monthly,ew,6,1974-02-28,0.0125106362260041
usa,accruals,monthly,ew,6,1974-03-31,-0.00108935639237506
usa,accruals,monthly,ew,6,1974-04-30,0.0086051071319391
usa,accruals,monthly,ew,6,1974-05-31,0.00226474286836612
usa,accruals,monthly,ew,6,1974-06-30,0.00834819178656575
usa,accruals,monthly,ew,6,1974-07-31,0.0226986619658057
usa,accruals,monthly,ew,6,1974-08-31,0.0221470897345071
usa,accruals,monthly,ew,6,1974-09-30,0.0239233679827675
usa,accruals,monthly,ew,6,1974-10-31,-0.00559380913432892
usa,accruals,monthly,ew,6,1974-11-30,0.00975035606190046
usa,accruals,monthly,ew,6,1974-12-31,0.00605550984744005
usa,accruals,monthly,ew,6,1975-01-31,0.00294308183500845
usa,accruals,monthly,ew,6,1975-02-28,-0.000858488668671711
usa,accruals,monthly,ew,6,1975-03-31,-0.0129399904906481
usa,accruals,monthly,ew,6,1975-04-30,-0.00287212844909544
usa,accruals,monthly,ew,6,1975-05-31,-0.00810560038508411
usa,accruals,monthly,ew,6,1975-06-30,0.000836640187155479
usa,accruals,monthly,ew,6,1975-07-31,0.0088357537000705
usa,accruals,monthly,ew,6,1975-08-31,-0.00214025170070911
usa,accruals,monthly,ew,6,1975-09-30,0.00188593519304932
usa,accruals,monthly,ew,6,1975-10-31,-0.00718306237338345
usa,accruals,monthly,ew,6,1975-11-30,0.00637241280398035
usa,accruals,monthly,ew,6,1975-12-31,0.00550902235825922
usa,accruals,monthly,ew,6,1976-01-31,0.0286594239839256
usa,accruals,monthly,ew,6,1976-02-29,0.0409901124164318
usa,accruals,monthly,ew,6,1976-03-31,0.00036002096466814
usa,accruals,monthly,ew,6,1976-04-30,0.00641131590318337
usa,accruals,monthly,ew,6,1976-05-31,-0.00551479428107815
usa,accruals,monthly,ew,6,1976-06-30,-0.00194836926057974
usa,accruals,monthly,ew,6,1976-07-31,0.00659416514930376
usa,accruals,monthly,ew,6,1976-08-31,-0.00603372569698609
usa,accruals,monthly,ew,6,1976-09-30,-0.00587196954361793
usa,accruals,monthly,ew,6,1976-10-31,-0.00029996436055438
usa,accruals,monthly,ew,6,1976-11-30,-0.00227055891645854
usa,accruals,monthly,ew,6,1976-12-31,0.00496154992142592
usa,accruals,monthly,ew,6,1977-01-31,0.0167863531324181
usa,accruals,monthly,ew,6,1977-02-28,0.0050126729843992
usa,accruals,monthly,ew,6,1977-03-31,0.00457548951362984
usa,accruals,monthly,ew,6,1977-04-30,0.0126933299059213
usa,accruals,monthly,ew,6,1977-05-31,0.0042204896051789
usa,accruals,monthly,ew,6,1977-06-30,-0.00820488311717163
usa,accruals,monthly,ew,6,1977-07-31,-0.00309174481235263
usa,accruals,monthly,ew,6,1977-08-31,-0.00530940365102352
usa,accruals,monthly,ew,6,1977-09-30,-0.00213279163228892
usa,accruals,monthly,ew,6,1977-10-31,-0.00119525296044332
usa,accruals,monthly,ew,6,1977-11-30,-0.000521577383944624
usa,accruals,monthly,ew,6,1977-12-31,-0.00420352800495394
usa,accruals,monthly,ew,6,1978-01-31,0.015978641244329
usa,accruals,monthly,ew,6,1978-02-28,0.00319162420705809
usa,accruals,monthly,ew,6,1978-03-31,-0.000692324368577302
usa,accruals,monthly,ew,6,1978-04-30,-0.000103995256205991
usa,accruals,monthly,ew,6,1978-05-31,0.00215905025716121
usa,accruals,monthly,ew,6,1978-06-30,0.00369957616461848
usa,accruals,monthly,ew,6,1978-07-31,-0.000568500964874702
usa,accruals,monthly,ew,6,1978-08-31,-0.00634849609531874
usa,accruals,monthly,ew,6,1978-09-30,0.0125204887421189
usa,accruals,monthly,ew,6,1978-10-31,0.0127023563347939
usa,accruals,monthly,ew,6,1978-11-30,-0.0104270590794325
usa,accruals,monthly,ew,6,1978-12-31,-0.00538934606276475
usa,accruals,monthly,ew,6,1979-01-31,0.00612834280009887
usa,accruals,monthly,ew,6,1979-02-28,0.00989052602049593
usa,accruals,monthly,ew,6,1979-03-31,-0.00316963026410269
usa,accruals,monthly,ew,6,1979-04-30,0.0141107765005031
usa,accruals,monthly,ew,6,1979-05-31,0.00832761513142147
usa,accruals,monthly,ew,6,1979-06-30,0.00435928221004009
usa,accruals,monthly,ew,6,1979-07-31,0.00385847550776471
usa,accruals,monthly,ew,6,1979-08-31,-0.00366229677710515
usa,accruals,monthly,ew,6,1979-09-30,0.00594371242071057
usa,accruals,monthly,ew,6,1979-10-31,0.00231223520290827
usa,accruals,monthly,ew,6,1979-11-30,-0.0164747645973443
usa,accruals,monthly,ew,6,1979-12-31,-0.00562697024555014
usa,accruals,monthly,ew,6,1980-01-31,0.00430357032297764
usa,accruals,monthly,ew,6,1980-02-29,0.00183125825515633
usa,accruals,monthly,ew,6,1980-03-31,0.00622204840631897
usa,accruals,monthly,ew,6,1980-04-30,0.00248635281729825
usa,accruals,monthly,ew,6,1980-05-31,-0.00892835342582574
usa,accruals,monthly,ew,6,1980-06-30,0.0000779722833301489
usa,accruals,monthly,ew,6,1980-07-31,-0.0225248561015457
usa,accruals,monthly,ew,6,1980-08-31,-0.0147922923085632
usa,accruals,monthly,ew,6,1980-09-30,-0.0102459082410403
usa,accruals,monthly,ew,6,1980-10-31,-0.00883554041619394
usa,accruals,monthly,ew,6,1980-11-30,-0.0261965378487399
usa,accruals,monthly,ew,6,1980-12-31,0.00507606321571899
usa,accruals,monthly,ew,6,1981-01-31,0.0310463899478829
usa,accruals,monthly,ew,6,1981-02-28,0.0115130701716679
usa,accruals,monthly,ew,6,1981-03-31,-0.00319935773233143
usa,accruals,monthly,ew,6,1981-04-30,0.00235835399193205
usa,accruals,monthly,ew,6,1981-05-31,-0.00606551856734145
usa,accruals,monthly,ew,6,1981-06-30,0.0289399064612773
usa,accruals,monthly,ew,6,1981-07-31,0.00723086235140272
usa,accruals,monthly,ew,6,1981-08-31,0.0161132161307514
usa,accruals,monthly,ew,6,1981-09-30,0.0202559420350596
usa,accruals,monthly,ew,6,1981-10-31,-0.00818137609272825
usa,accruals,monthly,ew,6,1981-11-30,0.0090923788584189
usa,accruals,monthly,ew,6,1981-12-31,0.00766884072221434
usa,accruals,monthly,ew,6,1982-01-31,0.0200344028548279
usa,accruals,monthly,ew,6,1982-02-28,0.0267441238209948
usa,accruals,monthly,ew,6,1982-03-31,0.0155230191535359
usa,accruals,monthly,ew,6,1982-04-30,-0.00225792181004218
usa,accruals,monthly,ew,6,1982-05-31,0.0143660276283593
usa,accruals,monthly,ew,6,1982-06-30,0.0200418530290725
usa,accruals,monthly,ew,6,1982-07-31,0.0178618850054035
usa,accruals,monthly,ew,6,1982-08-31,-0.0000986182622177457
usa,accruals,monthly,ew,6,1982-09-30,0.0118545589999816
usa,accruals,monthly,ew,6,1982-10-31,-0.0203186795266647
usa,accruals,monthly,ew,6,1982-11-30,-0.00116573293748345
usa,accruals,monthly,ew,6,1982-12-31,0.00146465530975783
usa,accruals,monthly,ew,6,1983-01-31,0.00411040635050961
usa,accruals,monthly,ew,6,1983-02-28,0.0181588610316745
usa,accruals,monthly,ew,6,1983-03-31,0.0139346838786967
usa,accruals,monthly,ew,6,1983-04-30,0.005776097617134
usa,accruals,monthly,ew,6,1983-05-31,-0.0069678414873768
usa,accruals,monthly,ew,6,1983-06-30,-0.00549388855777896
usa,accruals,monthly,ew,6,1983-07-31,0.0224007237559549
usa,accruals,monthly,ew,6,1983-08-31,0.00679512803369632
usa,accruals,monthly,ew,6,1983-09-30,0.00941485283450304
usa,accruals,monthly,ew,6,1983-10-31,0.0255422373667383
usa,accruals,monthly,ew,6,1983-11-30,-0.00957432282213593
usa,accruals,monthly,ew,6,1983-12-31,0.0116558483120545
usa,accruals,monthly,ew,6,1984-01-31,0.0267327849279612
usa,accruals,monthly,ew,6,1984-02-29,0.00895721803491361
usa,accruals,monthly,ew,6,1984-03-31,0.0126074932780873
usa,accruals,monthly,ew,6,1984-04-30,0.00334327706974961
usa,accruals,monthly,ew,6,1984-05-31,0.0133492720150826
usa,accruals,monthly,ew,6,1984-06-30,-0.000402511534665157
usa,accruals,monthly,ew,6,1984-07-31,0.00766688904842675
usa,accruals,monthly,ew,6,1984-08-31,-0.0124306046455099
usa,accruals,monthly,ew,6,1984-09-30,0.0164462860158654
usa,accruals,monthly,ew,6,1984-10-31,0.00312042973819615
usa,accruals,monthly,ew,6,1984-11-30,0.0100260095597902
usa,accruals,monthly,ew,6,1984-12-31,-0.0111942393614689
usa,accruals,monthly,ew,6,1985-01-31,-0.0304346691737156
usa,accruals,monthly,ew,6,1985-02-28,0.0156680666124113
usa,accruals,monthly,ew,6,1985-03-31,0.0198951254214163
usa,accruals,monthly,ew,6,1985-04-30,0.00920638946550426
usa,accruals,monthly,ew,6,1985-05-31,-0.00412065504239342
usa,accruals,monthly,ew,6,1985-06-30,0.00303102465743987
usa,accruals,monthly,ew,6,1985-07-31,-0.00782700726829222
usa,accruals,monthly,ew,6,1985-08-31,0.00956373530502221
usa,accruals,monthly,ew,6,1985-09-30,0.00969840403784636
usa,accruals,monthly,ew,6,1985-10-31,-0.00273962861478368
usa,accruals,monthly,ew,6,1985-11-30,-0.0141753535296385
usa,accruals,monthly,ew,6,1985-12-31,-0.0115022346406974
usa,accruals,monthly,ew,6,1986-01-31,0.0114860062940271
usa,accruals,monthly,ew,6,1986-02-28,0.00228588519893668
usa,accruals,monthly,ew,6,1986-03-31,0.00460776923601348
usa,accruals,monthly,ew,6,1986-04-30,-0.00493884481494755
usa,accruals,monthly,ew,6,1986-05-31,0.00401732710465754
usa,accruals,monthly,ew,6,1986-06-30,0.00318097150041052
usa,accruals,monthly,ew,6,1986-07-31,0.0167246907343128
usa,accruals,monthly,ew,6,1986-08-31,0.0111804736950912
usa,accruals,monthly,ew,6,1986-09-30,0.0119913232595583
usa,accruals,monthly,ew,6,1986-10-31,-0.00255537235500578
usa,accruals,monthly,ew,6,1986-11-30,0.00522669831620579
usa,accruals,monthly,ew,6,1986-12-31,0.00185343486980665
usa,accruals,monthly,ew,6,1987-01-31,0.0199857112410449
usa,accruals,monthly,ew,6,1987-02-28,0.00186834552950938
usa,accruals,monthly,ew,6,1987-03-31,0.0231804385493139
usa,accruals,monthly,ew,6,1987-04-30,0.0179930252940743
usa,accruals,monthly,ew,6,1987-05-31,0.016767025085767
usa,accruals,monthly,ew,6,1987-06-30,0.0101597669268427
usa,accruals,monthly,ew,6,1987-07-31,0.019459995814831
usa,accruals,monthly,ew,6,1987-08-31,-0.0130976872528921
usa,accruals,monthly,ew,6,1987-09-30,0.00960956101474823
usa,accruals,monthly,ew,6,1987-10-31,0.0257309887195
usa,accruals,monthly,ew,6,1987-11-30,0.0126428758280241
usa,accruals,monthly,ew,6,1987-12-31,-0.0293147651643996
usa,accruals,monthly,ew,6,1988-01-31,0.0187157528128344
usa,accruals,monthly,ew,6,1988-02-29,-0.0085507013985256
usa,accruals,monthly,ew,6,1988-03-31,0.00319167980937134
usa,accruals,monthly,ew,6,1988-04-30,0.00618293948849228
usa,accruals,monthly,ew,6,1988-05-31,0.00514002092443986
usa,accruals,monthly,ew,6,1988-06-30,-0.00886210614192066
usa,accruals,monthly,ew,6,1988-07-31,0.011129999590108
usa,accruals,monthly,ew,6,1988-08-31,0.00386864067943217
usa,accruals,monthly,ew,6,1988-09-30,-0.000942515449789046
usa,accruals,monthly,ew,6,1988-10-31,-0.00208280330523097
usa,accruals,monthly,ew,6,1988-11-30,-0.0046966743732807
usa,accruals,monthly,ew,6,1988-12-31,0.000238549891483118
usa,accruals,monthly,ew,6,1989-01-31,0.00611613574193303
usa,accruals,monthly,ew,6,1989-02-28,0.00898824072570589
usa,accruals,monthly,ew,6,1989-03-31,0.00788990946848896
usa,accruals,monthly,ew,6,1989-04-30,0.00148769152190724
usa,accruals,monthly,ew,6,1989-05-31,0.0045821310058547
usa,accruals,monthly,ew,6,1989-06-30,0.0119766788106453
usa,accruals,monthly,ew,6,1989-07-31,-0.00598644693320203
usa,accruals,monthly,ew,6,1989-08-31,-0.00250651102293255
usa,accruals,monthly,ew,6,1989-09-30,-0.00529100033704455
usa,accruals,monthly,ew,6,1989-10-31,-0.00565636503293405
usa,accruals,monthly,ew,6,1989-11-30,-0.00842117597905324
usa,accruals,monthly,ew,6,1989-12-31,-0.00660902346197773
usa,accruals,monthly,ew,6,1990-01-31,0.026746345440675
usa,accruals,monthly,ew,6,1990-02-28,0.00798058034213363
usa,accruals,monthly,ew,6,1990-03-31,-0.00354802241014564
usa,accruals,monthly,ew,6,1990-04-30,0.00897214102349129
usa,accruals,monthly,ew,6,1990-05-31,-0.002315410559626
usa,accruals,monthly,ew,6,1990-06-30,-0.00266830920493815
usa,accruals,monthly,ew,6,1990-07-31,0.00325468696882965
usa,accruals,monthly,ew,6,1990-08-31,0.0094574991727949
usa,accruals,monthly,ew,6,1990-09-30,0.00504388416006339
usa,accruals,monthly,ew,6,1990-10-31,-0.00413887124803953
usa,accruals,monthly,ew,6,1990-11-30,-0.00592302913031645
usa,accruals,monthly,ew,6,1990-12-31,-0.0109681811112382
usa,accruals,monthly,ew,6,1991-01-31,0.0253862214179253
usa,accruals,monthly,ew,6,1991-02-28,0.0118864228043617
usa,accruals,monthly,ew,6,1991-03-31,0.00522748140880419
usa,accruals,monthly,ew,6,1991-04-30,0.00929984032404353
usa,accruals,monthly,ew,6,1991-05-31,-0.000969849945965888
usa,accruals,monthly,ew,6,1991-06-30,0.00785831020943757
usa,accruals,monthly,ew,6,1991-07-31,0.00798941568046581
usa,accruals,monthly,ew,6,1991-08-31,0.000686517898735794
usa,accruals,monthly,ew,6,1991-09-30,-0.00151079902014779
usa,accruals,monthly,ew,6,1991-10-31,0.00821131511142586
usa,accruals,monthly,ew,6,1991-11-30,0.00002863188046133
usa,accruals,monthly,ew,6,1991-12-31,-0.0143921585174259
usa,accruals,monthly,ew,6,1992-01-31,0.0597857370904549
usa,accruals,monthly,ew,6,1992-02-29,0.0248735154119995
usa,accruals,monthly,ew,6,1992-03-31,0.0194541954820288
usa,accruals,monthly,ew,6,1992-04-30,0.00999973259432839
usa,accruals,monthly,ew,6,1992-05-31,0.00518493893230882
usa,accruals,monthly,ew,6,1992-06-30,0.00921841036950822
usa,accruals,monthly,ew,6,1992-07-31,0.000712157745329117
usa,accruals,monthly,ew,6,1992-08-31,0.00270985002139644
usa,accruals,monthly,ew,6,1992-09-30,0.00721821850805169
usa,accruals,monthly,ew,6,1992-10-31,-0.00501823606315032
usa,accruals,monthly,ew,6,1992-11-30,-0.00493298855584398
usa,accruals,monthly,ew,6,1992-12-31,0.00120990672399851
usa,accruals,monthly,ew,6,1993-01-31,0.0257509377678151
usa,accruals,monthly,ew,6,1993-02-28,0.021159642866138
usa,accruals,monthly,ew,6,1993-03-31,0.0188259473201459
usa,accruals,monthly,ew,6,1993-04-30,0.0136904587533718
usa,accruals,monthly,ew,6,1993-05-31,0.00301191458352221
usa,accruals,monthly,ew,6,1993-06-30,0.00795128174821169
usa,accruals,monthly,ew,6,1993-07-31,0.00904485267902684
usa,accruals,monthly,ew,6,1993-08-31,-0.00704438595128525
usa,accruals,monthly,ew,6,1993-09-30,0.00204688092724969
usa,accruals,monthly,ew,6,1993-10-31,0.00153690765110408
usa,accruals,monthly,ew,6,1993-11-30,0.00701599146035979
usa,accruals,monthly,ew,6,1993-12-31,-0.00653943192077683
usa,accruals,monthly,ew,6,1994-01-31,0.0139520908312177
usa,accruals,monthly,ew,6,1994-02-28,0.00911234100550351
usa,accruals,monthly,ew,6,1994-03-31,0.0130609634511227
usa,accruals,monthly,ew,6,1994-04-30,0.0112090261350637
usa,accruals,monthly,ew,6,1994-05-31,0.00832474884388443
usa,accruals,monthly,ew,6,1994-06-30,0.00875661396164591
usa,accruals,monthly,ew,6,1994-07-31,0.00220256684240841
usa,accruals,monthly,ew,6,1994-08-31,-0.00468637845006487
usa,accruals,monthly,ew,6,1994-09-30,0.00371211474550443
usa,accruals,monthly,ew,6,1994-10-31,0.00532798321998094
usa,accruals,monthly,ew,6,1994-11-30,-0.00543943865630167
usa,accruals,monthly,ew,6,1994-12-31,0.00135535545682052
usa,accruals,monthly,ew,6,1995-01-31,0.0086626476910649
usa,accruals,monthly,ew,6,1995-02-28,0.00519254044865533
usa,accruals,monthly,ew,6,1995-03-31,0.0057705001717537
usa,accruals,monthly,ew,6,1995-04-30,0.00425235321625777
usa,accruals,monthly,ew,6,1995-05-31,0.00263199985346192
usa,accruals,monthly,ew,6,1995-06-30,-0.00663559024903335
usa,accruals,monthly,ew,6,1995-07-31,-0.0124338381255697
usa,accruals,monthly,ew,6,1995-08-31,0.00959510705108384
usa,accruals,monthly,ew,6,1995-09-30,0.00426297555178452
usa,accruals,monthly,ew,6,1995-10-31,0.00417111015663001
usa,accruals,monthly,ew,6,1995-11-30,-0.00111452681480899
usa,accruals,monthly,ew,6,1995-12-31,0.0061490772473086
usa,accruals,monthly,ew,6,1996-01-31,0.0149141548250457
usa,accruals,monthly,ew,6,1996-02-29,-0.00455338031259703
usa,accruals,monthly,ew,6,1996-03-31,0.0136752413458115
usa,accruals,monthly,ew,6,1996-04-30,-0.00392319766361433
usa,accruals,monthly,ew,6,1996-05-31,-0.000821055239115299
usa,accruals,monthly,ew,6,1996-06-30,0.0212832723515736
usa,accruals,monthly,ew,6,1996-07-31,0.0122609418138581
usa,accruals,monthly,ew,6,1996-08-31,-0.00131797152949419
usa,accruals,monthly,ew,6,1996-09-30,0.0024713915417172
usa,accruals,monthly,ew,6,1996-10-31,0.0107395730129476
usa,accruals,monthly,ew,6,1996-11-30,-0.00418789163544232
usa,accruals,monthly,ew,6,1996-12-31,-0.00193322446841278
usa,accruals,monthly,ew,6,1997-01-31,-0.00849491721806916
usa,accruals,monthly,ew,6,1997-02-28,0.0127325014337658
usa,accruals,monthly,ew,6,1997-03-31,0.0171596766850105
usa,accruals,monthly,ew,6,1997-04-30,0.0041140827923804
usa,accruals,monthly,ew,6,1997-05-31,-0.0127892233972756
usa,accruals,monthly,ew,6,1997-06-30,-0.00127720282322639
usa,accruals,monthly,ew,6,1997-07-31,-0.000447871370978426
usa,accruals,monthly,ew,6,1997-08-31,-0.000426380939091417
usa,accruals,monthly,ew,6,1997-09-30,0.00464161444367503
usa,accruals,monthly,ew,6,1997-10-31,0.0112686056317798
usa,accruals,monthly,ew,6,1997-11-30,0.00183633084122665
usa,accruals,monthly,ew,6,1997-12-31,0.00328796622636831
usa,accruals,monthly,ew,6,1998-01-31,0.00883032868999076
usa,accruals,monthly,ew,6,1998-02-28,-0.00374206435438813
usa,accruals,monthly,ew,6,1998-03-31,0.00692457067935349
usa,accruals,monthly,ew,6,1998-04-30,0.00619329328718872
usa,accruals,monthly,ew,6,1998-05-31,0.00533111000639467
usa,accruals,monthly,ew,6,1998-06-30,0.00563154165462112
usa,accruals,monthly,ew,6,1998-07-31,0.00527184976291148
usa,accruals,monthly,ew,6,1998-08-31,0.00918186171031819
usa,accruals,monthly,ew,6,1998-09-30,0.0133728919991579
usa,accruals,monthly,ew,6,1998-10-31,-0.0110904300517621
usa,accruals,monthly,ew,6,1998-11-30,-0.00607531677096525
usa,accruals,monthly,ew,6,1998-12-31,-0.0152582278679056
usa,accruals,monthly,ew,6,1999-01-31,0.0143728729030307
usa,accruals,monthly,ew,6,1999-02-28,0.00175097248397769
usa,accruals,monthly,ew,6,1999-03-31,0.0267490408924825
usa,accruals,monthly,ew,6,1999-04-30,0.0196241435448433
usa,accruals,monthly,ew,6,1999-05-31,-0.00379415563055367
usa,accruals,monthly,ew,6,1999-06-30,0.00718446470712035
usa,accruals,monthly,ew,6,1999-07-31,0.0106551433814516
usa,accruals,monthly,ew,6,1999-08-31,0.00124741145417075
usa,accruals,monthly,ew,6,1999-09-30,0.00726046762244627
usa,accruals,monthly,ew,6,1999-10-31,0.00266278276165768
usa,accruals,monthly,ew,6,1999-11-30,0.0121069480683999
usa,accruals,monthly,ew,6,1999-12-31,0.00556776533164248
usa,accruals,monthly,ew,6,2000-01-31,0.00869520496017848
usa,accruals,monthly,ew,6,2000-02-29,-0.0106461112774884
usa,accruals,monthly,ew,6,2000-03-31,0.0066268741913589
usa,accruals,monthly,ew,6,2000-04-30,-0.00656570988944192
usa,accruals,monthly,ew,6,2000-05-31,0.00563834338217643
usa,accruals,monthly,ew,6,2000-06-30,-0.000463144937769234
usa,accruals,monthly,ew,6,2000-07-31,0.000959785583009843
usa,accruals,monthly,ew,6,2000-08-31,-0.0112964265430825
usa,accruals,monthly,ew,6,2000-09-30,0.0053426547460118
usa,accruals,monthly,ew,6,2000-10-31,-0.00379166086811037
usa,accruals,monthly,ew,6,2000-11-30,-0.00536103724622263
usa,accruals,monthly,ew,6,2000-12-31,0.00301280569665006
usa,accruals,monthly,ew,6,2001-01-31,0.0191173609571613
usa,accruals,monthly,ew,6,2001-02-28,0.00946500262374276
usa,accruals,monthly,ew,6,2001-03-31,-0.00243663360775533
usa,accruals,monthly,ew,6,2001-04-30,-0.00563527263283436
usa,accruals,monthly,ew,6,2001-05-31,0.00594119200684575
usa,accruals,monthly,ew,6,2001-06-30,-0.013656350792402
usa,accruals,monthly,ew,6,2001-07-31,0.0047241225104384
usa,accruals,monthly,ew,6,2001-08-31,-0.00467820145434176
usa,accruals,monthly,ew,6,2001-09-30,-0.013523960889052
usa,accruals,monthly,ew,6,2001-10-31,-0.00489916439989263
usa,accruals,monthly,ew,6,2001-11-30,0.000298495416521184
usa,accruals,monthly,ew,6,2001-12-31,-0.000889099022033962
usa,accruals,monthly,ew,6,2002-01-31,0.0168965023737528
usa,accruals,monthly,ew,6,2002-02-28,-0.00860974648452404
usa,accruals,monthly,ew,6,2002-03-31,0.0124651048719184
usa,accruals,monthly,ew,6,2002-04-30,0.00652492058491387
usa,accruals,monthly,ew,6,2002-05-31,-0.00719853721038621
usa,accruals,monthly,ew,6,2002-06-30,-0.00714848688015788
usa,accruals,monthly,ew,6,2002-07-31,-0.0105958059639894
usa,accruals,monthly,ew,6,2002-08-31,0.00164830082173294
usa,accruals,monthly,ew,6,2002-09-30,-0.00673282250644094
usa,accruals,monthly,ew,6,2002-10-31,0.00851126590351303
usa,accruals,monthly,ew,6,2002-11-30,0.0298572614133029
usa,accruals,monthly,ew,6,2002-12-31,-0.0115081599825943
usa,accruals,monthly,ew,6,2003-01-31,-0.00225055660961082
usa,accruals,monthly,ew,6,2003-02-28,0.00541489344343138
usa,accruals,monthly,ew,6,2003-03-31,-0.00916532471086349
usa,accruals,monthly,ew,6,2003-04-30,-0.0016653578668441
usa,accruals,monthly,ew,6,2003-05-31,0.0177171191509949
usa,accruals,monthly,ew,6,2003-06-30,-0.00126336333356839
usa,accruals,monthly,ew,6,2003-07-31,0.00354711618175911
usa,accruals,monthly,ew,6,2003-08-31,0.0109001796600033
usa,accruals,monthly,ew,6,2003-09-30,-0.000851882183077049
usa,accruals,monthly,ew,6,2003-10-31,0.00336729836523892
usa,accruals,monthly,ew,6,2003-11-30,0.00913697751452318
usa,accruals,monthly,ew,6,2003-12-31,0.00466163642662482
usa,accruals,monthly,ew,6,2004-01-31,0.0208071117028815
usa,accruals,monthly,ew,6,2004-02-29,0.0012508509248966
usa,accruals,monthly,ew,6,2004-03-31,-0.00163613451942594
usa,accruals,monthly,ew,6,2004-04-30,0.00134406787246223
usa,accruals,monthly,ew,6,2004-05-31,-0.000837913449314805
usa,accruals,monthly,ew,6,2004-06-30,0.00344228471299567
usa,accruals,monthly,ew,6,2004-07-31,0.0126917659514516
usa,accruals,monthly,ew,6,2004-08-31,-0.00148827975742309
usa,accruals,monthly,ew,6,2004-09-30,0.0042362413736828
usa,accruals,monthly,ew,6,2004-10-31,0.00583461185679256
usa,accruals,monthly,ew,6,2004-11-30,0.000434339291461695
usa,accruals,monthly,ew,6,2004-12-31,-0.0110518320613833
usa,accruals,monthly,ew,6,2005-01-31,0.000936405474804401
usa,accruals,monthly,ew,6,2005-02-28,0.00554376942148634
usa,accruals,monthly,ew,6,2005-03-31,0.0120105960560829
usa,accruals,monthly,ew,6,2005-04-30,0.000421449108873703
usa,accruals,monthly,ew,6,2005-05-31,-0.00161346765017025
usa,accruals,monthly,ew,6,2005-06-30,0.00673446747679044
usa,accruals,monthly,ew,6,2005-07-31,-0.00425229164832383
usa,accruals,monthly,ew,6,2005-08-31,0.00328536445262188
usa,accruals,monthly,ew,6,2005-09-30,0.00339054413327469
usa,accruals,monthly,ew,6,2005-10-31,-0.00166586668298288
usa,accruals,monthly,ew,6,2005-11-30,-0.000923345367222645
usa,accruals,monthly,ew,6,2005-12-31,0.00573343116768642
usa,accruals,monthly,ew,6,2006-01-31,0.00120827176361353
usa,accruals,monthly,ew,6,2006-02-28,0.00265333291759083
usa,accruals,monthly,ew,6,2006-03-31,0.00864063487210164
usa,accruals,monthly,ew,6,2006-04-30,0.000347784704856129
usa,accruals,monthly,ew,6,2006-05-31,-0.00597795957515306
usa,accruals,monthly,ew,6,2006-06-30,-0.00336007439155205
usa,accruals,monthly,ew,6,2006-07-31,-0.00314957788375231
usa,accruals,monthly,ew,6,2006-08-31,0.00342532764985127
usa,accruals,monthly,ew,6,2006-09-30,-0.00271615642167746
usa,accruals,monthly,ew,6,2006-10-31,-0.00089219522410195
usa,accruals,monthly,ew,6,2006-11-30,0.00396356094508318
usa,accruals,monthly,ew,6,2006-12-31,0.00334063629185052
usa,accruals,monthly,ew,6,2007-01-31,0.0064834296465041
usa,accruals,monthly,ew,6,2007-02-28,0.00139005997629287
usa,accruals,monthly,ew,6,2007-03-31,0.00354641768251853
usa,accruals,monthly,ew,6,2007-04-30,0.000620174839750173
usa,accruals,monthly,ew,6,2007-05-31,0.00257294075485458
usa,accruals,monthly,ew,6,2007-06-30,0.000164028478980698
usa,accruals,monthly,ew,6,2007-07-31,-0.00260121326951094
usa,accruals,monthly,ew,6,2007-08-31,-0.0118935967167629
usa,accruals,monthly,ew,6,2007-09-30,-0.00435556184677772
usa,accruals,monthly,ew,6,2007-10-31,0.00926230394093934
usa,accruals,monthly,ew,6,2007-11-30,-0.004485003843914
usa,accruals,monthly,ew,6,2007-12-31,-0.000378332888209229
usa,accruals,monthly,ew,6,2008-01-31,-0.00569065957178095
usa,accruals,monthly,ew,6,2008-02-29,0.00508036766689825
usa,accruals,monthly,ew,6,2008-03-31,-0.00024608416883642
usa,accruals,monthly,ew,6,2008-04-30,0.00255886783584988
usa,accruals,monthly,ew,6,2008-05-31,0.00919434793622686
usa,accruals,monthly,ew,6,2008-06-30,0.00194211399246499
usa,accruals,monthly,ew,6,2008-07-31,-0.00657418699334729
usa,accruals,monthly,ew,6,2008-08-31,0.00758861377297944
usa,accruals,monthly,ew,6,2008-09-30,-0.0129712432928667
usa,accruals,monthly,ew,6,2008-10-31,-0.0142610232284093
usa,accruals,monthly,ew,6,2008-11-30,-0.013703816393945
usa,accruals,monthly,ew,6,2008-12-31,-0.00585023597903307
usa,accruals,monthly,ew,6,2009-01-31,0.0102727602322104
usa,accruals,monthly,ew,6,2009-02-28,-0.00971490868462286
usa,accruals,monthly,ew,6,2009-03-31,0.00815455538840621
usa,accruals,monthly,ew,6,2009-04-30,0.0440345120484757
usa,accruals,monthly,ew,6,2009-05-31,0.0266349557095908
usa,accruals,monthly,ew,6,2009-06-30,0.00680481046956701
usa,accruals,monthly,ew,6,2009-07-31,0.0215107405345643
usa,accruals,monthly,ew,6,2009-08-31,0.0149553456185006
usa,accruals,monthly,ew,6,2009-09-30,0.0123566932531364
usa,accruals,monthly,ew,6,2009-10-31,0.000921025690282102
usa,accruals,monthly,ew,6,2009-11-30,0.00965841532051528
usa,accruals,monthly,ew,6,2009-12-31,0.0105748964799156
usa,accruals,monthly,ew,6,2010-01-31,-0.00205447411340754
usa,accruals,monthly,ew,6,2010-02-28,0.00874498979415929
usa,accruals,monthly,ew,6,2010-03-31,0.0113749287170147
usa,accruals,monthly,ew,6,2010-04-30,0.0165903699568936
usa,accruals,monthly,ew,6,2010-05-31,-0.000528800043753129
usa,accruals,monthly,ew,6,2010-06-30,-0.00388456411106273
usa,accruals,monthly,ew,6,2010-07-31,0.0196463917673085
usa,accruals,monthly,ew,6,2010-08-31,0.000534977148202128
usa,accruals,monthly,ew,6,2010-09-30,0.00745130213003413
usa,accruals,monthly,ew,6,2010-10-31,0.00361179288837796
usa,accruals,monthly,ew,6,2010-11-30,0.00457599540074476
usa,accruals,monthly,ew,6,2010-12-31,0.00802953895251691
usa,accruals,monthly,ew,6,2011-01-31,0.00488296262593566
usa,accruals,monthly,ew,6,2011-02-28,0.00385616538739132
usa,accruals,monthly,ew,6,2011-03-31,0.0104222626438864
usa,accruals,monthly,ew,6,2011-04-30,0.0055497287824158
usa,accruals,monthly,ew,6,2011-05-31,0.00704525382279647
usa,accruals,monthly,ew,6,2011-06-30,-0.00208909699729774
usa,accruals,monthly,ew,6,2011-07-31,0.00389480939206725
usa,accruals,monthly,ew,6,2011-08-31,0.00108089107488233
usa,accruals,monthly,ew,6,2011-09-30,-0.0058475890116221
usa,accruals,monthly,ew,6,2011-10-31,-0.000315656419963402
usa,accruals,monthly,ew,6,2011-11-30,-0.000379040397667734
usa,accruals,monthly,ew,6,2011-12-31,0.0028163735439497
usa,accruals,monthly,ew,6,2012-01-31,-0.00764612370883382
usa,accruals,monthly,ew,6,2012-02-29,0.00602345308055809
usa,accruals,monthly,ew,6,2012-03-31,0.00250724933469352
usa,accruals,monthly,ew,6,2012-04-30,0.00239751831391586
usa,accruals,monthly,ew,6,2012-05-31,0.000907074807745807
usa,accruals,monthly,ew,6,2012-06-30,0.000552559246042999
usa,accruals,monthly,ew,6,2012-07-31,0.000766859645385423
usa,accruals,monthly,ew,6,2012-08-31,-0.00687565459401241
usa,accruals,monthly,ew,6,2012-09-30,0.00989579184547449
usa,accruals,monthly,ew,6,2012-10-31,-0.00574422253565528
usa,accruals,monthly,ew,6,2012-11-30,-0.00510410422529321
usa,accruals,monthly,ew,6,2012-12-31,0.0026343635151562
usa,accruals,monthly,ew,6,2013-01-31,0.000247201484699221
usa,accruals,monthly,ew,6,2013-02-28,-0.00238531957137326
usa,accruals,monthly,ew,6,2013-03-31,0.00283564518946372
usa,accruals,monthly,ew,6,2013-04-30,0.00427071471593303
usa,accruals,monthly,ew,6,2013-05-31,0.00201494572310872
usa,accruals,monthly,ew,6,2013-06-30,-0.00177518857639023
usa,accruals,monthly,ew,6,2013-07-31,0.00355728300773197
usa,accruals,monthly,ew,6,2013-08-31,0.00105330732208963
usa,accruals,monthly,ew,6,2013-09-30,0.0033771270125028
usa,accruals,monthly,ew,6,2013-10-31,0.00600144470788237
usa,accruals,monthly,ew,6,2013-11-30,-0.0134383893972452
usa,accruals,monthly,ew,6,2013-12-31,0.00138902394074511
usa,accruals,monthly,ew,6,2014-01-31,0.00537743542200691
usa,accruals,monthly,ew,6,2014-02-28,0.00167120266524907
usa,accruals,monthly,ew,6,2014-03-31,0.00104415716328613
usa,accruals,monthly,ew,6,2014-04-30,0.00189387827675081
usa,accruals,monthly,ew,6,2014-05-31,-0.0022900305469314
usa,accruals,monthly,ew,6,2014-06-30,0.00576417943743742
usa,accruals,monthly,ew,6,2014-07-31,-0.00114416405303952
usa,accruals,monthly,ew,6,2014-08-31,-0.000382242708549871
usa,accruals,monthly,ew,6,2014-09-30,-0.0102721304384786
usa,accruals,monthly,ew,6,2014-10-31,-0.0184244610808102
usa,accruals,monthly,ew,6,2014-11-30,-0.00691180576601128
usa,accruals,monthly,ew,6,2014-12-31,-0.000525680955283079
usa,accruals,monthly,ew,6,2015-01-31,0.00249740948105533
usa,accruals,monthly,ew,6,2015-02-28,0.000260199721598689
usa,accruals,monthly,ew,6,2015-03-31,-0.00817437229252494
usa,accruals,monthly,ew,6,2015-04-30,0.0122384639076952
usa,accruals,monthly,ew,6,2015-05-31,-0.00950813863442909
usa,accruals,monthly,ew,6,2015-06-30,-0.0117381399857082
usa,accruals,monthly,ew,6,2015-07-31,-0.0163971813811269
usa,accruals,monthly,ew,6,2015-08-31,0.0047088906960383
usa,accruals,monthly,ew,6,2015-09-30,-0.00845388610567154
usa,accruals,monthly,ew,6,2015-10-31,0.0100112956063216
usa,accruals,monthly,ew,6,2015-11-30,-0.0147652120221936
usa,accruals,monthly,ew,6,2015-12-31,-0.00780465879113607
usa,accruals,monthly,ew,6,2016-01-31,-0.00225325272186396
usa,accruals,monthly,ew,6,2016-02-29,0.0128900743596991
usa,accruals,monthly,ew,6,2016-03-31,0.0225224474903821
usa,accruals,monthly,ew,6,2016-04-30,0.0188543891647431
usa,accruals,monthly,ew,6,2016-05-31,-0.015230312374518
usa,accruals,monthly,ew,6,2016-06-30,0.0180379480999557
usa,accruals,monthly,ew,6,2016-07-31,0.00428967283116737
usa,accruals,monthly,ew,6,2016-08-31,-0.00241327750374409
usa,accruals,monthly,ew,6,2016-09-30,0.000967297974970612
usa,accruals,monthly,ew,6,2016-10-31,0.000958636333928082
usa,accruals,monthly,ew,6,2016-11-30,0.00203877923246833
usa,accruals,monthly,ew,6,2016-12-31,-0.00377461587827611
usa,accruals,monthly,ew,6,2017-01-31,0.00312834333322221
usa,accruals,monthly,ew,6,2017-02-28,-0.0116474167790286
usa,accruals,monthly,ew,6,2017-03-31,-0.00380074947336352
usa,accruals,monthly,ew,6,2017-04-30,-0.0071336583728906
usa,accruals,monthly,ew,6,2017-05-31,-0.00224808227728673
usa,accruals,monthly,ew,6,2017-06-30,-0.00807248484048888
usa,accruals,monthly,ew,6,2017-07-31,-0.000940011286977781
usa,accruals,monthly,ew,6,2017-08-31,-0.0000863311779758331
usa,accruals,monthly,ew,6,2017-09-30,0.00532627307171853
usa,accruals,monthly,ew,6,2017-10-31,-0.00371958249387672
usa,accruals,monthly,ew,6,2017-11-30,0.0100577068635377
usa,accruals,monthly,ew,6,2017-12-31,0.00819257947234035
usa,accruals,monthly,ew,6,2018-01-31,-0.00214635472886201
usa,accruals,monthly,ew,6,2018-02-28,0.00142249034672799
usa,accruals,monthly,ew,6,2018-03-31,0.0015173220805822
usa,accruals,monthly,ew,6,2018-04-30,0.00901521990288325
usa,accruals,monthly,ew,6,2018-05-31,0.00525708926296709
usa,accruals,monthly,ew,6,2018-06-30,0.00717637738579173
usa,accruals,monthly,ew,6,2018-07-31,-0.000581907571254953
usa,accruals,monthly,ew,6,2018-08-31,-0.000767188836839301
usa,accruals,monthly,ew,6,2018-09-30,0.00685683458416896
usa,accruals,monthly,ew,6,2018-10-31,0.00437401359528762
usa,accruals,monthly,ew,6,2018-11-30,-0.00466918614733797
usa,accruals,monthly,ew,6,2018-12-31,-0.000962926186560432
usa,accruals,monthly,ew,6,2019-01-31,-0.00139692401830462
usa,accruals,monthly,ew,6,2019-02-28,-0.00351104252687004
usa,accruals,monthly,ew,6,2019-03-31,-0.0035121966026822
usa,accruals,monthly,ew,6,2019-04-30,-0.00127476223255856
usa,accruals,monthly,ew,6,2019-05-31,-0.00430807470508165
usa,accruals,monthly,ew,6,2019-06-30,-0.00456622847638472
usa,accruals,monthly,ew,6,2019-07-31,0.0024843768275502
usa,accruals,monthly,ew,6,2019-08-31,-0.00612002803326048
usa,accruals,monthly,ew,6,2019-09-30,0.00647969034375077
usa,accruals,monthly,ew,6,2019-10-31,-0.00302742456693141
usa,accruals,monthly,ew,6,2019-11-30,-0.000963976058270606
usa,accruals,monthly,ew,6,2019-12-31,-0.00346377408169811
usa,accruals,monthly,ew,6,2020-01-31,-0.00505395715174851
usa,accruals,monthly,ew,6,2020-02-29,-0.00676498450675696
usa,accruals,monthly,ew,6,2020-03-31,-0.0195130609341049
usa,accruals,monthly,ew,6,2020-04-30,0.0511864592323949
usa,accruals,monthly,ew,6,2020-05-31,-0.00560779746859891
usa,accruals,monthly,ew,6,2020-06-30,0.0242045767977904
usa,accruals,monthly,ew,6,2020-07-31,0.0122525136572184
usa,accruals,monthly,ew,6,2020-08-31,0.00836233006967521
usa,accruals,monthly,ew,6,2020-09-30,-0.00880325520432642
usa,accruals,monthly,ew,6,2020-10-31,-0.00156244904490103
usa,accruals,monthly,ew,6,2020-11-30,0.0383924945539094
usa,accruals,monthly,ew,6,2020-12-31,0.00205111895439736
usa,accruals,monthly,ew,6,2021-01-31,0.00611412521005973
usa,accruals,monthly,ew,6,2021-02-28,0.00765597906465569
usa,accruals,monthly,ew,6,2021-03-31,-0.00394441310297759
usa,accruals,monthly,ew,6,2021-04-30,0.0092971867590342
usa,accruals,monthly,ew,6,2021-05-31,0.0207539717548668
usa,accruals,monthly,ew,6,2021-06-30,0.0140583722242737
usa,accruals,monthly,ew,6,2021-07-31,0.00165500773476553
usa,accruals,monthly,ew,6,2021-08-31,0.0074550861964521
usa,accruals,monthly,ew,6,2021-09-30,0.00547513765257612
usa,accruals,monthly,ew,6,2021-10-31,-0.00164304488040707
usa,accruals,monthly,ew,6,2021-11-30,-0.00652737138674968
usa,accruals,monthly,ew,6,2021-12-31,0.00679587030794305
usa,accruals,monthly,ew,6,2022-01-31,0.0027875522240273
usa,accruals,monthly,ew,6,2022-02-28,0.00311923579422793
usa,accruals,monthly,ew,6,2022-03-31,0.00530937864743791
usa,accruals,monthly,ew,6,2022-04-30,0.00219131323155183
usa,accruals,monthly,ew,6,2022-05-31,-0.00597337117316989
usa,accruals,monthly,ew,6,2022-06-30,-0.00315470382397551
usa,accruals,monthly,ew,6,2022-07-31,-0.00640634309657392
usa,accruals,monthly,ew,6,2022-08-31,0.0104816193579261
usa,accruals,monthly,ew,6,2022-09-30,0.00373956496218855
usa,accruals,monthly,ew,6,2022-10-31,0.00275448253160731
usa,accruals,monthly,ew,6,2022-11-30,-0.0123056404620315
usa,accruals,monthly,ew,6,2022-12-31,0.000770092887018613
usa,accruals,monthly,ew,6,2023-01-31,0.00607524799705831
usa,accruals,monthly,ew,6,2023-02-28,-0.0110123339564966
usa,accruals,monthly,ew,6,2023-03-31,-0.00258158444187602
usa,accruals,monthly,ew,6,2023-04-30,-0.00896858500415694
usa,accruals,monthly,ew,6,2023-05-31,0.000566902564183494
usa,accruals,monthly,ew,6,2023-06-30,-0.0118313028985982
usa,accruals,monthly,ew,6,2023-07-31,0.0136661586744238
usa,accruals,monthly,ew,6,2023-08-31,-0.0110042176676527
usa,accruals,monthly,ew,6,2023-09-30,-0.0151344954978924
usa,accruals,monthly,ew,6,2023-10-31,-0.00297708705889143
usa,accruals,monthly,ew,6,2023-11-30,0.0199826643326308
usa,accruals,monthly,ew,6,2023-12-31,0.00515338740406388
usa,accruals,monthly,ew,6,2024-01-31,-0.00226618568846732
usa,accruals,monthly,ew,6,2024-02-29,-0.0144993141302717
usa,accruals,monthly,ew,6,2024-03-31,0.000942984901398752
usa,accruals,monthly,ew,6,2024-04-30,-0.00398285653978716
usa,accruals,monthly,ew,6,2024-05-31,0.00393266297106946
usa,accruals,monthly,ew,6,2024-06-30,-0.00503754621254135
usa,accruals,monthly,ew,6,2024-07-31,-0.00258448992858683
usa,accruals,monthly,ew,6,2024-08-31,-0.00930322849030125
usa,accruals,monthly,ew,6,2024-09-30,0.000176128122858355
usa,accruals,monthly,ew,6,2024-10-31,-0.00215297622473087
usa,accruals,monthly,ew,6,2024-11-30,0.00601521348396729
usa,accruals,monthly,ew,6,2024-12-31,0.00812820000119711
usa,debt_issuance,monthly,ew,4,1951-11-30,-0.0257636437960317
usa,debt_issuance,monthly,ew,4,1951-12-31,-0.00270651071465278
usa,debt_issuance,monthly,ew,4,1952-01-31,0.0242870119465657
usa,debt_issuance,monthly,ew,4,1952-02-29,0.00337404961055194
usa,debt_issuance,monthly,ew,4,1952-03-31,-0.0138871649860475
usa,debt_issuance,monthly,ew,4,1952-04-30,-0.00650988256981912
usa,debt_issuance,monthly,ew,4,1952-05-31,-0.00679057385424725
usa,debt_issuance,monthly,ew,4,1952-06-30,-0.000492848517979304
usa,debt_issuance,monthly,ew,4,1952-07-31,0.00218485620133084
usa,debt_issuance,monthly,ew,4,1952-08-31,0.00558954237420695
usa,debt_issuance,monthly,ew,4,1952-09-30,0.004427689404131
usa,debt_issuance,monthly,ew,4,1952-10-31,0.00423155419937418
usa,debt_issuance,monthly,ew,4,1952-11-30,-0.00656929572972595
usa,debt_issuance,monthly,ew,4,1952-12-31,-0.00396988750241761
usa,debt_issuance,monthly,ew,4,1953-01-31,0.00152575623772343
usa,debt_issuance,monthly,ew,4,1953-02-28,-0.0013713408572831
usa,debt_issuance,monthly,ew,4,1953-03-31,-0.00231721650665806
usa,debt_issuance,monthly,ew,4,1953-04-30,-0.00106409052744135
usa,debt_issuance,monthly,ew,4,1953-05-31,0.00429277493312539
usa,debt_issuance,monthly,ew,4,1953-06-30,0.00124086972777364
usa,debt_issuance,monthly,ew,4,1953-07-31,-0.00435542313142226
usa,debt_issuance,monthly,ew,4,1953-08-31,0.00338085441304151
usa,debt_issuance,monthly,ew,4,1953-09-30,-0.00310292214297013
usa,debt_issuance,monthly,ew,4,1953-10-31,0.00118481314667763
usa,debt_issuance,monthly,ew,6,1953-11-30,-0.000600366760564642
usa,debt_issuance,monthly,ew,6,1953-12-31,-0.0113628305427099
usa,debt_issuance,monthly,ew,6,1954-01-31,0.00391375087329352
usa,debt_issuance,monthly,ew,6,1954-02-28,-0.00393281022401905
usa,debt_issuance,monthly,ew,6,1954-03-31,-0.0106076399508688
usa,debt_issuance,monthly,ew,6,1954-04-30,0.00202526212209334
usa,debt_issuance,monthly,ew,6,1954-05-31,0.000146824583243774
usa,debt_issuance,monthly,ew,6,1954-06-30,0.0000349046423112094
usa,debt_issuance,monthly,ew,6,1954-07-31,0.00474357896208372
usa,debt_issuance,monthly,ew,6,1954-08-31,0.00540972650581447
usa,debt_issuance,monthly,ew,6,1954-09-30,-0.00761107081454037
usa,debt_issuance,monthly,ew,6,1954-10-31,0.010223578038581
usa,debt_issuance,monthly,ew,6,1954-11-30,0.000633590862379544
usa,debt_issuance,monthly,ew,6,1954-12-31,0.00372877332918587
usa,debt_issuance,monthly,ew,6,1955-01-31,0.00235410284089491
usa,debt_issuance,monthly,ew,6,1955-02-28,0.0062909046185739
usa,debt_issuance,monthly,ew,6,1955-03-31,0.000499243393616601
usa,debt_issuance,monthly,ew,6,1955-04-30,-0.00469919571363195
usa,debt_issuance,monthly,ew,6,1955-05-31,-0.00375026210145686
usa,debt_issuance,monthly,ew,6,1955-06-30,-0.00426296875766741
usa,debt_issuance,monthly,ew,6,1955-07-31,-0.00386908387174632
usa,debt_issuance,monthly,ew,6,1955-08-31,0.0106625996924747
usa,debt_issuance,monthly,ew,6,1955-09-30,-0.00288484231835526
usa,debt_issuance,monthly,ew,6,1955-10-31,0.00407539895278081
usa,debt_issuance,monthly,ew,7,1955-11-30,0.00920401471711543
usa,debt_issuance,monthly,ew,7,1955-12-31,0.00488005079931923
usa,debt_issuance,monthly,ew,7,1956-01-31,-0.000934666739495225
usa,debt_issuance,monthly,ew,7,1956-02-29,0.00676177305320621
usa,debt_issuance,monthly,ew,7,1956-03-31,-0.0036387353437212
usa,debt_issuance,monthly,ew,7,1956-04-30,-0.00503127326485227
usa,debt_issuance,monthly,ew,7,1956-05-31,-0.00461912175574798
usa,debt_issuance,monthly,ew,7,1956-06-30,0.00156113678040332
usa,debt_issuance,monthly,ew,7,1956-07-31,-0.00230823622581715
usa,debt_issuance,monthly,ew,7,1956-08-31,0.00149147933210532
usa,debt_issuance,monthly,ew,7,1956-09-30,0.000604766859234707
usa,debt_issuance,monthly,ew,7,1956-10-31,0.00115608132696617
usa,debt_issuance,monthly,ew,7,1956-11-30,0.00471308148537015
usa,debt_issuance,monthly,ew,7,1956-12-31,0.00150693783122643
usa,debt_issuance,monthly,ew,7,1957-01-31,-0.000695727649381327
usa,debt_issuance,monthly,ew,7,1957-02-28,-0.00239797638445376
usa,debt_issuance,monthly,ew,7,1957-03-31,0.000363774955069078
usa,debt_issuance,monthly,ew,7,1957-04-30,-0.00500089082427749
usa,debt_issuance,monthly,ew,7,1957-05-31,0.000505084941722431
usa,debt_issuance,monthly,ew,7,1957-06-30,0.00545973948625092
usa,debt_issuance,monthly,ew,7,1957-07-31,-0.000342552219764073
usa,debt_issuance,monthly,ew,7,1957-08-31,0.00755825910001538
usa,debt_issuance,monthly,ew,7,1957-09-30,0.00822987990443537
usa,debt_issuance,monthly,ew,7,1957-10-31,-0.00311771876547004
usa,debt_issuance,monthly,ew,7,1957-11-30,0.00168053395568887
usa,debt_issuance,monthly,ew,7,1957-12-31,0.00128074308644143
usa,debt_issuance,monthly,ew,7,1958-01-31,-0.00733065337799098
usa,debt_issuance,monthly,ew,7,1958-02-28,0.000930508046334608
usa,debt_issuance,monthly,ew,7,1958-03-31,0.00512817578755457
usa,debt_issuance,monthly,ew,7,1958-04-30,0.0106388656133688
usa,debt_issuance,monthly,ew,7,1958-05-31,0.00237734129912898
usa,debt_issuance,monthly,ew,7,1958-06-30,-0.000447391565496523
usa,debt_issuance,monthly,ew,7,1958-07-31,0.00129448314182817
usa,debt_issuance,monthly,ew,7,1958-08-31,0.00987193512398079
usa,debt_issuance,monthly,ew,7,1958-09-30,0.000652127465929686
usa,debt_issuance,monthly,ew,7,1958-10-31,-0.0041260532146929
usa,debt_issuance,monthly,ew,7,1958-11-30,0.00448329257259512
usa,debt_issuance,monthly,ew,7,1958-12-31,0.00228713887708687
usa,debt_issuance,monthly,ew,7,1959-01-31,0.00904908825420061
usa,debt_issuance,monthly,ew,7,1959-02-28,0.00487495696052944
usa,debt_issuance,monthly,ew,7,1959-03-31,0.00181445358074925
usa,debt_issuance,monthly,ew,7,1959-04-30,0.0106725230507281
usa,debt_issuance,monthly,ew,7,1959-05-31,0.00778873156517244
usa,debt_issuance,monthly,ew,7,1959-06-30,0.000690060299079407
usa,debt_issuance,monthly,ew,7,1959-07-31,0.000916004384561036
usa,debt_issuance,monthly,ew,7,1959-08-31,0.00856500057961403
usa,debt_issuance,monthly,ew,7,1959-09-30,0.000873565450156576
usa,debt_issuance,monthly,ew,7,1959-10-31,0.0032123438699309
usa,debt_issuance,monthly,ew,7,1959-11-30,0.00920759666703067
usa,debt_issuance,monthly,ew,7,1959-12-31,-0.000443008540839195
usa,debt_issuance,monthly,ew,7,1960-01-31,0.00167654313198181
usa,debt_issuance,monthly,ew,7,1960-02-29,0.0132111244209738
usa,debt_issuance,monthly,ew,7,1960-03-31,-0.00497205570832157
usa,debt_issuance,monthly,ew,7,1960-04-30,0.00757624145357967
usa,debt_issuance,monthly,ew,7,1960-05-31,-0.0043383162249521
usa,debt_issuance,monthly,ew,7,1960-06-30,-0.00002139787216001
usa,debt_issuance,monthly,ew,7,1960-07-31,0.00395878954069607
usa,debt_issuance,monthly,ew,7,1960-08-31,0.00463470012150606
usa,debt_issuance,monthly,ew,7,1960-09-30,-0.00367846843477902
usa,debt_issuance,monthly,ew,7,1960-10-31,0.00621290240715025
usa,debt_issuance,monthly,ew,7,1960-11-30,-0.00291074718193528
usa,debt_issuance,monthly,ew,7,1960-12-31,-0.00549795101070495
usa,debt_issuance,monthly,ew,7,1961-01-31,0.00487775963875828
usa,debt_issuance,monthly,ew,7,1961-02-28,-0.0114498615414461
usa,debt_issuance,monthly,ew,7,1961-03-31,0.00588129249164756
usa,debt_issuance,monthly,ew,7,1961-04-30,-3.94455298963067e-6
usa,debt_issuance,monthly,ew,7,1961-05-31,-0.00104332741913352
usa,debt_issuance,monthly,ew,7,1961-06-30,0.00561571992080097
usa,debt_issuance,monthly,ew,7,1961-07-31,-0.00071535134916328
usa,debt_issuance,monthly,ew,7,1961-08-31,0.00285419666266001
usa,debt_issuance,monthly,ew,7,1961-09-30,-0.00179350965654587
usa,debt_issuance,monthly,ew,7,1961-10-31,0.00545406802390643
usa,debt_issuance,monthly,ew,7,1961-11-30,-0.00326759895611429
usa,debt_issuance,monthly,ew,7,1961-12-31,0.00110534480472663
usa,debt_issuance,monthly,ew,7,1962-01-31,0.00309612884506819
usa,debt_issuance,monthly,ew,7,1962-02-28,-0.00220202885359298
usa,debt_issuance,monthly,ew,7,1962-03-31,-0.00311755801432751
usa,debt_issuance,monthly,ew,7,1962-04-30,-0.00112103482639127
usa,debt_issuance,monthly,ew,7,1962-05-31,0.0107821328157156
usa,debt_issuance,monthly,ew,7,1962-06-30,0.000867407902463438
usa,debt_issuance,monthly,ew,7,1962-07-31,-0.00590389119907441
usa,debt_issuance,monthly,ew,7,1962-08-31,-0.00112364287621244
usa,debt_issuance,monthly,ew,7,1962-09-30,0.00161327058766882
usa,debt_issuance,monthly,ew,7,1962-10-31,0.00339518481376652
usa,debt_issuance,monthly,ew,7,1962-11-30,-0.00194935746679914
usa,debt_issuance,monthly,ew,7,1962-12-31,0.00298670056181786
usa,debt_issuance,monthly,ew,7,1963-01-31,0.00276205987640102
usa,debt_issuance,monthly,ew,7,1963-02-28,0.0031242468026926
usa,debt_issuance,monthly,ew,7,1963-03-31,0.000177045825207551
usa,debt_issuance,monthly,ew,7,1963-04-30,0.00484931015328598
usa,debt_issuance,monthly,ew,7,1963-05-31,0.0020092810209868
usa,debt_issuance,monthly,ew,7,1963-06-30,0.00141320667585431
usa,debt_issuance,monthly,ew,7,1963-07-31,-0.00225441646868298
usa,debt_issuance,monthly,ew,7,1963-08-31,0.00228043582727457
usa,debt_issuance,monthly,ew,7,1963-09-30,-0.000338470836102425
usa,debt_issuance,monthly,ew,7,1963-10-31,0.00210229269767257
usa,debt_issuance,monthly,ew,7,1963-11-30,0.00102269433210119
usa,debt_issuance,monthly,ew,7,1963-12-31,-0.00247323768111191
usa,debt_issuance,monthly,ew,7,1964-01-31,0.00542775756146907
usa,debt_issuance,monthly,ew,7,1964-02-29,0.0038048893747018
usa,debt_issuance,monthly,ew,7,1964-03-31,0.00704820448327148
usa,debt_issuance,monthly,ew,7,1964-04-30,-0.00253854420965517
usa,debt_issuance,monthly,ew,7,1964-05-31,-0.002321492738534
usa,debt_issuance,monthly,ew,7,1964-06-30,-0.00155823689853133
usa,debt_issuance,monthly,ew,7,1964-07-31,0.00102675900126965
usa,debt_issuance,monthly,ew,7,1964-08-31,-0.00387098853377415
usa,debt_issuance,monthly,ew,7,1964-09-30,0.00429185127373544
usa,debt_issuance,monthly,ew,7,1964-10-31,0.00107944600401507
usa,debt_issuance,monthly,ew,7,1964-11-30,0.00121625112520257
usa,debt_issuance,monthly,ew,7,1964-12-31,0.00113624890682829
usa,debt_issuance,monthly,ew,7,1965-01-31,0.00295768163576655
usa,debt_issuance,monthly,ew,7,1965-02-28,0.00253720146670363
usa,debt_issuance,monthly,ew,7,1965-03-31,0.00315515560348857
usa,debt_issuance,monthly,ew,7,1965-04-30,0.00348371288391647
usa,debt_issuance,monthly,ew,7,1965-05-31,0.00802543949654765
usa,debt_issuance,monthly,ew,7,1965-06-30,-0.00143100994534474
usa,debt_issuance,monthly,ew,7,1965-07-31,0.00146130585244025
usa,debt_issuance,monthly,ew,7,1965-08-31,0.00988153954446934
usa,debt_issuance,monthly,ew,7,1965-09-30,0.00212027170825638
usa,debt_issuance,monthly,ew,7,1965-10-31,0.00399092109059733
usa,debt_issuance,monthly,ew,7,1965-11-30,0.0106068791992972
usa,debt_issuance,monthly,ew,7,1965-12-31,-0.0050876793654433
usa,debt_issuance,monthly,ew,7,1966-01-31,0.00132284017663475
usa,debt_issuance,monthly,ew,7,1966-02-28,0.0094182506803193
usa,debt_issuance,monthly,ew,7,1966-03-31,0.00494628081114833
usa,debt_issuance,monthly,ew,7,1966-04-30,0.00664464337406409
usa,debt_issuance,monthly,ew,7,1966-05-31,-0.00274236202614241
usa,debt_issuance,monthly,ew,7,1966-06-30,-0.00119819423888515
usa,debt_issuance,monthly,ew,7,1966-07-31,-0.00209360783866074
usa,debt_issuance,monthly,ew,7,1966-08-31,0.00436427878521061
usa,debt_issuance,monthly,ew,7,1966-09-30,0.00342122449039471
usa,debt_issuance,monthly,ew,7,1966-10-31,-0.00218356917557215
usa,debt_issuance,monthly,ew,7,1966-11-30,0.00171617672422226
usa,debt_issuance,monthly,ew,7,1966-12-31,-0.00686509779340738
usa,debt_issuance,monthly,ew,7,1967-01-31,0.0021032209048166
usa,debt_issuance,monthly,ew,7,1967-02-28,0.00509135813327642
usa,debt_issuance,monthly,ew,7,1967-03-31,0.000624514096583379
usa,debt_issuance,monthly,ew,7,1967-04-30,0.00112108998938597
usa,debt_issuance,monthly,ew,7,1967-05-31,0.00337319895506575
usa,debt_issuance,monthly,ew,7,1967-06-30,-0.00354335474886773
usa,debt_issuance,monthly,ew,7,1967-07-31,0.00271614887940744
usa,debt_issuance,monthly,ew,7,1967-08-31,0.0106077550784156
usa,debt_issuance,monthly,ew,7,1967-09-30,0.00744398586200459
usa,debt_issuance,monthly,ew,7,1967-10-31,-0.00121008703787837
usa,debt_issuance,monthly,ew,7,1967-11-30,-0.00578975933261456
usa,debt_issuance,monthly,ew,7,1967-12-31,0.00320789821013882
usa,debt_issuance,monthly,ew,7,1968-01-31,0.0125665787501004
usa,debt_issuance,monthly,ew,7,1968-02-29,0.00673636714523814
usa,debt_issuance,monthly,ew,7,1968-03-31,0.00696426779836605
usa,debt_issuance,monthly,ew,7,1968-04-30,-0.00630592030389694
usa,debt_issuance,monthly,ew,7,1968-05-31,0.0108752899672373
usa,debt_issuance,monthly,ew,7,1968-06-30,0.0122607995611666
usa,debt_issuance,monthly,ew,7,1968-07-31,0.0117464801285045
usa,debt_issuance,monthly,ew,7,1968-08-31,0.0129801542301975
usa,debt_issuance,monthly,ew,7,1968-09-30,0.00288255542268462
usa,debt_issuance,monthly,ew,7,1968-10-31,-0.000229434320446128
usa,debt_issuance,monthly,ew,7,1968-11-30,-0.00201444919544648
usa,debt_issuance,monthly,ew,7,1968-12-31,0.00932810580344531
usa,debt_issuance,monthly,ew,7,1969-01-31,0.00761425773342136
usa,debt_issuance,monthly,ew,7,1969-02-28,0.00714726059309872
usa,debt_issuance,monthly,ew,7,1969-03-31,0.00638801012691895
usa,debt_issuance,monthly,ew,7,1969-04-30,0.00278182609643352
usa,debt_issuance,monthly,ew,7,1969-05-31,0.0116348289361803
usa,debt_issuance,monthly,ew,7,1969-06-30,0.00308061001758911
usa,debt_issuance,monthly,ew,7,1969-07-31,0.00637787842369326
usa,debt_issuance,monthly,ew,7,1969-08-31,0.0000176764224362568
usa,debt_issuance,monthly,ew,7,1969-09-30,0.00473504079200886
usa,debt_issuance,monthly,ew,7,1969-10-31,-0.00697362251320576
usa,debt_issuance,monthly,ew,7,1969-11-30,0.00431083966559579
usa,debt_issuance,monthly,ew,7,1969-12-31,-0.00357868959013017
usa,debt_issuance,monthly,ew,7,1970-01-31,0.0143241947530436
usa,debt_issuance,monthly,ew,7,1970-02-28,0.00165112123602006
usa,debt_issuance,monthly,ew,7,1970-03-31,0.0129447127666402
usa,debt_issuance,monthly,ew,7,1970-04-30,0.0182481973372376
usa,debt_issuance,monthly,ew,7,1970-05-31,0.0138552617847441
usa,debt_issuance,monthly,ew,7,1970-06-30,0.0134962801655196
usa,debt_issuance,monthly,ew,7,1970-07-31,0.00837260184840854
usa,debt_issuance,monthly,ew,7,1970-08-31,-0.00228210216262009
usa,debt_issuance,monthly,ew,7,1970-09-30,-0.019175246677283
usa,debt_issuance,monthly,ew,7,1970-10-31,0.0165147970093272
usa,debt_issuance,monthly,ew,7,1970-11-30,0.00148044778997787
usa,debt_issuance,monthly,ew,7,1970-12-31,0.00349344954476067
usa,debt_issuance,monthly,ew,7,1971-01-31,0.000800283806880987
usa,debt_issuance,monthly,ew,7,1971-02-28,0.000347502874203845
usa,debt_issuance,monthly,ew,7,1971-03-31,-0.0030368085503968
usa,debt_issuance,monthly,ew,7,1971-04-30,0.00152868198270728
usa,debt_issuance,monthly,ew,7,1971-05-31,0.00480320553203302
usa,debt_issuance,monthly,ew,7,1971-06-30,-0.00210424518064323
usa,debt_issuance,monthly,ew,7,1971-07-31,0.00468568481783892
usa,debt_issuance,monthly,ew,7,1971-08-31,0.00790155267164244
usa,debt_issuance,monthly,ew,7,1971-09-30,0.000112694392719524
usa,debt_issuance,monthly,ew,7,1971-10-31,0.00553095462261802
usa,debt_issuance,monthly,ew,7,1971-11-30,-0.00316643769281013
usa,debt_issuance,monthly,ew,7,1971-12-31,-0.00387144734409375
usa,debt_issuance,monthly,ew,7,1972-01-31,0.0182347174207054
usa,debt_issuance,monthly,ew,7,1972-02-29,0.00280608130211308
usa,debt_issuance,monthly,ew,7,1972-03-31,0.00178642227036521
usa,debt_issuance,monthly,ew,7,1972-04-30,0.000163682969297698
usa,debt_issuance,monthly,ew,7,1972-05-31,-0.00224915451578707
usa,debt_issuance,monthly,ew,7,1972-06-30,0.0000151159310812132
usa,debt_issuance,monthly,ew,7,1972-07-31,0.000848963989641321
usa,debt_issuance,monthly,ew,7,1972-08-31,-0.0015678755684764
usa,debt_issuance,monthly,ew,7,1972-09-30,0.0000837421766787344
usa,debt_issuance,monthly,ew,7,1972-10-31,-0.00220892811609882
usa,debt_issuance,monthly,ew,7,1972-11-30,0.000174587077346509
usa,debt_issuance,monthly,ew,7,1972-12-31,-0.000890006201019463
usa,debt_issuance,monthly,ew,7,1973-01-31,0.0117629798015146
usa,debt_issuance,monthly,ew,7,1973-02-28,0.00419626081837144
usa,debt_issuance,monthly,ew,7,1973-03-31,0.00261258362362799
usa,debt_issuance,monthly,ew,7,1973-04-30,0.00921815152616773
usa,debt_issuance,monthly,ew,7,1973-05-31,0.00372113642136743
usa,debt_issuance,monthly,ew,7,1973-06-30,0.0117498872468879
usa,debt_issuance,monthly,ew,7,1973-07-31,-0.00454802853724177
usa,debt_issuance,monthly,ew,7,1973-08-31,0.00687902908574138
usa,debt_issuance,monthly,ew,7,1973-09-30,-0.00617507444776232
usa,debt_issuance,monthly,ew,7,1973-10-31,0.00977336362344331
usa,debt_issuance,monthly,ew,7,1973-11-30,0.00907585601790798
usa,debt_issuance,monthly,ew,7,1973-12-31,-0.00153714449982363
usa,debt_issuance,monthly,ew,7,1974-01-31,0.021274320890801
usa,debt_issuance,monthly,ew,7,1974-02-28,0.00922114711088081
usa,debt_issuance,monthly,ew,7,1974-03-31,0.00223773882263288
usa,debt_issuance,monthly,ew,7,1974-04-30,0.0109219052017158
usa,debt_issuance,monthly,ew,7,1974-05-31,0.00765937461531472
usa,debt_issuance,monthly,ew,7,1974-06-30,0.0133538148537719
usa,debt_issuance,monthly,ew,7,1974-07-31,0.00901303587922457
usa,debt_issuance,monthly,ew,7,1974-08-31,0.0137167798078774
usa,debt_issuance,monthly,ew,7,1974-09-30,0.00904801850662111
usa,debt_issuance,monthly,ew,7,1974-10-31,0.0077542146299771
usa,debt_issuance,monthly,ew,7,1974-11-30,0.00979114322705921
usa,debt_issuance,monthly,ew,7,1974-12-31,0.000769259962929084
usa,debt_issuance,monthly,ew,7,1975-01-31,-0.00577094974427383
usa,debt_issuance,monthly,ew,7,1975-02-28,0.00717034767687583
usa,debt_issuance,monthly,ew,7,1975-03-31,0.00177784203385028
usa,debt_issuance,monthly,ew,7,1975-04-30,0.0037052722576042
usa,debt_issuance,monthly,ew,7,1975-05-31,-0.00411420602591973
usa,debt_issuance,monthly,ew,7,1975-06-30,-0.0000930466749372543
usa,debt_issuance,monthly,ew,7,1975-07-31,0.01010512549146
usa,debt_issuance,monthly,ew,7,1975-08-31,-0.00103127181114599
usa,debt_issuance,monthly,ew,7,1975-09-30,0.00548966869529526
usa,debt_issuance,monthly,ew,7,1975-10-31,-0.00358113179778138
usa,debt_issuance,monthly,ew,7,1975-11-30,0.00453470515014183
usa,debt_issuance,monthly,ew,7,1975-12-31,-0.00209713304485948
usa,debt_issuance,monthly,ew,7,1976-01-31,0.0245062976767567
usa,debt_issuance,monthly,ew,7,1976-02-29,0.0359269222681359
usa,debt_issuance,monthly,ew,7,1976-03-31,0.00566127446041968
usa,debt_issuance,monthly,ew,7,1976-04-30,-0.00550839071153601
usa,debt_issuance,monthly,ew,7,1976-05-31,-0.0107123339606292
usa,debt_issuance,monthly,ew,7,1976-06-30,-0.00044732793881554
usa,debt_issuance,monthly,ew,7,1976-07-31,0.000693112581330141
usa,debt_issuance,monthly,ew,7,1976-08-31,-0.00339323949456822
usa,debt_issuance,monthly,ew,7,1976-09-30,0.000491976729966609
usa,debt_issuance,monthly,ew,7,1976-10-31,-0.0000791015635773476
usa,debt_issuance,monthly,ew,7,1976-11-30,0.00151507868392472
usa,debt_issuance,monthly,ew,7,1976-12-31,0.0086480415956856
usa,debt_issuance,monthly,ew,7,1977-01-31,0.00756056850427179
usa,debt_issuance,monthly,ew,7,1977-02-28,0.004457332301024
usa,debt_issuance,monthly,ew,7,1977-03-31,0.00170050948103242
usa,debt_issuance,monthly,ew,7,1977-04-30,0.00425257669433961
usa,debt_issuance,monthly,ew,7,1977-05-31,0.00320422605649657
usa,debt_issuance,monthly,ew,7,1977-06-30,0.00160091573821795
usa,debt_issuance,monthly,ew,7,1977-07-31,0.00512784560372977
usa,debt_issuance,monthly,ew,7,1977-08-31,0.00410905886610712
usa,debt_issuance,monthly,ew,7,1977-09-30,0.000124608811870056
usa,debt_issuance,monthly,ew,7,1977-10-31,0.00339683605594749
usa,debt_issuance,monthly,ew,7,1977-11-30,0.00514291519899947
usa,debt_issuance,monthly,ew,7,1977-12-31,-0.00158914214947409
usa,debt_issuance,monthly,ew,7,1978-01-31,0.0108360174627854
usa,debt_issuance,monthly,ew,7,1978-02-28,0.00735568490979365
usa,debt_issuance,monthly,ew,7,1978-03-31,0.0157113446962642
usa,debt_issuance,monthly,ew,7,1978-04-30,0.00659373396926431
usa,debt_issuance,monthly,ew,7,1978-05-31,0.00900354548396949
usa,debt_issuance,monthly,ew,7,1978-06-30,0.0036957546862367
usa,debt_issuance,monthly,ew,7,1978-07-31,0.001944211049799
usa,debt_issuance,monthly,ew,7,1978-08-31,0.0119846363029533
usa,debt_issuance,monthly,ew,7,1978-09-30,0.00551569146756467
usa,debt_issuance,monthly,ew,7,1978-10-31,-0.000879189303107058
usa,debt_issuance,monthly,ew,7,1978-11-30,-0.00544901156264773
usa,debt_issuance,monthly,ew,7,1978-12-31,-0.000862032190597926
usa,debt_issuance,monthly,ew,7,1979-01-31,0.00305990164454866
usa,debt_issuance,monthly,ew,7,1979-02-28,0.00351747243261195
usa,debt_issuance,monthly,ew,7,1979-03-31,-0.00683490435909088
usa,debt_issuance,monthly,ew,7,1979-04-30,0.00730043752932463
usa,debt_issuance,monthly,ew,7,1979-05-31,0.00510110061046207
usa,debt_issuance,monthly,ew,7,1979-06-30,0.00125771318072164
usa,debt_issuance,monthly,ew,7,1979-07-31,0.00270283800092336
usa,debt_issuance,monthly,ew,7,1979-08-31,0.00145295485837187
usa,debt_issuance,monthly,ew,7,1979-09-30,0.00300421591633179
usa,debt_issuance,monthly,ew,7,1979-10-31,0.00479926074014899
usa,debt_issuance,monthly,ew,7,1979-11-30,-0.00906402888386312
usa,debt_issuance,monthly,ew,7,1979-12-31,0.00806638061213157
usa,debt_issuance,monthly,ew,7,1980-01-31,0.0100137161174043
usa,debt_issuance,monthly,ew,7,1980-02-29,0.00205341455403413
usa,debt_issuance,monthly,ew,7,1980-03-31,0.00380439630077447
usa,debt_issuance,monthly,ew,7,1980-04-30,-0.00396522774972392
usa,debt_issuance,monthly,ew,7,1980-05-31,-0.00569277653544125
usa,debt_issuance,monthly,ew,7,1980-06-30,-0.00154182326440048
usa,debt_issuance,monthly,ew,7,1980-07-31,0.000144818798670847
usa,debt_issuance,monthly,ew,7,1980-08-31,0.00163008274833427
usa,debt_issuance,monthly,ew,7,1980-09-30,0.00288380224125134
usa,debt_issuance,monthly,ew,7,1980-10-31,0.00629290765091684
usa,debt_issuance,monthly,ew,7,1980-11-30,-0.0076727991433432
usa,debt_issuance,monthly,ew,7,1980-12-31,0.00691430158793291
usa,debt_issuance,monthly,ew,7,1981-01-31,0.0103933940946605
usa,debt_issuance,monthly,ew,7,1981-02-28,0.00816394812985134
usa,debt_issuance,monthly,ew,7,1981-03-31,0.00189429883476992
usa,debt_issuance,monthly,ew,7,1981-04-30,0.00784559975291874
usa,debt_issuance,monthly,ew,7,1981-05-31,0.00167163711492961
usa,debt_issuance,monthly,ew,7,1981-06-30,0.0150546134106335
usa,debt_issuance,monthly,ew,7,1981-07-31,0.000153746238579781
usa,debt_issuance,monthly,ew,7,1981-08-31,0.00275140415500342
usa,debt_issuance,monthly,ew,7,1981-09-30,0.0124865074162535
usa,debt_issuance,monthly,ew,7,1981-10-31,0.000978503878659279
usa,debt_issuance,monthly,ew,7,1981-11-30,-0.000557492502885296
usa,debt_issuance,monthly,ew,7,1981-12-31,0.0108393364427793
usa,debt_issuance,monthly,ew,7,1982-01-31,0.0134659789174677
usa,debt_issuance,monthly,ew,7,1982-02-28,0.0138099160397569
usa,debt_issuance,monthly,ew,7,1982-03-31,0.0101491566170858
usa,debt_issuance,monthly,ew,7,1982-04-30,0.0000129225471804007
usa,debt_issuance,monthly,ew,7,1982-05-31,0.00455339651304175
usa,debt_issuance,monthly,ew,7,1982-06-30,0.0134231537056733
usa,debt_issuance,monthly,ew,7,1982-07-31,0.0212700834257604
usa,debt_issuance,monthly,ew,7,1982-08-31,-0.00809700582650412
usa,debt_issuance,monthly,ew,7,1982-09-30,0.0144628043713007
usa,debt_issuance,monthly,ew,7,1982-10-31,0.00496618012885378
usa,debt_issuance,monthly,ew,7,1982-11-30,0.0209188671574533
usa,debt_issuance,monthly,ew,7,1982-12-31,0.00718205356786235
usa,debt_issuance,monthly,ew,7,1983-01-31,0.00544427510579448
usa,debt_issuance,monthly,ew,7,1983-02-28,0.0259339014208412
usa,debt_issuance,monthly,ew,7,1983-03-31,0.0171464269029113
usa,debt_issuance,monthly,ew,7,1983-04-30,0.00367547968444993
usa,debt_issuance,monthly,ew,7,1983-05-31,-0.0045171696975545
usa,debt_issuance,monthly,ew,7,1983-06-30,0.0157916022088228
usa,debt_issuance,monthly,ew,7,1983-07-31,0.000404455116880964
usa,debt_issuance,monthly,ew,7,1983-08-31,-0.00662185491328766
usa,debt_issuance,monthly,ew,7,1983-09-30,0.0038819276165997
usa,debt_issuance,monthly,ew,7,1983-10-31,0.00341745760066397
usa,debt_issuance,monthly,ew,7,1983-11-30,0.00342378517444249
usa,debt_issuance,monthly,ew,7,1983-12-31,0.00549167115968118
usa,debt_issuance,monthly,ew,7,1984-01-31,0.00783621142106805
usa,debt_issuance,monthly,ew,7,1984-02-29,-0.000220511270377954
usa,debt_issuance,monthly,ew,7,1984-03-31,0.0109525477445021
usa,debt_issuance,monthly,ew,7,1984-04-30,0.00530541941512488
usa,debt_issuance,monthly,ew,7,1984-05-31,-0.00094102493796164
usa,debt_issuance,monthly,ew,7,1984-06-30,0.00578459569155957
usa,debt_issuance,monthly,ew,7,1984-07-31,-0.00167202617444786
usa,debt_issuance,monthly,ew,7,1984-08-31,0.000422226806070873
usa,debt_issuance,monthly,ew,7,1984-09-30,0.00386881557778883
usa,debt_issuance,monthly,ew,7,1984-10-31,0.00237012316843201
usa,debt_issuance,monthly,ew,7,1984-11-30,0.000852679072173435
usa,debt_issuance,monthly,ew,7,1984-12-31,-0.000553388973188732
usa,debt_issuance,monthly,ew,7,1985-01-31,-0.000850076716217676
usa,debt_issuance,monthly,ew,7,1985-02-28,0.00899644905006433
usa,debt_issuance,monthly,ew,7,1985-03-31,0.00869781049514645
usa,debt_issuance,monthly,ew,7,1985-04-30,0.00242606724036629
usa,debt_issuance,monthly,ew,7,1985-05-31,-0.00460568188912869
usa,debt_issuance,monthly,ew,7,1985-06-30,-0.00300084369575154
usa,debt_issuance,monthly,ew,7,1985-07-31,-0.000696889748661869
usa,debt_issuance,monthly,ew,7,1985-08-31,0.00716497512742943
usa,debt_issuance,monthly,ew,7,1985-09-30,0.00665992376535827
usa,debt_issuance,monthly,ew,7,1985-10-31,-0.00698693619925074
usa,debt_issuance,monthly,ew,7,1985-11-30,0.00267806807098453
usa,debt_issuance,monthly,ew,7,1985-12-31,-0.00611841224593433
usa,debt_issuance,monthly,ew,7,1986-01-31,0.00468497677777859
usa,debt_issuance,monthly,ew,7,1986-02-28,-0.00792096360346365
usa,debt_issuance,monthly,ew,7,1986-03-31,0.00449464101935416
usa,debt_issuance,monthly,ew,7,1986-04-30,0.00574499272197779
usa,debt_issuance,monthly,ew,7,1986-05-31,0.00337656879461807
usa,debt_issuance,monthly,ew,7,1986-06-30,0.00325786282176087
usa,debt_issuance,monthly,ew,7,1986-07-31,0.0053660728138458
usa,debt_issuance,monthly,ew,7,1986-08-31,0.0048525290674855
usa,debt_issuance,monthly,ew,7,1986-09-30,0.0098163435537632
usa,debt_issuance,monthly,ew,7,1986-10-31,-0.00466461242896822
usa,debt_issuance,monthly,ew,7,1986-11-30,0.000700717622455073
usa,debt_issuance,monthly,ew,7,1986-12-31,0.00172041630019785
usa,debt_issuance,monthly,ew,7,1987-01-31,0.0140914943905641
usa,debt_issuance,monthly,ew,7,1987-02-28,0.00796878951219513
usa,debt_issuance,monthly,ew,7,1987-03-31,0.0138994298074353
usa,debt_issuance,monthly,ew,7,1987-04-30,0.0140484795094097
usa,debt_issuance,monthly,ew,7,1987-05-31,0.013433079473988
usa,debt_issuance,monthly,ew,7,1987-06-30,-0.000322575929692376
usa,debt_issuance,monthly,ew,7,1987-07-31,0.00705537185719881
usa,debt_issuance,monthly,ew,7,1987-08-31,-0.00575779842468687
usa,debt_issuance,monthly,ew,7,1987-09-30,0.00106640723868535
usa,debt_issuance,monthly,ew,7,1987-10-31,0.00834986722340808
usa,debt_issuance,monthly,ew,7,1987-11-30,0.00608257367412785
usa,debt_issuance,monthly,ew,7,1987-12-31,-0.0149672223292764
usa,debt_issuance,monthly,ew,7,1988-01-31,0.0133453357477986
usa,debt_issuance,monthly,ew,7,1988-02-29,-0.00767301580197021
usa,debt_issuance,monthly,ew,7,1988-03-31,0.00722105579432043
usa,debt_issuance,monthly,ew,7,1988-04-30,0.0080271941009624
usa,debt_issuance,monthly,ew,7,1988-05-31,0.00418193772945168
usa,debt_issuance,monthly,ew,7,1988-06-30,-0.00863615806257582
usa,debt_issuance,monthly,ew,7,1988-07-31,0.00754379645697298
usa,debt_issuance,monthly,ew,7,1988-08-31,0.00209217901612768
usa,debt_issuance,monthly,ew,7,1988-09-30,-0.0042636530593909
usa,debt_issuance,monthly,ew,7,1988-10-31,-0.00399776599092244
usa,debt_issuance,monthly,ew,7,1988-11-30,0.000310121719205608
usa,debt_issuance,monthly,ew,7,1988-12-31,0.00336259854793491
usa,debt_issuance,monthly,ew,7,1989-01-31,0.00601094819400155
usa,debt_issuance,monthly,ew,7,1989-02-28,0.00638007346354552
usa,debt_issuance,monthly,ew,7,1989-03-31,0.00109559362902961
usa,debt_issuance,monthly,ew,7,1989-04-30,0.00608038557127783
usa,debt_issuance,monthly,ew,7,1989-05-31,0.00220842566041607
usa,debt_issuance,monthly,ew,7,1989-06-30,0.0021267502500394
usa,debt_issuance,monthly,ew,7,1989-07-31,-0.00253410287310066
usa,debt_issuance,monthly,ew,7,1989-08-31,0.00151427652297726
usa,debt_issuance,monthly,ew,7,1989-09-30,0.00136887399932289
usa,debt_issuance,monthly,ew,7,1989-10-31,0.00180122634756283
usa,debt_issuance,monthly,ew,7,1989-11-30,-0.00233182461394366
usa,debt_issuance,monthly,ew,7,1989-12-31,0.00548766558438662
usa,debt_issuance,monthly,ew,7,1990-01-31,0.0174786334322371
usa,debt_issuance,monthly,ew,7,1990-02-28,0.00792787448504156
usa,debt_issuance,monthly,ew,7,1990-03-31,0.00322138711835607
usa,debt_issuance,monthly,ew,7,1990-04-30,0.00503736040886213
usa,debt_issuance,monthly,ew,7,1990-05-31,0.00454047356701206
usa,debt_issuance,monthly,ew,7,1990-06-30,0.00917424876724714
usa,debt_issuance,monthly,ew,7,1990-07-31,0.0064298452000772
usa,debt_issuance,monthly,ew,7,1990-08-31,0.000884517146865071
usa,debt_issuance,monthly,ew,7,1990-09-30,0.00305416101736979
usa,debt_issuance,monthly,ew,7,1990-10-31,0.00381852344238158
usa,debt_issuance,monthly,ew,7,1990-11-30,-0.0140647472405701
usa,debt_issuance,monthly,ew,7,1990-12-31,-0.0030430158828194
usa,debt_issuance,monthly,ew,7,1991-01-31,0.0176629380076555
usa,debt_issuance,monthly,ew,7,1991-02-28,0.0154806694928917
usa,debt_issuance,monthly,ew,7,1991-03-31,0.0228211096095001
usa,debt_issuance,monthly,ew,7,1991-04-30,0.00915375077493573
usa,debt_issuance,monthly,ew,7,1991-05-31,0.000533458697496022
usa,debt_issuance,monthly,ew,7,1991-06-30,0.00614946394384735
usa,debt_issuance,monthly,ew,7,1991-07-31,-0.00132757332474114
usa,debt_issuance,monthly,ew,7,1991-08-31,0.0113000026627305
usa,debt_issuance,monthly,ew,7,1991-09-30,0.00294520964936653
usa,debt_issuance,monthly,ew,7,1991-10-31,0.00414842331442613
usa,debt_issuance,monthly,ew,7,1991-11-30,0.0041899243501357
usa,debt_issuance,monthly,ew,7,1991-12-31,-0.00475592207487689
usa,debt_issuance,monthly,ew,7,1992-01-31,0.0591311158374028
usa,debt_issuance,monthly,ew,7,1992-02-29,0.0166756226373622
usa,debt_issuance,monthly,ew,7,1992-03-31,0.0101369247237418
usa,debt_issuance,monthly,ew,7,1992-04-30,0.000827630527707602
usa,debt_issuance,monthly,ew,7,1992-05-31,0.0000416717765980952
usa,debt_issuance,monthly,ew,7,1992-06-30,-0.0000244129127949522
usa,debt_issuance,monthly,ew,7,1992-07-31,0.00289651802162171
usa,debt_issuance,monthly,ew,7,1992-08-31,-0.00386631062057711
usa,debt_issuance,monthly,ew,7,1992-09-30,0.000275375761727132
usa,debt_issuance,monthly,ew,7,1992-10-31,0.00851884764801515
usa,debt_issuance,monthly,ew,7,1992-11-30,0.00905957564899192
usa,debt_issuance,monthly,ew,7,1992-12-31,0.00896045806532986
usa,debt_issuance,monthly,ew,7,1993-01-31,0.0129720093796175
usa,debt_issuance,monthly,ew,7,1993-02-28,0.00473321700339905
usa,debt_issuance,monthly,ew,7,1993-03-31,0.0000990148300154774
usa,debt_issuance,monthly,ew,7,1993-04-30,0.00741332853979383
usa,debt_issuance,monthly,ew,7,1993-05-31,0.00635520384205151
usa,debt_issuance,monthly,ew,7,1993-06-30,0.00291878601227924
usa,debt_issuance,monthly,ew,7,1993-07-31,-0.000105493612557891
usa,debt_issuance,monthly,ew,7,1993-08-31,-0.00582349449076825
usa,debt_issuance,monthly,ew,7,1993-09-30,0.00504770937703963
usa,debt_issuance,monthly,ew,7,1993-10-31,0.0119918791975946
usa,debt_issuance,monthly,ew,7,1993-11-30,0.00950704894982766
usa,debt_issuance,monthly,ew,7,1993-12-31,0.00546389628278587
usa,debt_issuance,monthly,ew,7,1994-01-31,0.0134798442079283
usa,debt_issuance,monthly,ew,7,1994-02-28,0.00434282844051354
usa,debt_issuance,monthly,ew,7,1994-03-31,0.00106039670085689
usa,debt_issuance,monthly,ew,7,1994-04-30,-0.0044060821318007
usa,debt_issuance,monthly,ew,7,1994-05-31,0.00268276466971834
usa,debt_issuance,monthly,ew,7,1994-06-30,0.000967644337605499
usa,debt_issuance,monthly,ew,7,1994-07-31,0.00200216371512182
usa,debt_issuance,monthly,ew,7,1994-08-31,0.00774098249431208
usa,debt_issuance,monthly,ew,7,1994-09-30,0.00775267522343604
usa,debt_issuance,monthly,ew,7,1994-10-31,0.00469571371610576
usa,debt_issuance,monthly,ew,7,1994-11-30,0.00659859480796469
usa,debt_issuance,monthly,ew,7,1994-12-31,0.0059730747144899
usa,debt_issuance,monthly,ew,7,1995-01-31,0.00839659201428971
usa,debt_issuance,monthly,ew,7,1995-02-28,0.00549633975598595
usa,debt_issuance,monthly,ew,7,1995-03-31,0.00480834504282872
usa,debt_issuance,monthly,ew,7,1995-04-30,0.00874095083244266
usa,debt_issuance,monthly,ew,7,1995-05-31,0.00917298787028168
usa,debt_issuance,monthly,ew,7,1995-06-30,0.00727058679272314
usa,debt_issuance,monthly,ew,7,1995-07-31,0.00604474943018144
usa,debt_issuance,monthly,ew,7,1995-08-31,0.0133464844551914
usa,debt_issuance,monthly,ew,7,1995-09-30,0.0142398227285403
usa,debt_issuance,monthly,ew,7,1995-10-31,0.00761968717644458
usa,debt_issuance,monthly,ew,7,1995-11-30,-0.000121452809253763
usa,debt_issuance,monthly,ew,7,1995-12-31,0.00545836724030333
usa,debt_issuance,monthly,ew,7,1996-01-31,0.0129528454719081
usa,debt_issuance,monthly,ew,7,1996-02-29,0.010508696564091
usa,debt_issuance,monthly,ew,7,1996-03-31,0.00119984360765433
usa,debt_issuance,monthly,ew,7,1996-04-30,0.0139784057802956
usa,debt_issuance,monthly,ew,7,1996-05-31,0.0139790985375737
usa,debt_issuance,monthly,ew,7,1996-06-30,0.00232970540283915
usa,debt_issuance,monthly,ew,7,1996-07-31,-0.00142412438969533
usa,debt_issuance,monthly,ew,7,1996-08-31,-0.000699414265208585
usa,debt_issuance,monthly,ew,7,1996-09-30,0.00157997290482087
usa,debt_issuance,monthly,ew,7,1996-10-31,-0.00152270511210844
usa,debt_issuance,monthly,ew,7,1996-11-30,0.00540546139314435
usa,debt_issuance,monthly,ew,7,1996-12-31,0.00158273583781747
usa,debt_issuance,monthly,ew,7,1997-01-31,0.00500296265259659
usa,debt_issuance,monthly,ew,7,1997-02-28,0.0029493944660171
usa,debt_issuance,monthly,ew,7,1997-03-31,-0.000423569967570423
usa,debt_issuance,monthly,ew,7,1997-04-30,-0.00223619308981327
usa,debt_issuance,monthly,ew,7,1997-05-31,0.00160088977673005
usa,debt_issuance,monthly,ew,7,1997-06-30,0.00024222995930549
usa,debt_issuance,monthly,ew,7,1997-07-31,-0.00418582847985435
usa,debt_issuance,monthly,ew,7,1997-08-31,0.00589328495435116
usa,debt_issuance,monthly,ew,7,1997-09-30,0.00485779564760624
usa,debt_issuance,monthly,ew,7,1997-10-31,-0.00163233597398916
usa,debt_issuance,monthly,ew,7,1997-11-30,0.0068662491267848
usa,debt_issuance,monthly,ew,7,1997-12-31,-0.00809495849270432
usa,debt_issuance,monthly,ew,7,1998-01-31,0.0103760399741981
usa,debt_issuance,monthly,ew,7,1998-02-28,0.000196532973196618
usa,debt_issuance,monthly,ew,7,1998-03-31,0.00836254265423537
usa,debt_issuance,monthly,ew,7,1998-04-30,0.00162326038844001
usa,debt_issuance,monthly,ew,7,1998-05-31,0.00745503451716861
usa,debt_issuance,monthly,ew,7,1998-06-30,0.00347745885857194
usa,debt_issuance,monthly,ew,7,1998-07-31,0.0114915306341734
usa,debt_issuance,monthly,ew,7,1998-08-31,0.00926564257822962
usa,debt_issuance,monthly,ew,7,1998-09-30,0.00183034582628557
usa,debt_issuance,monthly,ew,7,1998-10-31,-0.00256035222363199
usa,debt_issuance,monthly,ew,7,1998-11-30,0.0304959691705752
usa,debt_issuance,monthly,ew,7,1998-12-31,0.0107735512946407
usa,debt_issuance,monthly,ew,7,1999-01-31,0.0285830769127073
usa,debt_issuance,monthly,ew,7,1999-02-28,0.0124927668988563
usa,debt_issuance,monthly,ew,7,1999-03-31,-0.0101708471738345
usa,debt_issuance,monthly,ew,7,1999-04-30,-0.0112268126875052
usa,debt_issuance,monthly,ew,7,1999-05-31,0.0124921630948649
usa,debt_issuance,monthly,ew,7,1999-06-30,0.0112534837424982
usa,debt_issuance,monthly,ew,7,1999-07-31,0.0116939804571719
usa,debt_issuance,monthly,ew,7,1999-08-31,0.016853996702612
usa,debt_issuance,monthly,ew,7,1999-09-30,0.0166221624999625
usa,debt_issuance,monthly,ew,7,1999-10-31,0.0150342239547047
usa,debt_issuance,monthly,ew,7,1999-11-30,0.0435441456755289
usa,debt_issuance,monthly,ew,7,1999-12-31,0.0370761173839502
usa,debt_issuance,monthly,ew,7,2000-01-31,0.0457201354801893
usa,debt_issuance,monthly,ew,7,2000-02-29,0.0831474065946149
usa,debt_issuance,monthly,ew,7,2000-03-31,-0.00913172219570363
usa,debt_issuance,monthly,ew,7,2000-04-30,-0.0206626936988831
usa,debt_issuance,monthly,ew,7,2000-05-31,-0.0131758461162456
usa,debt_issuance,monthly,ew,7,2000-06-30,0.0344076073763763
usa,debt_issuance,monthly,ew,7,2000-07-31,-0.00841656263328668
usa,debt_issuance,monthly,ew,7,2000-08-31,0.0161398469700818
usa,debt_issuance,monthly,ew,7,2000-09-30,0.00487560177509771
usa,debt_issuance,monthly,ew,7,2000-10-31,0.00582510199797849
usa,debt_issuance,monthly,ew,7,2000-11-30,-0.00923819412828231
usa,debt_issuance,monthly,ew,7,2000-12-31,-0.0221312290696651
usa,debt_issuance,monthly,ew,7,2001-01-31,0.0405117614939202
usa,debt_issuance,monthly,ew,7,2001-02-28,0.00730013695718674
usa,debt_issuance,monthly,ew,7,2001-03-31,0.00436334622632075
usa,debt_issuance,monthly,ew,7,2001-04-30,-0.00452009254359905
usa,debt_issuance,monthly,ew,7,2001-05-31,0.0135637340686883
usa,debt_issuance,monthly,ew,7,2001-06-30,0.00921851126114091
usa,debt_issuance,monthly,ew,7,2001-07-31,0.00280483606389925
usa,debt_issuance,monthly,ew,7,2001-08-31,0.00944980252270071
usa,debt_issuance,monthly,ew,7,2001-09-30,0.00983176123120162
usa,debt_issuance,monthly,ew,7,2001-10-31,0.00570170470580295
usa,debt_issuance,monthly,ew,7,2001-11-30,-0.00151128087865683
usa,debt_issuance,monthly,ew,7,2001-12-31,-0.000494264365961161
usa,debt_issuance,monthly,ew,7,2002-01-31,0.0257711220621725
usa,debt_issuance,monthly,ew,7,2002-02-28,0.00185601660684964
usa,debt_issuance,monthly,ew,7,2002-03-31,0.00507888807964005
usa,debt_issuance,monthly,ew,7,2002-04-30,0.00634581567155913
usa,debt_issuance,monthly,ew,7,2002-05-31,0.00766880280723741
usa,debt_issuance,monthly,ew,7,2002-06-30,0.00499394054222136
usa,debt_issuance,monthly,ew,7,2002-07-31,0.0059273756663028
usa,debt_issuance,monthly,ew,7,2002-08-31,-0.00179301088247376
usa,debt_issuance,monthly,ew,7,2002-09-30,-0.00658938137605828
usa,debt_issuance,monthly,ew,7,2002-10-31,0.00511080770000062
usa,debt_issuance,monthly,ew,7,2002-11-30,0.0244526954927805
usa,debt_issuance,monthly,ew,7,2002-12-31,-0.00664301353842831
usa,debt_issuance,monthly,ew,7,2003-01-31,0.00735706982479843
usa,debt_issuance,monthly,ew,7,2003-02-28,-0.000999780944736614
usa,debt_issuance,monthly,ew,7,2003-03-31,0.00343356516415794
usa,debt_issuance,monthly,ew,7,2003-04-30,0.0126183859646734
usa,debt_issuance,monthly,ew,7,2003-05-31,0.0315648220990278
usa,debt_issuance,monthly,ew,7,2003-06-30,0.0156097453015285
usa,debt_issuance,monthly,ew,7,2003-07-31,0.0272107656489353
usa,debt_issuance,monthly,ew,7,2003-08-31,0.00922632697079856
usa,debt_issuance,monthly,ew,7,2003-09-30,0.0195527898730438
usa,debt_issuance,monthly,ew,7,2003-10-31,0.0143302848634336
usa,debt_issuance,monthly,ew,7,2003-11-30,0.00882223136846325
usa,debt_issuance,monthly,ew,7,2003-12-31,-0.00933298693972447
usa,debt_issuance,monthly,ew,7,2004-01-31,0.030854796856488
usa,debt_issuance,monthly,ew,7,2004-02-29,-0.0124999329051726
usa,debt_issuance,monthly,ew,7,2004-03-31,-3.19842630924177e-6
usa,debt_issuance,monthly,ew,7,2004-04-30,-0.00777474168582346
usa,debt_issuance,monthly,ew,7,2004-05-31,0.00344263309929676
usa,debt_issuance,monthly,ew,7,2004-06-30,-0.00383782749141937
usa,debt_issuance,monthly,ew,7,2004-07-31,-0.0168032966598138
usa,debt_issuance,monthly,ew,7,2004-08-31,-0.00421278106681211
usa,debt_issuance,monthly,ew,7,2004-09-30,0.0012740452263318
usa,debt_issuance,monthly,ew,7,2004-10-31,-0.00172935767256972
usa,debt_issuance,monthly,ew,7,2004-11-30,0.00796862531169946
usa,debt_issuance,monthly,ew,7,2004-12-31,0.0126145779888211
usa,debt_issuance,monthly,ew,7,2005-01-31,-0.0072380772249059
usa,debt_issuance,monthly,ew,7,2005-02-28,-0.00448856979917851
usa,debt_issuance,monthly,ew,7,2005-03-31,-0.0026090510110616
usa,debt_issuance,monthly,ew,7,2005-04-30,-0.0102587488157496
usa,debt_issuance,monthly,ew,7,2005-05-31,0.00243993966974072
usa,debt_issuance,monthly,ew,7,2005-06-30,-0.000983141286456303
usa,debt_issuance,monthly,ew,7,2005-07-31,0.00229006761372062
usa,debt_issuance,monthly,ew,7,2005-08-31,0.00112358269291184
usa,debt_issuance,monthly,ew,7,2005-09-30,0.00415367499527253
usa,debt_issuance,monthly,ew,7,2005-10-31,0.00300065042145767
usa,debt_issuance,monthly,ew,7,2005-11-30,-0.00205508397247477
usa,debt_issuance,monthly,ew,7,2005-12-31,-0.000196340049905571
usa,debt_issuance,monthly,ew,7,2006-01-31,0.00636910576750267
usa,debt_issuance,monthly,ew,7,2006-02-28,0.00724313621106708
usa,debt_issuance,monthly,ew,7,2006-03-31,0.00342384828478324
usa,debt_issuance,monthly,ew,7,2006-04-30,-0.00215084080514854
usa,debt_issuance,monthly,ew,7,2006-05-31,-0.00506727207851918
usa,debt_issuance,monthly,ew,7,2006-06-30,0.00105293703728186
usa,debt_issuance,monthly,ew,7,2006-07-31,-0.00456112517737526
usa,debt_issuance,monthly,ew,7,2006-08-31,0.00713919408955523
usa,debt_issuance,monthly,ew,7,2006-09-30,0.0038613786825735
usa,debt_issuance,monthly,ew,7,2006-10-31,0.00288079047718607
usa,debt_issuance,monthly,ew,7,2006-11-30,0.000489324687783075
usa,debt_issuance,monthly,ew,7,2006-12-31,0.00412762971589558
usa,debt_issuance,monthly,ew,7,2007-01-31,0.00502586507567719
usa,debt_issuance,monthly,ew,7,2007-02-28,0.00080968784247103
usa,debt_issuance,monthly,ew,7,2007-03-31,0.00105672061831345
usa,debt_issuance,monthly,ew,7,2007-04-30,0.00048723675992095
usa,debt_issuance,monthly,ew,7,2007-05-31,-0.000859941329632892
usa,debt_issuance,monthly,ew,7,2007-06-30,0.00295059211396252
usa,debt_issuance,monthly,ew,7,2007-07-31,-0.0000524756611017648
usa,debt_issuance,monthly,ew,7,2007-08-31,-0.00222980919457161
usa,debt_issuance,monthly,ew,7,2007-09-30,-0.00156081470120039
usa,debt_issuance,monthly,ew,7,2007-10-31,-0.000767260906849077
usa,debt_issuance,monthly,ew,7,2007-11-30,-0.0000847969032266503
usa,debt_issuance,monthly,ew,7,2007-12-31,-0.00286343378640971
usa,debt_issuance,monthly,ew,7,2008-01-31,-0.00169094566746796
usa,debt_issuance,monthly,ew,7,2008-02-29,-0.00574417344810492
usa,debt_issuance,monthly,ew,7,2008-03-31,0.00150417981325714
usa,debt_issuance,monthly,ew,7,2008-04-30,-0.00573744233471942
usa,debt_issuance,monthly,ew,7,2008-05-31,-0.00179581556962321
usa,debt_issuance,monthly,ew,7,2008-06-30,-0.00304188837192185
usa,debt_issuance,monthly,ew,7,2008-07-31,0.011065359684006
usa,debt_issuance,monthly,ew,7,2008-08-31,-0.00363916469239748
usa,debt_issuance,monthly,ew,7,2008-09-30,0.00649941196884053
usa,debt_issuance,monthly,ew,7,2008-10-31,0.0206518495223416
usa,debt_issuance,monthly,ew,7,2008-11-30,0.00364610459810382
usa,debt_issuance,monthly,ew,7,2008-12-31,0.00213110434597434
usa,debt_issuance,monthly,ew,7,2009-01-31,0.0110593922224249
usa,debt_issuance,monthly,ew,7,2009-02-28,0.0168465470346284
usa,debt_issuance,monthly,ew,7,2009-03-31,-0.00237270109934517
usa,debt_issuance,monthly,ew,7,2009-04-30,0.004931481480993
usa,debt_issuance,monthly,ew,7,2009-05-31,0.00618953312625262
usa,debt_issuance,monthly,ew,7,2009-06-30,0.00766987070958776
usa,debt_issuance,monthly,ew,7,2009-07-31,0.00551270015871005
usa,debt_issuance,monthly,ew,7,2009-08-31,0.0282369026970953
usa,debt_issuance,monthly,ew,7,2009-09-30,0.00427635141567519
usa,debt_issuance,monthly,ew,7,2009-10-31,-0.00796022913657956
usa,debt_issuance,monthly,ew,7,2009-11-30,-0.00715548288076722
usa,debt_issuance,monthly,ew,7,2009-12-31,0.00694272404842103
usa,debt_issuance,monthly,ew,7,2010-01-31,0.00673728036035642
usa,debt_issuance,monthly,ew,7,2010-02-28,0.000311615024908311
usa,debt_issuance,monthly,ew,7,2010-03-31,0.0115230509752922
usa,debt_issuance,monthly,ew,7,2010-04-30,0.0192777670674095
usa,debt_issuance,monthly,ew,7,2010-05-31,-0.00189942293062025
usa,debt_issuance,monthly,ew,7,2010-06-30,-0.0118476643524265
usa,debt_issuance,monthly,ew,7,2010-07-31,-0.000830084946629664
usa,debt_issuance,monthly,ew,7,2010-08-31,-0.00900862943635447
usa,debt_issuance,monthly,ew,7,2010-09-30,0.00601352795426903
usa,debt_issuance,monthly,ew,7,2010-10-31,-0.00447163778993805
usa,debt_issuance,monthly,ew,7,2010-11-30,0.00222948675674749
usa,debt_issuance,monthly,ew,7,2010-12-31,0.00212575219676404
usa,debt_issuance,monthly,ew,7,2011-01-31,0.0058250362779999
usa,debt_issuance,monthly,ew,7,2011-02-28,-0.0020491696556892
usa,debt_issuance,monthly,ew,7,2011-03-31,0.00344616546218499
usa,debt_issuance,monthly,ew,7,2011-04-30,-0.00201549807785714
usa,debt_issuance,monthly,ew,7,2011-05-31,0.00193213344304624
usa,debt_issuance,monthly,ew,7,2011-06-30,0.00157612693652844
usa,debt_issuance,monthly,ew,7,2011-07-31,-0.0010703856349206
usa,debt_issuance,monthly,ew,7,2011-08-31,-0.00516360505260709
usa,debt_issuance,monthly,ew,7,2011-09-30,0.00880723539813743
usa,debt_issuance,monthly,ew,7,2011-10-31,-0.00890472115813901
usa,debt_issuance,monthly,ew,7,2011-11-30,-0.00030746926971553
usa,debt_issuance,monthly,ew,7,2011-12-31,0.00599676206746135
usa,debt_issuance,monthly,ew,7,2012-01-31,0.0145136033803265
usa,debt_issuance,monthly,ew,7,2012-02-29,0.0044286012707886
usa,debt_issuance,monthly,ew,7,2012-03-31,0.0175092696272202
usa,debt_issuance,monthly,ew,7,2012-04-30,0.00147292958543277
usa,debt_issuance,monthly,ew,7,2012-05-31,0.0153371313078048
usa,debt_issuance,monthly,ew,7,2012-06-30,0.00512467966933748
usa,debt_issuance,monthly,ew,7,2012-07-31,0.00104012599445879
usa,debt_issuance,monthly,ew,7,2012-08-31,-0.00157282459540416
usa,debt_issuance,monthly,ew,7,2012-09-30,-0.00236922112452439
usa,debt_issuance,monthly,ew,7,2012-10-31,-0.00521275464510467
usa,debt_issuance,monthly,ew,7,2012-11-30,0.00275063477484278
usa,debt_issuance,monthly,ew,7,2012-12-31,0.000934005463270531
usa,debt_issuance,monthly,ew,7,2013-01-31,0.00628426620306673
usa,debt_issuance,monthly,ew,7,2013-02-28,0.00791159298632804
usa,debt_issuance,monthly,ew,7,2013-03-31,-0.000808218799989168
usa,debt_issuance,monthly,ew,7,2013-04-30,0.00501219378611413
usa,debt_issuance,monthly,ew,7,2013-05-31,0.00590437009517344
usa,debt_issuance,monthly,ew,7,2013-06-30,0.00864819760051456
usa,debt_issuance,monthly,ew,7,2013-07-31,0.005550658646808
usa,debt_issuance,monthly,ew,7,2013-08-31,-0.00235379113134564
usa,debt_issuance,monthly,ew,7,2013-09-30,-0.00325705917119625
usa,debt_issuance,monthly,ew,7,2013-10-31,-0.00592132931289536
usa,debt_issuance,monthly,ew,7,2013-11-30,0.0129075965707807
usa,debt_issuance,monthly,ew,7,2013-12-31,-0.00212181897187878
usa,debt_issuance,monthly,ew,7,2014-01-31,0.0090362352000086
usa,debt_issuance,monthly,ew,7,2014-02-28,-0.00308121588231049
usa,debt_issuance,monthly,ew,7,2014-03-31,-0.000367652106660741
usa,debt_issuance,monthly,ew,7,2014-04-30,-0.00742352474697674
usa,debt_issuance,monthly,ew,7,2014-05-31,-0.00154668563892278
usa,debt_issuance,monthly,ew,7,2014-06-30,-0.00280333537281062
usa,debt_issuance,monthly,ew,7,2014-07-31,0.00136820517895666
usa,debt_issuance,monthly,ew,7,2014-08-31,-0.00299377341450589
usa,debt_issuance,monthly,ew,7,2014-09-30,0.00393544017845423
usa,debt_issuance,monthly,ew,7,2014-10-31,0.0113700700244269
usa,debt_issuance,monthly,ew,7,2014-11-30,0.00988466033563958
usa,debt_issuance,monthly,ew,7,2014-12-31,0.00762840020729001
usa,debt_issuance,monthly,ew,7,2015-01-31,0.00491209119250215
usa,debt_issuance,monthly,ew,7,2015-02-28,-0.00688343055022525
usa,debt_issuance,monthly,ew,7,2015-03-31,-0.000567286163258383
usa,debt_issuance,monthly,ew,7,2015-04-30,-0.00898456967405095
usa,debt_issuance,monthly,ew,7,2015-05-31,0.00677160112470988
usa,debt_issuance,monthly,ew,7,2015-06-30,0.00376795203300426
usa,debt_issuance,monthly,ew,7,2015-07-31,0.00779937257077223
usa,debt_issuance,monthly,ew,7,2015-08-31,0.00744314172617295
usa,debt_issuance,monthly,ew,7,2015-09-30,0.00531699393723815
usa,debt_issuance,monthly,ew,7,2015-10-31,0.00238712269601165
usa,debt_issuance,monthly,ew,7,2015-11-30,0.0119752533378276
usa,debt_issuance,monthly,ew,7,2015-12-31,-0.00029832257236551
usa,debt_issuance,monthly,ew,7,2016-01-31,-0.00215999171002161
usa,debt_issuance,monthly,ew,7,2016-02-29,-0.000570701028069524
usa,debt_issuance,monthly,ew,7,2016-03-31,0.00274438179565542
usa,debt_issuance,monthly,ew,7,2016-04-30,0.00355197869030895
usa,debt_issuance,monthly,ew,7,2016-05-31,-0.00439050117868538
usa,debt_issuance,monthly,ew,7,2016-06-30,0.0071230235944726
usa,debt_issuance,monthly,ew,7,2016-07-31,0.00469428619411064
usa,debt_issuance,monthly,ew,7,2016-08-31,0.00449959698136117
usa,debt_issuance,monthly,ew,7,2016-09-30,0.00102791607773735
usa,debt_issuance,monthly,ew,7,2016-10-31,-0.00483488751709047
usa,debt_issuance,monthly,ew,7,2016-11-30,0.00785347659086144
usa,debt_issuance,monthly,ew,7,2016-12-31,0.000638441302129522
usa,debt_issuance,monthly,ew,7,2017-01-31,0.00323378931496648
usa,debt_issuance,monthly,ew,7,2017-02-28,-0.00760710246826933
usa,debt_issuance,monthly,ew,7,2017-03-31,-0.00503067413315394
usa,debt_issuance,monthly,ew,7,2017-04-30,-0.00134751680380747
usa,debt_issuance,monthly,ew,7,2017-05-31,-0.00994932956164188
usa,debt_issuance,monthly,ew,7,2017-06-30,-0.0049820374404181
usa,debt_issuance,monthly,ew,7,2017-07-31,0.00136542749262345
usa,debt_issuance,monthly,ew,7,2017-08-31,-0.00641680564545898
usa,debt_issuance,monthly,ew,7,2017-09-30,0.0102064684007668
usa,debt_issuance,monthly,ew,7,2017-10-31,-0.00198273770151287
usa,debt_issuance,monthly,ew,7,2017-11-30,-0.000424260318308329
usa,debt_issuance,monthly,ew,7,2017-12-31,0.00288615672094751
usa,debt_issuance,monthly,ew,7,2018-01-31,0.00738878852164882
usa,debt_issuance,monthly,ew,7,2018-02-28,-0.00107604451282681
usa,debt_issuance,monthly,ew,7,2018-03-31,-0.00547777822814508
usa,debt_issuance,monthly,ew,7,2018-04-30,0.00305849506035519
usa,debt_issuance,monthly,ew,7,2018-05-31,0.00750767415807157
usa,debt_issuance,monthly,ew,7,2018-06-30,-0.00570874451201982
usa,debt_issuance,monthly,ew,7,2018-07-31,-0.00724139869774552
usa,debt_issuance,monthly,ew,7,2018-08-31,-0.000334778754176251
usa,debt_issuance,monthly,ew,7,2018-09-30,-0.00282898989356932
usa,debt_issuance,monthly,ew,7,2018-10-31,-0.00264099030967075
usa,debt_issuance,monthly,ew,7,2018-11-30,-0.00755843660883093
usa,debt_issuance,monthly,ew,7,2018-12-31,-0.00709901002972598
usa,debt_issuance,monthly,ew,7,2019-01-31,0.0109142725938202
usa,debt_issuance,monthly,ew,7,2019-02-28,-0.000132838479546752
usa,debt_issuance,monthly,ew,7,2019-03-31,0.00423540103540383
usa,debt_issuance,monthly,ew,7,2019-04-30,-0.00829370612788771
usa,debt_issuance,monthly,ew,7,2019-05-31,-0.00767452306401576
usa,debt_issuance,monthly,ew,7,2019-06-30,-0.00387928182886231
usa,debt_issuance,monthly,ew,7,2019-07-31,-0.00507272556569389
usa,debt_issuance,monthly,ew,7,2019-08-31,-0.00280147943166597
usa,debt_issuance,monthly,ew,7,2019-09-30,-0.00601693959876598
usa,debt_issuance,monthly,ew,7,2019-10-31,0.00666342316480107
usa,debt_issuance,monthly,ew,7,2019-11-30,-0.00143447423177722
usa,debt_issuance,monthly,ew,7,2019-12-31,0.00253750219295435
usa,debt_issuance,monthly,ew,7,2020-01-31,0.00971282080248869
usa,debt_issuance,monthly,ew,7,2020-02-29,0.00091279895367919
usa,debt_issuance,monthly,ew,7,2020-03-31,0.0170904349140092
usa,debt_issuance,monthly,ew,7,2020-04-30,-0.0188739178002321
usa,debt_issuance,monthly,ew,7,2020-05-31,-0.000545653207605293
usa,debt_issuance,monthly,ew,7,2020-06-30,0.0104643139814377
usa,debt_issuance,monthly,ew,7,2020-07-31,-0.00297594826080211
usa,debt_issuance,monthly,ew,7,2020-08-31,-0.0209865120265433
usa,debt_issuance,monthly,ew,7,2020-09-30,-0.00337669235585968
usa,debt_issuance,monthly,ew,7,2020-10-31,0.000510943102966808
usa,debt_issuance,monthly,ew,7,2020-11-30,-0.000334832494485337
usa,debt_issuance,monthly,ew,7,2020-12-31,0.00645136153310791
usa,debt_issuance,monthly,ew,7,2021-01-31,0.0425542470241219
usa,debt_issuance,monthly,ew,7,2021-02-28,0.00245416881696282
usa,debt_issuance,monthly,ew,7,2021-03-31,0.00252283874666797
usa,debt_issuance,monthly,ew,7,2021-04-30,-0.00792839117988248
usa,debt_issuance,monthly,ew,7,2021-05-31,0.00176115160690473
usa,debt_issuance,monthly,ew,7,2021-06-30,0.0021700639524499
usa,debt_issuance,monthly,ew,7,2021-07-31,-0.0125274204685445
usa,debt_issuance,monthly,ew,7,2021-08-31,0.0055477219098646
usa,debt_issuance,monthly,ew,7,2021-09-30,0.0112502968904038
usa,debt_issuance,monthly,ew,7,2021-10-31,-0.00727619781109892
usa,debt_issuance,monthly,ew,7,2021-11-30,0.00470044582661637
usa,debt_issuance,monthly,ew,7,2021-12-31,-0.00166384382733637
usa,debt_issuance,monthly,ew,7,2022-01-31,0.00872621013914497
usa,debt_issuance,monthly,ew,7,2022-02-28,0.00121903303054816
usa,debt_issuance,monthly,ew,7,2022-03-31,-0.00175424340628723
usa,debt_issuance,monthly,ew,7,2022-04-30,0.00170298317853857
usa,debt_issuance,monthly,ew,7,2022-05-31,-0.0046837475954897
usa,debt_issuance,monthly,ew,7,2022-06-30,0.00860015915341646
usa,debt_issuance,monthly,ew,7,2022-07-31,-0.00488423680239798
usa,debt_issuance,monthly,ew,7,2022-08-31,0.000764643293156802
usa,debt_issuance,monthly,ew,7,2022-09-30,0.00412214220611862
usa,debt_issuance,monthly,ew,7,2022-10-31,0.00242315791853201
usa,debt_issuance,monthly,ew,7,2022-11-30,0.00202302109402029
usa,debt_issuance,monthly,ew,7,2022-12-31,0.0089175659232154
usa,debt_issuance,monthly,ew,7,2023-01-31,0.00104064535370853
usa,debt_issuance,monthly,ew,7,2023-02-28,-0.00561608396581554
usa,debt_issuance,monthly,ew,7,2023-03-31,-0.00365170734455385
usa,debt_issuance,monthly,ew,7,2023-04-30,0.00362917489783725
usa,debt_issuance,monthly,ew,7,2023-05-31,0.00880923540273892
usa,debt_issuance,monthly,ew,7,2023-06-30,-0.00798005227528049
usa,debt_issuance,monthly,ew,7,2023-07-31,-0.008330673440535
usa,debt_issuance,monthly,ew,7,2023-08-31,0.00607245225201903
usa,debt_issuance,monthly,ew,7,2023-09-30,0.00290502468147883
usa,debt_issuance,monthly,ew,7,2023-10-31,-0.00348126488775655
usa,debt_issuance,monthly,ew,7,2023-11-30,0.00234929324003249
usa,debt_issuance,monthly,ew,7,2023-12-31,0.00169250878134608
usa,debt_issuance,monthly,ew,7,2024-01-31,0.00382183223827613
usa,debt_issuance,monthly,ew,7,2024-02-29,0.00621737820135748
usa,debt_issuance,monthly,ew,7,2024-03-31,-0.00229821429746539
usa,debt_issuance,monthly,ew,7,2024-04-30,-0.00420881559211878
usa,debt_issuance,monthly,ew,7,2024-05-31,0.00760298229945767
usa,debt_issuance,monthly,ew,7,2024-06-30,-0.00279689563743891
usa,debt_issuance,monthly,ew,7,2024-07-31,-0.000411657138475764
usa,debt_issuance,monthly,ew,7,2024-08-31,-0.00291633852125101
usa,debt_issuance,monthly,ew,7,2024-09-30,0.00296234892490489
usa,debt_issuance,monthly,ew,7,2024-10-31,0.00572123446715738
usa,debt_issuance,monthly,ew,7,2024-11-30,0.00674967905475138
usa,debt_issuance,monthly,ew,7,2024-12-31,0.00794686267383822
usa,investment,monthly,ew,2,1931-01-31,0.110744784582341
usa,investment,monthly,ew,2,1931-02-28,0.0239843734750621
usa,investment,monthly,ew,2,1931-03-31,0.0304409218780661
usa,investment,monthly,ew,2,1931-04-30,-0.0271635577471443
usa,investment,monthly,ew,2,1931-05-31,0.0277011693871507
usa,investment,monthly,ew,2,1931-06-30,0.00858301862923622
usa,investment,monthly,ew,2,1931-07-31,0.0357043080347145
usa,investment,monthly,ew,2,1931-08-31,-0.0396234683622694
usa,investment,monthly,ew,2,1931-09-30,0.00187135678185996
usa,investment,monthly,ew,2,1931-10-31,-0.0169706545872811
usa,investment,monthly,ew,2,1931-11-30,0.00547555270783908
usa,investment,monthly,ew,2,1931-12-31,-0.0568605136612406
usa,investment,monthly,ew,2,1932-01-31,0.148974337790643
usa,investment,monthly,ew,2,1932-02-29,-0.0477351492890766
usa,investment,monthly,ew,2,1932-03-31,0.0124180871701355
usa,investment,monthly,ew,2,1932-04-30,0.0229968312814585
usa,investment,monthly,ew,2,1932-05-31,0.0784526466387684
usa,investment,monthly,ew,2,1932-06-30,-0.00245845770408003
usa,investment,monthly,ew,2,1932-07-31,0.119890458176557
usa,investment,monthly,ew,2,1932-08-31,0.434603774254368
usa,investment,monthly,ew,2,1932-09-30,-0.0870654259855466
usa,investment,monthly,ew,2,1932-10-31,-0.0718174892798128
usa,investment,monthly,ew,2,1932-11-30,-0.0359519184119452
usa,investment,monthly,ew,2,1932-12-31,-0.0644279278270472
usa,investment,monthly,ew,2,1933-01-31,0.0119366593174812
usa,investment,monthly,ew,2,1933-02-28,-0.0252053720908958
usa,investment,monthly,ew,2,1933-03-31,0.0517471667400181
usa,investment,monthly,ew,2,1933-04-30,0.244004863482483
usa,investment,monthly,ew,2,1933-05-31,0.537589790658413
usa,investment,monthly,ew,2,1933-06-30,0.120019709517861
usa,investment,monthly,ew,2,1933-07-31,0.0117389199715871
usa,investment,monthly,ew,2,1933-08-31,0.00791081584803164
usa,investment,monthly,ew,2,1933-09-30,-0.0528525173148705
usa,investment,monthly,ew,2,1933-10-31,-0.0523965494582858
usa,investment,monthly,ew,2,1933-11-30,0.0200434554873347
usa,investment,monthly,ew,2,1933-12-31,0.0103005026177523
usa,investment,monthly,ew,2,1934-01-31,0.26842823966034
usa,investment,monthly,ew,2,1934-02-28,0.0444852739645191
usa,investment,monthly,ew,2,1934-03-31,-0.0148061605232162
usa,investment,monthly,ew,2,1934-04-30,-0.0206892244843657
usa,investment,monthly,ew,2,1934-05-31,-0.0581976900620629
usa,investment,monthly,ew,2,1934-06-30,-0.0411396095692129
usa,investment,monthly,ew,2,1934-07-31,-0.0708927093737028
usa,investment,monthly,ew,2,1934-08-31,0.0229077362424211
usa,investment,monthly,ew,2,1934-09-30,0.00672695418036911
usa,investment,monthly,ew,2,1934-10-31,-0.00446186438380529
usa,investment,monthly,ew,2,1934-11-30,0.010399261723043
usa,investment,monthly,ew,2,1934-12-31,-0.0192322910598142
usa,investment,monthly,ew,2,1935-01-31,0.00715277342786984
usa,investment,monthly,ew,2,1935-02-28,-0.0354316672483071
usa,investment,monthly,ew,2,1935-03-31,0.0184147141889598
usa,investment,monthly,ew,2,1935-04-30,0.0364657117179328
usa,investment,monthly,ew,2,1935-05-31,0.0246135392557571
usa,investment,monthly,ew,2,1935-06-30,0.00719325549041573
usa,investment,monthly,ew,2,1935-07-31,0.0525997902828717
usa,investment,monthly,ew,2,1935-08-31,0.0900255733933107
usa,investment,monthly,ew,2,1935-09-30,-0.00107403097448313
usa,investment,monthly,ew,2,1935-10-31,0.0403559668579634
usa,investment,monthly,ew,2,1935-11-30,0.0320135048459168
usa,investment,monthly,ew,2,1935-12-31,-0.00897645691463751
usa,investment,monthly,ew,2,1936-01-31,0.126055222251715
usa,investment,monthly,ew,2,1936-02-29,0.0036955079170367
usa,investment,monthly,ew,2,1936-03-31,-0.0120580885836752
usa,investment,monthly,ew,2,1936-04-30,-0.045978292894604
usa,investment,monthly,ew,2,1936-05-31,0.0174452754088604
usa,investment,monthly,ew,2,1936-06-30,0.000606281171447403
usa,investment,monthly,ew,2,1936-07-31,0.0102272661373157
usa,investment,monthly,ew,2,1936-08-31,0.00106588280852397
usa,investment,monthly,ew,2,1936-09-30,0.00392246432736026
usa,investment,monthly,ew,2,1936-10-31,0.0127815265864002
usa,investment,monthly,ew,2,1936-11-30,-0.0148181096970778
usa,investment,monthly,ew,2,1936-12-31,-0.00759544889063798
usa,investment,monthly,ew,2,1937-01-31,-0.0131599370161322
usa,investment,monthly,ew,2,1937-02-28,-0.0145037263376044
usa,investment,monthly,ew,2,1937-03-31,-0.0177138221881982
usa,investment,monthly,ew,2,1937-04-30,0.0111711337313984
usa,investment,monthly,ew,2,1937-05-31,-0.018392807219838
usa,investment,monthly,ew,2,1937-06-30,0.00819388060804074
usa,investment,monthly,ew,2,1937-07-31,-0.0255208011503226
usa,investment,monthly,ew,2,1937-08-31,-0.0125791052256462
usa,investment,monthly,ew,2,1937-09-30,0.0317948400143795
usa,investment,monthly,ew,2,1937-10-31,0.0340455901692706
usa,investment,monthly,ew,2,1937-11-30,0.0314587641592513
usa,investment,monthly,ew,2,1937-12-31,0.026238704307271
usa,investment,monthly,ew,2,1938-01-31,-0.0119813333171002
usa,investment,monthly,ew,2,1938-02-28,-0.0213292070668516
usa,investment,monthly,ew,2,1938-03-31,0.0849124413416168
usa,investment,monthly,ew,2,1938-04-30,-0.0636885238751599
usa,investment,monthly,ew,2,1938-05-31,0.0494033292664338
usa,investment,monthly,ew,2,1938-06-30,-0.126798168445511
usa,investment,monthly,ew,2,1938-07-31,-0.021806018551122
usa,investment,monthly,ew,2,1938-08-31,-0.0369097069350134
usa,investment,monthly,ew,2,1938-09-30,0.00559260842673933
usa,investment,monthly,ew,2,1938-10-31,0.0291985314956694
usa,investment,monthly,ew,2,1938-11-30,-0.00810900089138564
usa,investment,monthly,ew,2,1938-12-31,-0.0233759685181923
usa,investment,monthly,ew,2,1939-01-31,0.0194864716595105
usa,investment,monthly,ew,2,1939-02-28,0.0047656078802906
usa,investment,monthly,ew,2,1939-03-31,-0.00523763983218868
usa,investment,monthly,ew,2,1939-04-30,0.00648692448443132
usa,investment,monthly,ew,2,1939-05-31,-0.00857768494841113
usa,investment,monthly,ew,2,1939-06-30,-0.0131162267821944
usa,investment,monthly,ew,2,1939-07-31,-0.0216390270348172
usa,investment,monthly,ew,2,1939-08-31,0.0149548102310216
usa,investment,monthly,ew,2,1939-09-30,0.0953737493645121
usa,investment,monthly,ew,2,1939-10-31,-0.0231712150552882
usa,investment,monthly,ew,2,1939-11-30,-0.0244568057447054
usa,investment,monthly,ew,2,1939-12-31,-0.0258364435862196
usa,investment,monthly,ew,2,1940-01-31,0.0404729021392411
usa,investment,monthly,ew,2,1940-02-29,0.00125772099709942
usa,investment,monthly,ew,2,1940-03-31,-0.00498267163844915
usa,investment,monthly,ew,2,1940-04-30,0.00223872827624802
usa,investment,monthly,ew,2,1940-05-31,0.00597523480212039
usa,investment,monthly,ew,2,1940-06-30,0.0108549739112387
usa,investment,monthly,ew,2,1940-07-31,-0.00381772162026145
usa,investment,monthly,ew,2,1940-08-31,-0.00724517641399697
usa,investment,monthly,ew,2,1940-09-30,-0.0205304176268731
usa,investment,monthly,ew,2,1940-10-31,-0.0177421172532021
usa,investment,monthly,ew,2,1940-11-30,-0.0153389996534222
usa,investment,monthly,ew,2,1940-12-31,-0.0278163238372076
usa,investment,monthly,ew,2,1941-01-31,0.0834123235520809
usa,investment,monthly,ew,2,1941-02-28,-0.00705199702341335
usa,investment,monthly,ew,2,1941-03-31,0.0157444527408995
usa,investment,monthly,ew,2,1941-04-30,0.00260132588373338
usa,investment,monthly,ew,2,1941-05-31,-0.00718511924709115
usa,investment,monthly,ew,2,1941-06-30,-0.0117748499264937
usa,investment,monthly,ew,2,1941-07-31,0.0787909115194247
usa,investment,monthly,ew,2,1941-08-31,-0.00550119271953809
usa,investment,monthly,ew,2,1941-09-30,-0.0187425164294681
usa,investment,monthly,ew,2,1941-10-31,-0.032824470446033
usa,investment,monthly,ew,2,1941-11-30,-0.0257508682695521
usa,investment,monthly,ew,2,1941-12-31,-0.0725540754780143
usa,investment,monthly,ew,2,1942-01-31,0.202868505855328
usa,investment,monthly,ew,2,1942-02-28,0.00903273513605286
usa,investment,monthly,ew,2,1942-03-31,0.0139166957383498
usa,investment,monthly,ew,2,1942-04-30,0.0167873735963383
usa,investment,monthly,ew,2,1942-05-31,-0.0201620138115976
usa,investment,monthly,ew,2,1942-06-30,-0.00749397330324183
usa,investment,monthly,ew,2,1942-07-31,0.020086682072254
usa,investment,monthly,ew,2,1942-08-31,0.0165665011800979
usa,investment,monthly,ew,2,1942-09-30,0.0454292925410348
usa,investment,monthly,ew,2,1942-10-31,0.0777741712698513
usa,investment,monthly,ew,2,1942-11-30,0.00905015261111433
usa,investment,monthly,ew,2,1942-12-31,-0.00333431779259211
usa,investment,monthly,ew,2,1943-01-31,0.152374295880898
usa,investment,monthly,ew,2,1943-02-28,0.0754533142727823
usa,investment,monthly,ew,2,1943-03-31,0.0228560810502126
usa,investment,monthly,ew,2,1943-04-30,0.0306298784304052
usa,investment,monthly,ew,2,1943-05-31,0.0425149608532568
usa,investment,monthly,ew,2,1943-06-30,0.00524450654693581
usa,investment,monthly,ew,2,1943-07-31,-0.0276507661422988
usa,investment,monthly,ew,2,1943-08-31,-0.00450946285272327
usa,investment,monthly,ew,2,1943-09-30,0.0198463048305462
usa,investment,monthly,ew,2,1943-10-31,-0.0172728351572994
usa,investment,monthly,ew,2,1943-11-30,-0.017777776089895
usa,investment,monthly,ew,2,1943-12-31,0.00979530270404969
usa,investment,monthly,ew,2,1944-01-31,0.0343816306205573
usa,investment,monthly,ew,2,1944-02-29,0.000759409746642287
usa,investment,monthly,ew,2,1944-03-31,0.000576283402596751
usa,investment,monthly,ew,2,1944-04-30,0.00445719684009176
usa,investment,monthly,ew,2,1944-05-31,-0.0137036246747338
usa,investment,monthly,ew,2,1944-06-30,-0.0317895838572827
usa,investment,monthly,ew,2,1944-07-31,0.00547031113576457
usa,investment,monthly,ew,2,1944-08-31,0.0011600154991526
usa,investment,monthly,ew,2,1944-09-30,0.00131656726658171
usa,investment,monthly,ew,2,1944-10-31,-0.00722233681014182
usa,investment,monthly,ew,2,1944-11-30,-0.0189184228105916
usa,investment,monthly,ew,2,1944-12-31,-0.00934543289611967
usa,investment,monthly,ew,2,1945-01-31,0.0152451326924039
usa,investment,monthly,ew,2,1945-02-28,-0.00258846833432203
usa,investment,monthly,ew,2,1945-03-31,0.0104973915601286
usa,investment,monthly,ew,2,1945-04-30,-0.0190201737737317
usa,investment,monthly,ew,2,1945-05-31,-0.0161306088966409
usa,investment,monthly,ew,2,1945-06-30,0.0124859903756955
usa,investment,monthly,ew,2,1945-07-31,0.0109198341083448
usa,investment,monthly,ew,2,1945-08-31,-0.00382744042925649
usa,investment,monthly,ew,2,1945-09-30,-0.003292241286818
usa,investment,monthly,ew,2,1945-10-31,-0.0325911151197177
usa,investment,monthly,ew,2,1945-11-30,-0.0433668758404048
usa,investment,monthly,ew,2,1945-12-31,-0.0151233212937546
usa,investment,monthly,ew,2,1946-01-31,0.0214662517240324
usa,investment,monthly,ew,2,1946-02-28,0.0149644658167395
usa,investment,monthly,ew,2,1946-03-31,-0.0109028278837582
usa,investment,monthly,ew,2,1946-04-30,-0.0110350223072334
usa,investment,monthly,ew,2,1946-05-31,-0.0224849294217357
usa,investment,monthly,ew,2,1946-06-30,0.0204830202065716
usa,investment,monthly,ew,2,1946-07-31,0.0177956869112758
usa,investment,monthly,ew,2,1946-08-31,0.0285992624078736
usa,investment,monthly,ew,2,1946-09-30,0.0565758507321592
usa,investment,monthly,ew,2,1946-10-31,0.0133187891982245
usa,investment,monthly,ew,2,1946-11-30,0.0291108519675202
usa,investment,monthly,ew,2,1946-12-31,0.0114633233921972
usa,investment,monthly,ew,2,1947-01-31,-0.0105747666740718
usa,investment,monthly,ew,2,1947-02-28,0.00235617308613803
usa,investment,monthly,ew,2,1947-03-31,0.0328635073193293
usa,investment,monthly,ew,2,1947-04-30,0.0511898671472152
usa,investment,monthly,ew,2,1947-05-31,0.036190739673519
usa,investment,monthly,ew,2,1947-06-30,-0.0233058624879653
usa,investment,monthly,ew,2,1947-07-31,-0.0324482296706692
usa,investment,monthly,ew,2,1947-08-31,0.0184624851508077
usa,investment,monthly,ew,2,1947-09-30,0.0033144205970639
usa,investment,monthly,ew,2,1947-10-31,-0.0179192750352805
usa,investment,monthly,ew,2,1947-11-30,0.0247702417845212
usa,investment,monthly,ew,2,1947-12-31,0.00079631519111158
usa,investment,monthly,ew,2,1948-01-31,0.00754871134625853
usa,investment,monthly,ew,2,1948-02-29,0.027731037496553
usa,investment,monthly,ew,2,1948-03-31,0.00212653540237579
usa,investment,monthly,ew,2,1948-04-30,0.00418594483138768
usa,investment,monthly,ew,2,1948-05-31,-0.00394249281187008
usa,investment,monthly,ew,2,1948-06-30,0.00988889739562302
usa,investment,monthly,ew,2,1948-07-31,0.0120810537257786
usa,investment,monthly,ew,2,1948-08-31,-0.000756634478599975
usa,investment,monthly,ew,2,1948-09-30,0.013309216409186
usa,investment,monthly,ew,2,1948-10-31,0.00218510725105239
usa,investment,monthly,ew,2,1948-11-30,0.0161724485798741
usa,investment,monthly,ew,2,1948-12-31,0.000695990813562331
usa,investment,monthly,ew,2,1949-01-31,0.0183723884844601
usa,investment,monthly,ew,2,1949-02-28,0.0090790564866513
usa,investment,monthly,ew,2,1949-03-31,0.0000743891271825364
usa,investment,monthly,ew,2,1949-04-30,0.00719323525858717
usa,investment,monthly,ew,2,1949-05-31,0.00779169545650869
usa,investment,monthly,ew,2,1949-06-30,-0.00446147472335988
usa,investment,monthly,ew,2,1949-07-31,-0.00985463405859505
usa,investment,monthly,ew,2,1949-08-31,-0.0110770395687605
usa,investment,monthly,ew,2,1949-09-30,-0.0106814850369024
usa,investment,monthly,ew,2,1949-10-31,0.00675179134170155
usa,investment,monthly,ew,2,1949-11-30,-0.0226425485130771
usa,investment,monthly,ew,2,1949-12-31,0.0245882429491948
usa,investment,monthly,ew,2,1950-01-31,0.0301692895035939
usa,investment,monthly,ew,2,1950-02-28,0.0050898486336523
usa,investment,monthly,ew,2,1950-03-31,-0.00320018286141953
usa,investment,monthly,ew,2,1950-04-30,0.0180691560985805
usa,investment,monthly,ew,2,1950-05-31,-0.0146774045967626
usa,investment,monthly,ew,2,1950-06-30,-0.0270189834242816
usa,investment,monthly,ew,2,1950-07-31,0.0556802499917141
usa,investment,monthly,ew,2,1950-08-31,-0.0098973689377634
usa,investment,monthly,ew,2,1950-09-30,-0.00390928974608873
usa,investment,monthly,ew,2,1950-10-31,0.00705436086343543
usa,investment,monthly,ew,2,1950-11-30,-0.00410616631963788
usa,investment,monthly,ew,2,1950-12-31,0.0597408793029636
usa,investment,monthly,ew,2,1951-01-31,0.026787794212628
usa,investment,monthly,ew,2,1951-02-28,-0.0187475219161194
usa,investment,monthly,ew,2,1951-03-31,-0.0182537218462904
usa,investment,monthly,ew,2,1951-04-30,-0.00142731628653719
usa,investment,monthly,ew,2,1951-05-31,-0.0126205165597614
usa,investment,monthly,ew,2,1951-06-30,-0.0267678640123047
usa,investment,monthly,ew,2,1951-07-31,-0.00618228602791749
usa,investment,monthly,ew,2,1951-08-31,0.00472404329641683
usa,investment,monthly,ew,2,1951-09-30,-0.00217012845366383
usa,investment,monthly,ew,2,1951-10-31,-0.00026678896412443
usa,investment,monthly,ew,17,1951-11-30,-0.023938795284477
usa,investment,monthly,ew,18,1951-12-31,-0.0103124900188151
usa,investment,monthly,ew,18,1952-01-31,0.000757555597005304
usa,investment,monthly,ew,18,1952-02-29,0.00423279854631089
usa,investment,monthly,ew,18,1952-03-31,0.00232674770385826
usa,investment,monthly,ew,18,1952-04-30,-0.0018968543111354
usa,investment,monthly,ew,18,1952-05-31,-0.0116857256334423
usa,investment,monthly,ew,18,1952-06-30,-0.00752122515879053
usa,investment,monthly,ew,18,1952-07-31,-0.000149134660577448
usa,investment,monthly,ew,18,1952-08-31,0.00936379650898319
usa,investment,monthly,ew,18,1952-09-30,0.00139042573002332
usa,investment,monthly,ew,18,1952-10-31,0.00363429549546974
usa,investment,monthly,ew,19,1952-11-30,-0.00984227040315885
usa,investment,monthly,ew,19,1952-12-31,-0.00481704647216505
usa,investment,monthly,ew,19,1953-01-31,0.0133064319196088
usa,investment,monthly,ew,19,1953-02-28,0.00653647051804958
usa,investment,monthly,ew,19,1953-03-31,0.000626104644530166
usa,investment,monthly,ew,19,1953-04-30,0.00833289367282553
usa,investment,monthly,ew,19,1953-05-31,0.00113861130232672
usa,investment,monthly,ew,19,1953-06-30,0.00139308094975391
usa,investment,monthly,ew,19,1953-07-31,-0.0000278341893384744
usa,investment,monthly,ew,19,1953-08-31,0.00717930972112969
usa,investment,monthly,ew,19,1953-09-30,-0.00835843688687431
usa,investment,monthly,ew,19,1953-10-31,-0.00584952921067057
usa,investment,monthly,ew,21,1953-11-30,-0.00514256957006364
usa,investment,monthly,ew,21,1953-12-31,-0.00203442147658877
usa,investment,monthly,ew,21,1954-01-31,-0.00192555077684991
usa,investment,monthly,ew,21,1954-02-28,-0.00600409145905311
usa,investment,monthly,ew,21,1954-03-31,-0.0146359891425872
usa,investment,monthly,ew,21,1954-04-30,-0.0135245644270573
usa,investment,monthly,ew,21,1954-05-31,0.000653039569525232
usa,investment,monthly,ew,21,1954-06-30,0.0000929613511408102
usa,investment,monthly,ew,21,1954-07-31,0.00271466440159555
usa,investment,monthly,ew,21,1954-08-31,0.00924345370054415
usa,investment,monthly,ew,21,1954-09-30,-0.00797244714647933
usa,investment,monthly,ew,21,1954-10-31,-0.00419398772544567
usa,investment,monthly,ew,21,1954-11-30,0.00163765179624061
usa,investment,monthly,ew,21,1954-12-31,0.00523708846883781
usa,investment,monthly,ew,21,1955-01-31,-0.000155810668860903
usa,investment,monthly,ew,21,1955-02-28,0.00103663074856096
usa,investment,monthly,ew,21,1955-03-31,-0.00113832068054529
usa,investment,monthly,ew,21,1955-04-30,-0.00590119410911343
usa,investment,monthly,ew,21,1955-05-31,-0.00849348062806918
usa,investment,monthly,ew,21,1955-06-30,-0.000264351938861513
usa,investment,monthly,ew,21,1955-07-31,0.00497239105976127
usa,investment,monthly,ew,21,1955-08-31,0.00641360004024532
usa,investment,monthly,ew,21,1955-09-30,0.00559750401774304
usa,investment,monthly,ew,21,1955-10-31,0.000321082597311656
usa,investment,monthly,ew,21,1955-11-30,-0.00394627368340897
usa,investment,monthly,ew,21,1955-12-31,0.00281904228841404
usa,investment,monthly,ew,21,1956-01-31,0.00986011859614616
usa,investment,monthly,ew,21,1956-02-29,-0.00130409661459896
usa,investment,monthly,ew,21,1956-03-31,-0.00469613923084796
usa,investment,monthly,ew,21,1956-04-30,-0.000790622505486277
usa,investment,monthly,ew,21,1956-05-31,0.0055426406093522
usa,investment,monthly,ew,21,1956-06-30,-0.0177277352610848
usa,investment,monthly,ew,21,1956-07-31,-0.0137368680359621
usa,investment,monthly,ew,21,1956-08-31,0.00241713931902671
usa,investment,monthly,ew,21,1956-09-30,0.00850927139183407
usa,investment,monthly,ew,21,1956-10-31,-0.00534472376858115
usa,investment,monthly,ew,21,1956-11-30,0.00547877863174673
usa,investment,monthly,ew,21,1956-12-31,-0.00469975672715115
usa,investment,monthly,ew,21,1957-01-31,0.0190875418362503
usa,investment,monthly,ew,21,1957-02-28,0.00656712985788678
usa,investment,monthly,ew,21,1957-03-31,-0.00451718619680637
usa,investment,monthly,ew,21,1957-04-30,-0.00221598955168624
usa,investment,monthly,ew,21,1957-05-31,-0.0113336701145953
usa,investment,monthly,ew,21,1957-06-30,-0.00613626140398904
usa,investment,monthly,ew,21,1957-07-31,0.00762634786528565
usa,investment,monthly,ew,21,1957-08-31,0.0208860074617965
usa,investment,monthly,ew,21,1957-09-30,0.0189522046353056
usa,investment,monthly,ew,21,1957-10-31,-0.00279872153263269
usa,investment,monthly,ew,21,1957-11-30,-0.00710795408494331
usa,investment,monthly,ew,21,1957-12-31,0.0102518571945285
usa,investment,monthly,ew,21,1958-01-31,0.0150396944367411
usa,investment,monthly,ew,21,1958-02-28,0.00409133671327705
usa,investment,monthly,ew,21,1958-03-31,0.00274109293023568
usa,investment,monthly,ew,21,1958-04-30,0.0118306304356728
usa,investment,monthly,ew,21,1958-05-31,0.000969927077330306
usa,investment,monthly,ew,21,1958-06-30,-0.000830940718902995
usa,investment,monthly,ew,21,1958-07-31,-0.00439762900626269
usa,investment,monthly,ew,21,1958-08-31,0.0049383735446638
usa,investment,monthly,ew,21,1958-09-30,0.0000503321347856091
usa,investment,monthly,ew,21,1958-10-31,-0.00802848249083662
usa,investment,monthly,ew,21,1958-11-30,-0.00309824862862099
usa,investment,monthly,ew,21,1958-12-31,0.00326597261571686
usa,investment,monthly,ew,21,1959-01-31,0.017731910261329
usa,investment,monthly,ew,21,1959-02-28,0.001737925703178
usa,investment,monthly,ew,21,1959-03-31,0.00016006952226625
usa,investment,monthly,ew,21,1959-04-30,-0.00550001810424512
usa,investment,monthly,ew,21,1959-05-31,0.0119439521163954
usa,investment,monthly,ew,21,1959-06-30,0.00421830162475772
usa,investment,monthly,ew,21,1959-07-31,0.00188259937105147
usa,investment,monthly,ew,21,1959-08-31,0.00737106691377872
usa,investment,monthly,ew,21,1959-09-30,-0.000504230280479092
usa,investment,monthly,ew,21,1959-10-31,-0.00655010831569762
usa,investment,monthly,ew,21,1959-11-30,-0.00287354174869868
usa,investment,monthly,ew,21,1959-12-31,0.00402434563891124
usa,investment,monthly,ew,21,1960-01-31,0.00234330562885194
usa,investment,monthly,ew,21,1960-02-29,0.00488253329538896
usa,investment,monthly,ew,21,1960-03-31,-0.00465389455892418
usa,investment,monthly,ew,21,1960-04-30,-0.00474613104600843
usa,investment,monthly,ew,21,1960-05-31,-0.0214955851433069
usa,investment,monthly,ew,21,1960-06-30,0.00360087902114396
usa,investment,monthly,ew,21,1960-07-31,0.0121974834021806
usa,investment,monthly,ew,21,1960-08-31,0.00740357191125241
usa,investment,monthly,ew,21,1960-09-30,0.00638164445857491
usa,investment,monthly,ew,21,1960-10-31,0.01398246572898
usa,investment,monthly,ew,21,1960-11-30,-0.0130929729828712
usa,investment,monthly,ew,21,1960-12-31,-0.00364397854570796
usa,investment,monthly,ew,21,1961-01-31,0.0140305605599064
usa,investment,monthly,ew,21,1961-02-28,-0.0192155573478522
usa,investment,monthly,ew,21,1961-03-31,0.00251910442072832
usa,investment,monthly,ew,21,1961-04-30,0.00972117043686602
usa,investment,monthly,ew,21,1961-05-31,0.00170555205901016
usa,investment,monthly,ew,21,1961-06-30,0.00132102777104864
usa,investment,monthly,ew,21,1961-07-31,0.00291232123876907
usa,investment,monthly,ew,21,1961-08-31,-0.00136399568303797
usa,investment,monthly,ew,21,1961-09-30,-0.00610391435496449
usa,investment,monthly,ew,21,1961-10-31,-0.00176401864911329
usa,investment,monthly,ew,21,1961-11-30,-0.00574647284150682
usa,investment,monthly,ew,21,1961-12-31,0.0104891747106543
usa,investment,monthly,ew,21,1962-01-31,0.028833816844209
usa,investment,monthly,ew,21,1962-02-28,0.00156497359402384
usa,investment,monthly,ew,21,1962-03-31,-0.0022576634674017
usa,investment,monthly,ew,21,1962-04-30,0.00865939513084953
usa,investment,monthly,ew,21,1962-05-31,0.0346804160210708
usa,investment,monthly,ew,21,1962-06-30,0.0120797689582784
usa,investment,monthly,ew,21,1962-07-31,-0.0167325799166636
usa,investment,monthly,ew,21,1962-08-31,-0.0109125703786108
usa,investment,monthly,ew,21,1962-09-30,0.0112347995917712
usa,investment,monthly,ew,21,1962-10-31,0.00984153017143289
usa,investment,monthly,ew,22,1962-11-30,-0.00976917056795694
usa,investment,monthly,ew,22,1962-12-31,0.00196600405705783
usa,investment,monthly,ew,22,1963-01-31,0.0131557213587632
usa,investment,monthly,ew,22,1963-02-28,0.0104163397132435
usa,investment,monthly,ew,22,1963-03-31,0.00484460969353744
usa,investment,monthly,ew,22,1963-04-30,-0.000703654307281416
usa,investment,monthly,ew,22,1963-05-31,0.00651505942925003
usa,investment,monthly,ew,22,1963-06-30,-0.00451375912065099
usa,investment,monthly,ew,22,1963-07-31,-0.00550387192526567
usa,investment,monthly,ew,22,1963-08-31,0.000509594019036578
usa,investment,monthly,ew,22,1963-09-30,0.00387996467743197
usa,investment,monthly,ew,22,1963-10-31,-0.0013350261662978
usa,investment,monthly,ew,22,1963-11-30,0.00311317561569831
usa,investment,monthly,ew,22,1963-12-31,0.00213328512207088
usa,investment,monthly,ew,22,1964-01-31,0.0131847687462129
usa,investment,monthly,ew,22,1964-02-29,0.00048358104087814
usa,investment,monthly,ew,22,1964-03-31,0.0189323427366848
usa,investment,monthly,ew,22,1964-04-30,0.0018550683567125
usa,investment,monthly,ew,22,1964-05-31,-0.00322883023155604
usa,investment,monthly,ew,22,1964-06-30,-0.0032444778769682
usa,investment,monthly,ew,22,1964-07-31,0.00356546631339858
usa,investment,monthly,ew,22,1964-08-31,0.00107969823136399
usa,investment,monthly,ew,22,1964-09-30,0.00489077298381521
usa,investment,monthly,ew,22,1964-10-31,0.00392494266359401
usa,investment,monthly,ew,22,1964-11-30,-0.00824349771248271
usa,investment,monthly,ew,22,1964-12-31,-0.00988729289171288
usa,investment,monthly,ew,22,1965-01-31,-0.00434601806196488
usa,investment,monthly,ew,22,1965-02-28,0.000696173814245945
usa,investment,monthly,ew,22,1965-03-31,0.00409177285185675
usa,investment,monthly,ew,22,1965-04-30,-0.00813372558305041
usa,investment,monthly,ew,22,1965-05-31,0.00371800319752755
usa,investment,monthly,ew,22,1965-06-30,0.0101090619155448
usa,investment,monthly,ew,22,1965-07-31,-0.00136080582554283
usa,investment,monthly,ew,22,1965-08-31,-0.00787523356720779
usa,investment,monthly,ew,22,1965-09-30,-0.00115108947712124
usa,investment,monthly,ew,22,1965-10-31,-0.00337414522211996
usa,investment,monthly,ew,22,1965-11-30,0.00409580212666011
usa,investment,monthly,ew,22,1965-12-31,-0.00468704120954454
usa,investment,monthly,ew,22,1966-01-31,0.00414153463727624
usa,investment,monthly,ew,22,1966-02-28,0.00547531498941538
usa,investment,monthly,ew,22,1966-03-31,0.00697841170027187
usa,investment,monthly,ew,22,1966-04-30,-0.00244219814302772
usa,investment,monthly,ew,22,1966-05-31,0.00471171525773014
usa,investment,monthly,ew,22,1966-06-30,-0.00149002445055292
usa,investment,monthly,ew,22,1966-07-31,0.00249930238183303
usa,investment,monthly,ew,22,1966-08-31,0.00760064797384402
usa,investment,monthly,ew,22,1966-09-30,0.0105556431490499
usa,investment,monthly,ew,22,1966-10-31,0.0117234973076738
usa,investment,monthly,ew,22,1966-11-30,-0.0237732088032699
usa,investment,monthly,ew,22,1966-12-31,-0.0111508665851547
usa,investment,monthly,ew,22,1967-01-31,-0.00386845016441129
usa,investment,monthly,ew,22,1967-02-28,0.000867468276681011
usa,investment,monthly,ew,22,1967-03-31,-0.0131377542612592
usa,investment,monthly,ew,22,1967-04-30,-0.0154309826080858
usa,investment,monthly,ew,22,1967-05-31,-0.0050305924177712
usa,investment,monthly,ew,22,1967-06-30,-0.0226506503409178
usa,investment,monthly,ew,22,1967-07-31,0.00943149770656732
usa,investment,monthly,ew,22,1967-08-31,0.0170607035424185
usa,investment,monthly,ew,22,1967-09-30,0.0000684458794311554
usa,investment,monthly,ew,22,1967-10-31,0.00137560302249328
usa,investment,monthly,ew,22,1967-11-30,-0.0119940413605981
usa,investment,monthly,ew,22,1967-12-31,-0.000262389461358577
usa,investment,monthly,ew,22,1968-01-31,0.0476838191950397
usa,investment,monthly,ew,22,1968-02-29,0.0206330886746926
usa,investment,monthly,ew,22,1968-03-31,0.00277933584448637
usa,investment,monthly,ew,22,1968-04-30,-0.0238037730933222
usa,investment,monthly,ew,22,1968-05-31,0.000483047569708577
usa,investment,monthly,ew,22,1968-06-30,0.021250357812071
usa,investment,monthly,ew,22,1968-07-31,0.0269013573280751
usa,investment,monthly,ew,22,1968-08-31,0.0133729373039086
usa,investment,monthly,ew,22,1968-09-30,0.00442525061263045
usa,investment,monthly,ew,22,1968-10-31,0.0110640318076817
usa,investment,monthly,ew,22,1968-11-30,-0.00867795023342058
usa,investment,monthly,ew,22,1968-12-31,0.0110409691038171
usa,investment,monthly,ew,22,1969-01-31,0.0114536481329887
usa,investment,monthly,ew,22,1969-02-28,0.0149182491769952
usa,investment,monthly,ew,22,1969-03-31,0.000122275001365217
usa,investment,monthly,ew,22,1969-04-30,0.000111337774165319
usa,investment,monthly,ew,22,1969-05-31,0.0084434022705186
usa,investment,monthly,ew,22,1969-06-30,0.0127286022964207
usa,investment,monthly,ew,22,1969-07-31,0.0218513211379234
usa,investment,monthly,ew,22,1969-08-31,-0.0223235732513511
usa,investment,monthly,ew,22,1969-09-30,0.0000644379262958876
usa,investment,monthly,ew,22,1969-10-31,-0.019309302453541
usa,investment,monthly,ew,22,1969-11-30,0.007078341201638
usa,investment,monthly,ew,22,1969-12-31,-0.00277403542215579
usa,investment,monthly,ew,22,1970-01-31,0.0296172957598649
usa,investment,monthly,ew,22,1970-02-28,0.00993922548071568
usa,investment,monthly,ew,22,1970-03-31,0.0343920877264007
usa,investment,monthly,ew,22,1970-04-30,0.0512376394827366
usa,investment,monthly,ew,22,1970-05-31,0.0220917745189538
usa,investment,monthly,ew,22,1970-06-30,0.013554245410523
usa,investment,monthly,ew,22,1970-07-31,0.00573558358311357
usa,investment,monthly,ew,22,1970-08-31,-0.00296045175199272
usa,investment,monthly,ew,22,1970-09-30,-0.0410626781185394
usa,investment,monthly,ew,22,1970-10-31,0.0117889923696421
usa,investment,monthly,ew,22,1970-11-30,0.00533561700896386
usa,investment,monthly,ew,22,1970-12-31,0.00252195489306951
usa,investment,monthly,ew,22,1971-01-31,0.0146908010956099
usa,investment,monthly,ew,22,1971-02-28,-0.00645508528449509
usa,investment,monthly,ew,22,1971-03-31,-0.0109613773225275
usa,investment,monthly,ew,22,1971-04-30,-0.0011917065890002
usa,investment,monthly,ew,22,1971-05-31,-0.00672088653183615
usa,investment,monthly,ew,22,1971-06-30,-0.013032738351715
usa,investment,monthly,ew,22,1971-07-31,0.00205715922555955
usa,investment,monthly,ew,22,1971-08-31,0.00710303532115219
usa,investment,monthly,ew,22,1971-09-30,-0.0169230540845076
usa,investment,monthly,ew,22,1971-10-31,0.00111676407379802
usa,investment,monthly,ew,22,1971-11-30,-0.00459887086473136
usa,investment,monthly,ew,22,1971-12-31,-0.0107791729975391
usa,investment,monthly,ew,22,1972-01-31,0.0289675855456461
usa,investment,monthly,ew,22,1972-02-29,-0.00122384062030725
usa,investment,monthly,ew,22,1972-03-31,-0.00351936264766714
usa,investment,monthly,ew,22,1972-04-30,0.00442446246398843
usa,investment,monthly,ew,22,1972-05-31,-0.0114972193686214
usa,investment,monthly,ew,22,1972-06-30,-0.00224977767738172
usa,investment,monthly,ew,22,1972-07-31,0.0104406546378897
usa,investment,monthly,ew,22,1972-08-31,0.0143258236308168
usa,investment,monthly,ew,22,1972-09-30,-0.00252444365603624
usa,investment,monthly,ew,22,1972-10-31,0.00406765882307245
usa,investment,monthly,ew,22,1972-11-30,0.0034200276825064
usa,investment,monthly,ew,22,1972-12-31,-0.0102903105240791
usa,investment,monthly,ew,22,1973-01-31,0.0273152727525492
usa,investment,monthly,ew,22,1973-02-28,0.020873478142663
usa,investment,monthly,ew,22,1973-03-31,0.00885126836204354
usa,investment,monthly,ew,22,1973-04-30,0.0295775073103472
usa,investment,monthly,ew,22,1973-05-31,0.00490677245357001
usa,investment,monthly,ew,22,1973-06-30,0.0213686248900271
usa,investment,monthly,ew,22,1973-07-31,-0.0378219410363642
usa,investment,monthly,ew,22,1973-08-31,0.00682247970362097
usa,investment,monthly,ew,22,1973-09-30,-0.0143287362855634
usa,investment,monthly,ew,22,1973-10-31,0.0192262393621479
usa,investment,monthly,ew,22,1973-11-30,0.0288610674598493
usa,investment,monthly,ew,22,1973-12-31,-0.00539820512264653
usa,investment,monthly,ew,22,1974-01-31,0.04957532839543
usa,investment,monthly,ew,22,1974-02-28,0.0155895474496858
usa,investment,monthly,ew,22,1974-03-31,0.00297537190515238
usa,investment,monthly,ew,22,1974-04-30,0.0133868522325427
usa,investment,monthly,ew,22,1974-05-31,0.00104027634633022
usa,investment,monthly,ew,22,1974-06-30,0.00837506306118695
usa,investment,monthly,ew,22,1974-07-31,0.01956951140794
usa,investment,monthly,ew,22,1974-08-31,0.0193690723149461
usa,investment,monthly,ew,22,1974-09-30,0.0243250560274413
usa,investment,monthly,ew,22,1974-10-31,-0.022736004280847
usa,investment,monthly,ew,22,1974-11-30,0.00679023095378137
usa,investment,monthly,ew,22,1974-12-31,-0.00588895245649844
usa,investment,monthly,ew,22,1975-01-31,0.0397837994785699
usa,investment,monthly,ew,22,1975-02-28,-0.0014342255369292
usa,investment,monthly,ew,22,1975-03-31,0.00965390402115249
usa,investment,monthly,ew,22,1975-04-30,-0.0189670368766939
usa,investment,monthly,ew,22,1975-05-31,-0.00872834499445691
usa,investment,monthly,ew,22,1975-06-30,0.00932174724574944
usa,investment,monthly,ew,22,1975-07-31,0.0158633306706405
usa,investment,monthly,ew,22,1975-08-31,-0.00973252789821549
usa,investment,monthly,ew,22,1975-09-30,0.00133756309052113
usa,investment,monthly,ew,22,1975-10-31,-0.00131418498440439
usa,investment,monthly,ew,22,1975-11-30,0.00766947277456413
usa,investment,monthly,ew,22,1975-12-31,0.0020224863125671
usa,investment,monthly,ew,22,1976-01-31,0.0469455546511493
usa,investment,monthly,ew,22,1976-02-29,0.0538017611409292
usa,investment,monthly,ew,22,1976-03-31,0.00350897198752895
usa,investment,monthly,ew,22,1976-04-30,-0.00409199155412488
usa,investment,monthly,ew,22,1976-05-31,-0.0164731307369022
usa,investment,monthly,ew,22,1976-06-30,-0.00121957531589551
usa,investment,monthly,ew,22,1976-07-31,0.0102526467550791
usa,investment,monthly,ew,22,1976-08-31,-0.0022688210976258
usa,investment,monthly,ew,22,1976-09-30,-0.00337903811525436
usa,investment,monthly,ew,22,1976-10-31,0.000479708980449008
usa,investment,monthly,ew,22,1976-11-30,-0.00415534563528586
usa,investment,monthly,ew,22,1976-12-31,0.0114038524237125
usa,investment,monthly,ew,22,1977-01-31,0.0246145352084712
usa,investment,monthly,ew,22,1977-02-28,0.00891503369054725
usa,investment,monthly,ew,22,1977-03-31,0.00282165957630588
usa,investment,monthly,ew,22,1977-04-30,0.00901781974666233
usa,investment,monthly,ew,22,1977-05-31,0.00645855627725921
usa,investment,monthly,ew,22,1977-06-30,-0.00527706644574823
usa,investment,monthly,ew,22,1977-07-31,0.00661047172423965
usa,investment,monthly,ew,22,1977-08-31,-0.00190853081220024
usa,investment,monthly,ew,22,1977-09-30,-0.00308138866529031
usa,investment,monthly,ew,22,1977-10-31,0.00511745706103656
usa,investment,monthly,ew,22,1977-11-30,0.000558130395319147
usa,investment,monthly,ew,22,1977-12-31,-0.0055235348519307
usa,investment,monthly,ew,22,1978-01-31,0.02097587474462
usa,investment,monthly,ew,22,1978-02-28,0.00273293689368752
usa,investment,monthly,ew,22,1978-03-31,0.00385067962047143
usa,investment,monthly,ew,22,1978-04-30,-0.00641115364130684
usa,investment,monthly,ew,22,1978-05-31,0.000195204614322405
usa,investment,monthly,ew,22,1978-06-30,0.00746528125344204
usa,investment,monthly,ew,22,1978-07-31,-0.00933417819939159
usa,investment,monthly,ew,22,1978-08-31,-0.00242372686149154
usa,investment,monthly,ew,22,1978-09-30,0.0145819417548977
usa,investment,monthly,ew,22,1978-10-31,0.0186110049103559
usa,investment,monthly,ew,22,1978-11-30,-0.0229483919162506
usa,investment,monthly,ew,22,1978-12-31,-0.0100985696639599
usa,investment,monthly,ew,22,1979-01-31,0.00934670410533469
usa,investment,monthly,ew,22,1979-02-28,0.0102817051932946
usa,investment,monthly,ew,22,1979-03-31,-0.0144401818461013
usa,investment,monthly,ew,22,1979-04-30,0.00980857299280013
usa,investment,monthly,ew,22,1979-05-31,0.0104330332570341
usa,investment,monthly,ew,22,1979-06-30,0.00366273978982353
usa,investment,monthly,ew,22,1979-07-31,0.00159110421580247
usa,investment,monthly,ew,22,1979-08-31,-0.00988016692409772
usa,investment,monthly,ew,22,1979-09-30,0.00417827974347187
usa,investment,monthly,ew,22,1979-10-31,0.00777822995442871
usa,investment,monthly,ew,22,1979-11-30,-0.0200037555317595
usa,investment,monthly,ew,22,1979-12-31,-0.00766062372520726
usa,investment,monthly,ew,22,1980-01-31,-0.00186739395724284
usa,investment,monthly,ew,22,1980-02-29,0.000228837841957647
usa,investment,monthly,ew,22,1980-03-31,0.0164423197324625
usa,investment,monthly,ew,22,1980-04-30,-0.00274780702959756
usa,investment,monthly,ew,22,1980-05-31,-0.00760695119739408
usa,investment,monthly,ew,22,1980-06-30,-0.00724533524142666
usa,investment,monthly,ew,22,1980-07-31,-0.0246968640698439
usa,investment,monthly,ew,22,1980-08-31,-0.0123919128053956
usa,investment,monthly,ew,22,1980-09-30,-0.0130925686151306
usa,investment,monthly,ew,22,1980-10-31,-0.0160987127090546
usa,investment,monthly,ew,22,1980-11-30,-0.0473057638906284
usa,investment,monthly,ew,22,1980-12-31,0.0133820059658368
usa,investment,monthly,ew,22,1981-01-31,0.0397367996652884
usa,investment,monthly,ew,22,1981-02-28,0.0169370062651514
usa,investment,monthly,ew,22,1981-03-31,0.00221782226437153
usa,investment,monthly,ew,22,1981-04-30,0.00687412869508092
usa,investment,monthly,ew,22,1981-05-31,-0.00754406289303009
usa,investment,monthly,ew,22,1981-06-30,0.0359133521771109
usa,investment,monthly,ew,22,1981-07-31,-0.000999382881620379
usa,investment,monthly,ew,22,1981-08-31,0.0150815246380614
usa,investment,monthly,ew,22,1981-09-30,0.0203102036171519
usa,investment,monthly,ew,22,1981-10-31,-0.019446457960999
usa,investment,monthly,ew,22,1981-11-30,0.00542149794731104
usa,investment,monthly,ew,22,1981-12-31,0.0123120768389451
usa,investment,monthly,ew,22,1982-01-31,0.0235288671085904
usa,investment,monthly,ew,22,1982-02-28,0.0325163676992567
usa,investment,monthly,ew,22,1982-03-31,0.0229995931903048
usa,investment,monthly,ew,22,1982-04-30,-0.00389664844289032
usa,investment,monthly,ew,22,1982-05-31,0.0100724081484757
usa,investment,monthly,ew,22,1982-06-30,0.0251099634153221
usa,investment,monthly,ew,22,1982-07-31,0.0247129295478146
usa,investment,monthly,ew,22,1982-08-31,-0.00386152051093534
usa,investment,monthly,ew,22,1982-09-30,0.0168253246975935
usa,investment,monthly,ew,22,1982-10-31,-0.0158973209356014
usa,investment,monthly,ew,22,1982-11-30,0.01521871453628
usa,investment,monthly,ew,22,1982-12-31,0.00247516949555198
usa,investment,monthly,ew,22,1983-01-31,0.00761154010735289
usa,investment,monthly,ew,22,1983-02-28,0.023963284492112
usa,investment,monthly,ew,22,1983-03-31,0.0238496173778639
usa,investment,monthly,ew,22,1983-04-30,0.00495330040543303
usa,investment,monthly,ew,22,1983-05-31,0.000959701449216544
usa,investment,monthly,ew,22,1983-06-30,0.00501185928143122
usa,investment,monthly,ew,22,1983-07-31,0.0186187713060453
usa,investment,monthly,ew,22,1983-08-31,0.0034848590766975
usa,investment,monthly,ew,22,1983-09-30,0.0061551062771988
usa,investment,monthly,ew,22,1983-10-31,0.020339235964009
usa,investment,monthly,ew,22,1983-11-30,-0.00413003009168245
usa,investment,monthly,ew,22,1983-12-31,0.0153124410320881
usa,investment,monthly,ew,22,1984-01-31,0.0349343299356885
usa,investment,monthly,ew,22,1984-02-29,0.010479609174862
usa,investment,monthly,ew,22,1984-03-31,0.0157043778481344
usa,investment,monthly,ew,22,1984-04-30,-0.000667406427963075
usa,investment,monthly,ew,22,1984-05-31,0.0101391228560283
usa,investment,monthly,ew,22,1984-06-30,-0.00971990061660583
usa,investment,monthly,ew,22,1984-07-31,0.0016993294387816
usa,investment,monthly,ew,22,1984-08-31,-0.0154698609201501
usa,investment,monthly,ew,22,1984-09-30,0.0155989907447592
usa,investment,monthly,ew,22,1984-10-31,0.00043295643118456
usa,investment,monthly,ew,22,1984-11-30,0.0104991551870556
usa,investment,monthly,ew,22,1984-12-31,-0.0116381161474878
usa,investment,monthly,ew,22,1985-01-31,-0.0276866848932013
usa,investment,monthly,ew,22,1985-02-28,0.0144269200388727
usa,investment,monthly,ew,22,1985-03-31,0.0193204666569523
usa,investment,monthly,ew,22,1985-04-30,0.00727741476786813
usa,investment,monthly,ew,22,1985-05-31,-0.00910219556408386
usa,investment,monthly,ew,22,1985-06-30,-0.00443411074486515
usa,investment,monthly,ew,22,1985-07-31,-0.000827576873611962
usa,investment,monthly,ew,22,1985-08-31,0.0100769982161152
usa,investment,monthly,ew,22,1985-09-30,0.0140852184686897
usa,investment,monthly,ew,22,1985-10-31,-0.00869062598875115
usa,investment,monthly,ew,22,1985-11-30,-0.0127467545079817
usa,investment,monthly,ew,22,1985-12-31,-0.0169830228923881
usa,investment,monthly,ew,22,1986-01-31,0.00619344604778953
usa,investment,monthly,ew,22,1986-02-28,-0.0100163153351908
usa,investment,monthly,ew,22,1986-03-31,0.0000899324237288411
usa,investment,monthly,ew,22,1986-04-30,-0.0059279162861775
usa,investment,monthly,ew,22,1986-05-31,-0.00243023861309515
usa,investment,monthly,ew,22,1986-06-30,0.00410236821300492
usa,investment,monthly,ew,22,1986-07-31,0.0142243617513675
usa,investment,monthly,ew,22,1986-08-31,0.0105783758758115
usa,investment,monthly,ew,22,1986-09-30,0.0271397659471836
usa,investment,monthly,ew,22,1986-10-31,-0.0120439227060404
usa,investment,monthly,ew,22,1986-11-30,0.00417280642120071
usa,investment,monthly,ew,22,1986-12-31,0.00352551755724232
usa,investment,monthly,ew,22,1987-01-31,0.00957328340115197
usa,investment,monthly,ew,22,1987-02-28,-0.0056986118801671
usa,investment,monthly,ew,22,1987-03-31,0.025165804473244
usa,investment,monthly,ew,22,1987-04-30,0.0234201110998309
usa,investment,monthly,ew,22,1987-05-31,0.0220171594788506
usa,investment,monthly,ew,22,1987-06-30,0.00708149411787619
usa,investment,monthly,ew,22,1987-07-31,0.0275842087239628
usa,investment,monthly,ew,22,1987-08-31,-0.0133589717051473
usa,investment,monthly,ew,22,1987-09-30,0.00745950271119852
usa,investment,monthly,ew,22,1987-10-31,0.0333043545780408
usa,investment,monthly,ew,22,1987-11-30,0.0150644308467606
usa,investment,monthly,ew,22,1987-12-31,-0.0313668935809582
usa,investment,monthly,ew,22,1988-01-31,0.0190044269492895
usa,investment,monthly,ew,22,1988-02-29,-0.0101272993046234
usa,investment,monthly,ew,22,1988-03-31,0.00166145231878688
usa,investment,monthly,ew,22,1988-04-30,0.00812089087822889
usa,investment,monthly,ew,22,1988-05-31,0.00992503822352707
usa,investment,monthly,ew,22,1988-06-30,-0.0128235246529623
usa,investment,monthly,ew,22,1988-07-31,0.012550950845907
usa,investment,monthly,ew,22,1988-08-31,0.00890071490193338
usa,investment,monthly,ew,22,1988-09-30,-0.00445971829712979
usa,investment,monthly,ew,22,1988-10-31,0.00278562668873533
usa,investment,monthly,ew,22,1988-11-30,0.000229869656930327
usa,investment,monthly,ew,22,1988-12-31,-0.00403723020631258
usa,investment,monthly,ew,22,1989-01-31,0.00810326184550974
usa,investment,monthly,ew,22,1989-02-28,0.00834087202321989
usa,investment,monthly,ew,22,1989-03-31,0.00708187690291485
usa,investment,monthly,ew,22,1989-04-30,-0.00202959869656817
usa,investment,monthly,ew,22,1989-05-31,-0.0034303294307986
usa,investment,monthly,ew,22,1989-06-30,0.0134661682200405
usa,investment,monthly,ew,22,1989-07-31,-0.010584282829198
usa,investment,monthly,ew,22,1989-08-31,-0.0069062775803177
usa,investment,monthly,ew,22,1989-09-30,-0.00161912932950191
usa,investment,monthly,ew,22,1989-10-31,-0.00338729016078164
usa,investment,monthly,ew,22,1989-11-30,-0.00715139480862362
usa,investment,monthly,ew,22,1989-12-31,-0.000319547161411622
usa,investment,monthly,ew,22,1990-01-31,0.0305189175851069
usa,investment,monthly,ew,22,1990-02-28,0.0020713363098657
usa,investment,monthly,ew,22,1990-03-31,-0.00697330081900804
usa,investment,monthly,ew,22,1990-04-30,0.00381078710770055
usa,investment,monthly,ew,22,1990-05-31,-0.0216412580627753
usa,investment,monthly,ew,22,1990-06-30,-0.00111735071162391
usa,investment,monthly,ew,22,1990-07-31,0.0142609358748431
usa,investment,monthly,ew,22,1990-08-31,0.0176587515602232
usa,investment,monthly,ew,22,1990-09-30,0.0141156879118976
usa,investment,monthly,ew,22,1990-10-31,0.00145546762067601
usa,investment,monthly,ew,22,1990-11-30,-0.0267097180457486
usa,investment,monthly,ew,22,1990-12-31,-0.0217822974118059
usa,investment,monthly,ew,22,1991-01-31,0.0199572993093818
usa,investment,monthly,ew,22,1991-02-28,0.0176401858648774
usa,investment,monthly,ew,22,1991-03-31,0.0192267478865794
usa,investment,monthly,ew,22,1991-04-30,0.0100992902556277
usa,investment,monthly,ew,22,1991-05-31,-0.0020781996860752
usa,investment,monthly,ew,22,1991-06-30,0.020944796053962
usa,investment,monthly,ew,22,1991-07-31,-0.011301201073095
usa,investment,monthly,ew,22,1991-08-31,0.0000236252571055185
usa,investment,monthly,ew,22,1991-09-30,-0.00265651738651778
usa,investment,monthly,ew,22,1991-10-31,0.00035653285850029
usa,investment,monthly,ew,22,1991-11-30,0.00846182315776144
usa,investment,monthly,ew,22,1991-12-31,-0.031558311414798
usa,investment,monthly,ew,22,1992-01-31,0.0956591870725551
usa,investment,monthly,ew,22,1992-02-29,0.0459857035607027
usa,investment,monthly,ew,22,1992-03-31,0.0284829614923613
usa,investment,monthly,ew,22,1992-04-30,0.0214793600303874
usa,investment,monthly,ew,22,1992-05-31,0.00930348928050865
usa,investment,monthly,ew,22,1992-06-30,0.0114306380000686
usa,investment,monthly,ew,22,1992-07-31,0.00265856921880232
usa,investment,monthly,ew,22,1992-08-31,-0.00236951811268164
usa,investment,monthly,ew,22,1992-09-30,-0.00246260786202652
usa,investment,monthly,ew,22,1992-10-31,-0.00822970245497028
usa,investment,monthly,ew,22,1992-11-30,-0.0155310539617038
usa,investment,monthly,ew,22,1992-12-31,0.0056374281376003
usa,investment,monthly,ew,22,1993-01-31,0.0392317132675004
usa,investment,monthly,ew,22,1993-02-28,0.0422126111248814
usa,investment,monthly,ew,22,1993-03-31,0.0098446069379771
usa,investment,monthly,ew,22,1993-04-30,0.0234783944170028
usa,investment,monthly,ew,22,1993-05-31,0.00286610223716489
usa,investment,monthly,ew,22,1993-06-30,0.0148251695322033
usa,investment,monthly,ew,22,1993-07-31,0.0168914559895196
usa,investment,monthly,ew,22,1993-08-31,-0.00637952371541464
usa,investment,monthly,ew,22,1993-09-30,-0.00531803071403909
usa,investment,monthly,ew,22,1993-10-31,0.0117748986861849
usa,investment,monthly,ew,22,1993-11-30,0.0160819931369392
usa,investment,monthly,ew,22,1993-12-31,-0.0015990386584893
usa,investment,monthly,ew,22,1994-01-31,0.0223459486886644
usa,investment,monthly,ew,22,1994-02-28,0.00908533030620597
usa,investment,monthly,ew,22,1994-03-31,0.0194992974886992
usa,investment,monthly,ew,22,1994-04-30,0.0111617520721201
usa,investment,monthly,ew,22,1994-05-31,0.0153994164209591
usa,investment,monthly,ew,22,1994-06-30,0.0142831579552013
usa,investment,monthly,ew,22,1994-07-31,0.0066952842401446
usa,investment,monthly,ew,22,1994-08-31,-0.00625901444329507
usa,investment,monthly,ew,22,1994-09-30,0.00397417555821997
usa,investment,monthly,ew,22,1994-10-31,0.00553905898257594
usa,investment,monthly,ew,22,1994-11-30,0.00633965310493506
usa,investment,monthly,ew,22,1994-12-31,0.0137806743369431
usa,investment,monthly,ew,22,1995-01-31,0.0214974599892638
usa,investment,monthly,ew,22,1995-02-28,0.00755422390798295
usa,investment,monthly,ew,22,1995-03-31,0.00253297863434912
usa,investment,monthly,ew,22,1995-04-30,0.0147743425815878
usa,investment,monthly,ew,22,1995-05-31,0.0129464784125314
usa,investment,monthly,ew,22,1995-06-30,-0.00780432551748297
usa,investment,monthly,ew,22,1995-07-31,-0.0138852692994042
usa,investment,monthly,ew,22,1995-08-31,0.0162674210133382
usa,investment,monthly,ew,22,1995-09-30,0.0130886435191025
usa,investment,monthly,ew,22,1995-10-31,0.011149895787546
usa,investment,monthly,ew,22,1995-11-30,-0.00559296701608515
usa,investment,monthly,ew,22,1995-12-31,0.0134510152471355
usa,investment,monthly,ew,22,1996-01-31,0.0313438803489751
usa,investment,monthly,ew,22,1996-02-29,0.00205913977767255
usa,investment,monthly,ew,22,1996-03-31,0.00889502754410644
usa,investment,monthly,ew,22,1996-04-30,-0.00790057484793742
usa,investment,monthly,ew,22,1996-05-31,0.013837371718782
usa,investment,monthly,ew,22,1996-06-30,0.0268246837607573
usa,investment,monthly,ew,22,1996-07-31,0.0261176567029069
usa,investment,monthly,ew,22,1996-08-31,-0.0122125926979972
usa,investment,monthly,ew,22,1996-09-30,-0.0112892299198571
usa,investment,monthly,ew,22,1996-10-31,0.0198758779384405
usa,investment,monthly,ew,22,1996-11-30,0.000477495262312989
usa,investment,monthly,ew,22,1996-12-31,0.00106258632982192
usa,investment,monthly,ew,22,1997-01-31,0.00209122851768638
usa,investment,monthly,ew,22,1997-02-28,0.0328386558127027
usa,investment,monthly,ew,22,1997-03-31,0.0245171268644146
usa,investment,monthly,ew,22,1997-04-30,0.00714499706183523
usa,investment,monthly,ew,22,1997-05-31,-0.0345765861277199
usa,investment,monthly,ew,22,1997-06-30,0.00375675754045284
usa,investment,monthly,ew,22,1997-07-31,-0.00302146399503874
usa,investment,monthly,ew,22,1997-08-31,0.00119040466233057
usa,investment,monthly,ew,22,1997-09-30,-0.00684443444240475
usa,investment,monthly,ew,22,1997-10-31,0.0202354475632234
usa,investment,monthly,ew,22,1997-11-30,0.0194621769888838
usa,investment,monthly,ew,22,1997-12-31,0.00481713042892251
usa,investment,monthly,ew,22,1998-01-31,0.0108731778770801
usa,investment,monthly,ew,22,1998-02-28,-0.0056392990712054
usa,investment,monthly,ew,22,1998-03-31,0.00478617200828104
usa,investment,monthly,ew,22,1998-04-30,0.0041838685893057
usa,investment,monthly,ew,22,1998-05-31,0.0287015060971313
usa,investment,monthly,ew,22,1998-06-30,-0.00078306043673324
usa,investment,monthly,ew,22,1998-07-31,0.0250169693413338
usa,investment,monthly,ew,22,1998-08-31,0.0425789459968138
usa,investment,monthly,ew,22,1998-09-30,-0.0140728236280611
usa,investment,monthly,ew,22,1998-10-31,-0.0250186101749155
usa,investment,monthly,ew,22,1998-11-30,0.0192629426458599
usa,investment,monthly,ew,22,1998-12-31,-0.0174262655117886
usa,investment,monthly,ew,22,1999-01-31,0.0165966390979067
usa,investment,monthly,ew,22,1999-02-28,0.0275044033339314
usa,investment,monthly,ew,22,1999-03-31,-0.00759159176056551
usa,investment,monthly,ew,22,1999-04-30,0.0085362620926982
usa,investment,monthly,ew,22,1999-05-31,0.0211368051563854
usa,investment,monthly,ew,22,1999-06-30,0.00462348348461006
usa,investment,monthly,ew,22,1999-07-31,0.0256866806387859
usa,investment,monthly,ew,22,1999-08-31,0.0136598407251071
usa,investment,monthly,ew,22,1999-09-30,0.0017368764107766
usa,investment,monthly,ew,22,1999-10-31,-0.000887853216245548
usa,investment,monthly,ew,22,1999-11-30,0.00609924913624318
usa,investment,monthly,ew,22,1999-12-31,-0.00408032199053324
usa,investment,monthly,ew,22,2000-01-31,0.0533334729823667
usa,investment,monthly,ew,22,2000-02-29,0.0120021334095326
usa,investment,monthly,ew,22,2000-03-31,0.0101037789279926
usa,investment,monthly,ew,22,2000-04-30,0.0212822802596299
usa,investment,monthly,ew,22,2000-05-31,0.0337146485890748
usa,investment,monthly,ew,22,2000-06-30,-0.0405305622409872
usa,investment,monthly,ew,22,2000-07-31,0.0289869570147941
usa,investment,monthly,ew,22,2000-08-31,-0.00678817463325253
usa,investment,monthly,ew,22,2000-09-30,0.0444757020442303
usa,investment,monthly,ew,22,2000-10-31,0.0431996030933435
usa,investment,monthly,ew,22,2000-11-30,0.0813587026042585
usa,investment,monthly,ew,22,2000-12-31,0.00534453014038059
usa,investment,monthly,ew,22,2001-01-31,-0.0438626388946388
usa,investment,monthly,ew,22,2001-02-28,0.103676507322998
usa,investment,monthly,ew,22,2001-03-31,0.0666534382419294
usa,investment,monthly,ew,22,2001-04-30,-0.0595644390435476
usa,investment,monthly,ew,22,2001-05-31,0.0180614140697238
usa,investment,monthly,ew,22,2001-06-30,0.019326582963644
usa,investment,monthly,ew,22,2001-07-31,0.0496518151642733
usa,investment,monthly,ew,22,2001-08-31,0.0484622468191953
usa,investment,monthly,ew,22,2001-09-30,0.0492445447297643
usa,investment,monthly,ew,22,2001-10-31,-0.064025810144151
usa,investment,monthly,ew,22,2001-11-30,-0.0299537333332017
usa,investment,monthly,ew,22,2001-12-31,-0.0162219668265736
usa,investment,monthly,ew,22,2002-01-31,0.0547097352727881
usa,investment,monthly,ew,22,2002-02-28,0.0278073641369196
usa,investment,monthly,ew,22,2002-03-31,0.00483813355041175
usa,investment,monthly,ew,22,2002-04-30,0.0332996638396797
usa,investment,monthly,ew,22,2002-05-31,0.0133241408122286
usa,investment,monthly,ew,22,2002-06-30,0.00569300496900791
usa,investment,monthly,ew,22,2002-07-31,0.00788169328516131
usa,investment,monthly,ew,22,2002-08-31,-0.00102298813732874
usa,investment,monthly,ew,22,2002-09-30,-0.0123799355780401
usa,investment,monthly,ew,22,2002-10-31,-0.00590555065266776
usa,investment,monthly,ew,22,2002-11-30,0.0410486926521552
usa,investment,monthly,ew,22,2002-12-31,-0.00585673342433128
usa,investment,monthly,ew,22,2003-01-31,0.0223756120102168
usa,investment,monthly,ew,22,2003-02-28,0.00288402048919487
usa,investment,monthly,ew,22,2003-03-31,-0.00651935048533736
usa,investment,monthly,ew,22,2003-04-30,0.0102708357844267
usa,investment,monthly,ew,22,2003-05-31,0.0413251776390343
usa,investment,monthly,ew,22,2003-06-30,0.00707356570038758
usa,investment,monthly,ew,22,2003-07-31,0.0193632280516993
usa,investment,monthly,ew,22,2003-08-31,0.00481975239844588
usa,investment,monthly,ew,22,2003-09-30,0.0281939397919975
usa,investment,monthly,ew,22,2003-10-31,0.0183296007003916
usa,investment,monthly,ew,22,2003-11-30,0.0111704084532481
usa,investment,monthly,ew,22,2003-12-31,0.00489653976935496
usa,investment,monthly,ew,22,2004-01-31,0.0480739664506631
usa,investment,monthly,ew,22,2004-02-29,-0.00934794531314748
usa,investment,monthly,ew,22,2004-03-31,-0.00738620055204945
usa,investment,monthly,ew,22,2004-04-30,-0.00157947113673424
usa,investment,monthly,ew,22,2004-05-31,-0.00523487696507657
usa,investment,monthly,ew,22,2004-06-30,-0.00197862445556863
usa,investment,monthly,ew,22,2004-07-31,0.00169815311871027
usa,investment,monthly,ew,22,2004-08-31,0.00445408865422171
usa,investment,monthly,ew,22,2004-09-30,-0.0145763685400499
usa,investment,monthly,ew,22,2004-10-31,-0.00292826770931312
usa,investment,monthly,ew,22,2004-11-30,0.00232565564500665
usa,investment,monthly,ew,22,2004-12-31,0.0093174629849409
usa,investment,monthly,ew,22,2005-01-31,0.00152469183883566
usa,investment,monthly,ew,22,2005-02-28,-0.0107878716237408
usa,investment,monthly,ew,22,2005-03-31,0.00758015815696229
usa,investment,monthly,ew,22,2005-04-30,0.00146471407071555
usa,investment,monthly,ew,22,2005-05-31,-0.00953458312080204
usa,investment,monthly,ew,22,2005-06-30,-0.00492556747890583
usa,investment,monthly,ew,22,2005-07-31,-0.00875406218145078
usa,investment,monthly,ew,22,2005-08-31,0.00178893951528156
usa,investment,monthly,ew,22,2005-09-30,-0.00577789248783346
usa,investment,monthly,ew,22,2005-10-31,-0.00120077479667656
usa,investment,monthly,ew,22,2005-11-30,-0.0108190647239641
usa,investment,monthly,ew,22,2005-12-31,-0.00264870966630362
usa,investment,monthly,ew,22,2006-01-31,-0.0121872926087756
usa,investment,monthly,ew,22,2006-02-28,0.0157884386732606
usa,investment,monthly,ew,22,2006-03-31,0.00304116986992274
usa,investment,monthly,ew,22,2006-04-30,-0.0038284841221736
usa,investment,monthly,ew,22,2006-05-31,0.0065173161491519
usa,investment,monthly,ew,22,2006-06-30,0.000922265221009197
usa,investment,monthly,ew,22,2006-07-31,0.00660495208794227
usa,investment,monthly,ew,22,2006-08-31,0.00618967875338318
usa,investment,monthly,ew,22,2006-09-30,0.0062140230852943
usa,investment,monthly,ew,22,2006-10-31,-0.00421551937093965
usa,investment,monthly,ew,22,2006-11-30,-0.00306405080182677
usa,investment,monthly,ew,22,2006-12-31,0.0138946046655537
usa,investment,monthly,ew,22,2007-01-31,0.012764079699067
usa,investment,monthly,ew,22,2007-02-28,0.00122669929980993
usa,investment,monthly,ew,22,2007-03-31,-0.00429663247963993
usa,investment,monthly,ew,22,2007-04-30,-0.00723587617558981
usa,investment,monthly,ew,22,2007-05-31,-0.00913845622210237
usa,investment,monthly,ew,22,2007-06-30,-0.00516855941658057
usa,investment,monthly,ew,22,2007-07-31,-0.00932834776534681
usa,investment,monthly,ew,22,2007-08-31,-0.0106684008741585
usa,investment,monthly,ew,22,2007-09-30,-0.0237739277105396
usa,investment,monthly,ew,22,2007-10-31,-0.014418215974301
usa,investment,monthly,ew,22,2007-11-30,-0.00167324983286512
usa,investment,monthly,ew,22,2007-12-31,-0.012289491476043
usa,investment,monthly,ew,22,2008-01-31,0.0239814255691213
usa,investment,monthly,ew,22,2008-02-29,-0.00483309914321546
usa,investment,monthly,ew,22,2008-03-31,0.00997786501564399
usa,investment,monthly,ew,22,2008-04-30,-0.0176311032607152
usa,investment,monthly,ew,22,2008-05-31,-0.0169597757868119
usa,investment,monthly,ew,22,2008-06-30,-0.0132218111226335
usa,investment,monthly,ew,22,2008-07-31,0.0206773290859404
usa,investment,monthly,ew,22,2008-08-31,0.0118118307264118
usa,investment,monthly,ew,22,2008-09-30,0.0272698333008552
usa,investment,monthly,ew,22,2008-10-31,0.0278292740777884
usa,investment,monthly,ew,22,2008-11-30,0.000905814823638209
usa,investment,monthly,ew,22,2008-12-31,-0.0193962417009565
usa,investment,monthly,ew,22,2009-01-31,-0.00369785161829027
usa,investment,monthly,ew,22,2009-02-28,0.0026474066149303
usa,investment,monthly,ew,22,2009-03-31,0.011659960992307
usa,investment,monthly,ew,22,2009-04-30,0.028122042225781
usa,investment,monthly,ew,22,2009-05-31,0.0136916260873294
usa,investment,monthly,ew,22,2009-06-30,0.0101865204909737
usa,investment,monthly,ew,22,2009-07-31,0.0235537054321217
usa,investment,monthly,ew,22,2009-08-31,0.0619754586736648
usa,investment,monthly,ew,22,2009-09-30,0.0104042904802083
usa,investment,monthly,ew,22,2009-10-31,-0.00770061067490353
usa,investment,monthly,ew,22,2009-11-30,-0.00690216085625016
usa,investment,monthly,ew,22,2009-12-31,0.01115189126889
usa,investment,monthly,ew,22,2010-01-31,0.0185706122798501
usa,investment,monthly,ew,22,2010-02-28,0.00607041916470428
usa,investment,monthly,ew,22,2010-03-31,0.0169432389314098
usa,investment,monthly,ew,22,2010-04-30,0.0431773422775578
usa,investment,monthly,ew,22,2010-05-31,-0.00837347249449055
usa,investment,monthly,ew,22,2010-06-30,-0.0227921103324114
usa,investment,monthly,ew,22,2010-07-31,0.00915562722442282
usa,investment,monthly,ew,22,2010-08-31,-0.0137478819793984
usa,investment,monthly,ew,22,2010-09-30,0.00119483507869486
usa,investment,monthly,ew,22,2010-10-31,-0.00536598653259601
usa,investment,monthly,ew,22,2010-11-30,-0.000388161707416646
usa,investment,monthly,ew,22,2010-12-31,0.0102199061194102
usa,investment,monthly,ew,22,2011-01-31,0.0139163239851159
usa,investment,monthly,ew,22,2011-02-28,0.00484700266512085
usa,investment,monthly,ew,22,2011-03-31,0.00324315611844061
usa,investment,monthly,ew,22,2011-04-30,-0.00196931020130651
usa,investment,monthly,ew,22,2011-05-31,0.0058151490280798
usa,investment,monthly,ew,22,2011-06-30,0.0066904353570584
usa,investment,monthly,ew,22,2011-07-31,0.000576697484092365
usa,investment,monthly,ew,22,2011-08-31,0.0028332965925486
usa,investment,monthly,ew,22,2011-09-30,0.0175294393542985
usa,investment,monthly,ew,22,2011-10-31,-0.0236145207824389
usa,investment,monthly,ew,22,2011-11-30,0.00776549377555593
usa,investment,monthly,ew,22,2011-12-31,0.0178993105735127
usa,investment,monthly,ew,22,2012-01-31,-0.00689479762765395
usa,investment,monthly,ew,22,2012-02-29,0.0107723924036542
usa,investment,monthly,ew,22,2012-03-31,0.0212746377008042
usa,investment,monthly,ew,22,2012-04-30,0.00807152595753917
usa,investment,monthly,ew,22,2012-05-31,0.0239959413048746
usa,investment,monthly,ew,22,2012-06-30,-0.0007169741989286
usa,investment,monthly,ew,22,2012-07-31,0.00439424988662427
usa,investment,monthly,ew,22,2012-08-31,-0.00462701992993709
usa,investment,monthly,ew,22,2012-09-30,0.00832932464282802
usa,investment,monthly,ew,22,2012-10-31,0.00263365018066833
usa,investment,monthly,ew,22,2012-11-30,0.00366580448975223
usa,investment,monthly,ew,22,2012-12-31,0.00718021755301895
usa,investment,monthly,ew,22,2013-01-31,0.0112681659821901
usa,investment,monthly,ew,22,2013-02-28,0.00791321041210006
usa,investment,monthly,ew,22,2013-03-31,0.00184906440950673
usa,investment,monthly,ew,22,2013-04-30,0.00668674927709931
usa,investment,monthly,ew,22,2013-05-31,0.00600139918421989
usa,investment,monthly,ew,22,2013-06-30,0.00191006209550226
usa,investment,monthly,ew,22,2013-07-31,0.00959104035010309
usa,investment,monthly,ew,22,2013-08-31,-0.00537808123497839
usa,investment,monthly,ew,22,2013-09-30,-0.000126777568881169
usa,investment,monthly,ew,22,2013-10-31,0.00341229305609958
usa,investment,monthly,ew,22,2013-11-30,0.000360812385504414
usa,investment,monthly,ew,22,2013-12-31,0.00132125298799509
usa,investment,monthly,ew,22,2014-01-31,0.0121642785821147
usa,investment,monthly,ew,22,2014-02-28,-0.00373536735210521
usa,investment,monthly,ew,22,2014-03-31,0.00991981166771634
usa,investment,monthly,ew,22,2014-04-30,0.00333061142669513
usa,investment,monthly,ew,22,2014-05-31,-0.00206095368496892
usa,investment,monthly,ew,22,2014-06-30,-0.00909919390920196
usa,investment,monthly,ew,22,2014-07-31,0.0115456604039221
usa,investment,monthly,ew,22,2014-08-31,-0.00899672295043754
usa,investment,monthly,ew,22,2014-09-30,-0.00357228130778222
usa,investment,monthly,ew,22,2014-10-31,-0.00700413907838986
usa,investment,monthly,ew,22,2014-11-30,0.00718622163727923
usa,investment,monthly,ew,22,2014-12-31,0.00210554688687795
usa,investment,monthly,ew,22,2015-01-31,0.00281233671567419
usa,investment,monthly,ew,22,2015-02-28,-0.00892802625635174
usa,investment,monthly,ew,22,2015-03-31,-0.0142566026825619
usa,investment,monthly,ew,22,2015-04-30,0.00739831744505034
usa,investment,monthly,ew,22,2015-05-31,-0.0111763439070477
usa,investment,monthly,ew,22,2015-06-30,-0.0140933813098624
usa,investment,monthly,ew,22,2015-07-31,-0.0136837117951284
usa,investment,monthly,ew,22,2015-08-31,0.0217458014673603
usa,investment,monthly,ew,22,2015-09-30,0.00589556044152306
usa,investment,monthly,ew,22,2015-10-31,0.00861110491838396
usa,investment,monthly,ew,22,2015-11-30,-0.007965666316277
usa,investment,monthly,ew,22,2015-12-31,-0.0126887464708454
usa,investment,monthly,ew,22,2016-01-31,0.0201514076195282
usa,investment,monthly,ew,22,2016-02-29,0.0122914839516367
usa,investment,monthly,ew,22,2016-03-31,0.0258214521629071
usa,investment,monthly,ew,22,2016-04-30,0.0260149007938822
usa,investment,monthly,ew,22,2016-05-31,-0.014367196497648
usa,investment,monthly,ew,22,2016-06-30,0.0194592271157878
usa,investment,monthly,ew,22,2016-07-31,0.00117359166643848
usa,investment,monthly,ew,22,2016-08-31,0.00568548987279829
usa,investment,monthly,ew,22,2016-09-30,-0.00296375017126368
usa,investment,monthly,ew,22,2016-10-31,-0.000523510399837641
usa,investment,monthly,ew,22,2016-11-30,0.0196013509724935
usa,investment,monthly,ew,22,2016-12-31,0.00231165393973075
usa,investment,monthly,ew,22,2017-01-31,0.00813034259100488
usa,investment,monthly,ew,22,2017-02-28,-0.0194982694146006
usa,investment,monthly,ew,22,2017-03-31,-0.0119078917231277
usa,investment,monthly,ew,22,2017-04-30,-0.0131099281317331
usa,investment,monthly,ew,22,2017-05-31,-0.0169143135440123
usa,investment,monthly,ew,22,2017-06-30,-0.0110973307958671
usa,investment,monthly,ew,22,2017-07-31,-0.00494628146707901
usa,investment,monthly,ew,22,2017-08-31,-0.014023169340055
usa,investment,monthly,ew,22,2017-09-30,0.0116301183019052
usa,investment,monthly,ew,22,2017-10-31,-0.00472444928815199
usa,investment,monthly,ew,22,2017-11-30,0.00579823778904316
usa,investment,monthly,ew,22,2017-12-31,0.010697879771163
usa,investment,monthly,ew,22,2018-01-31,0.00065178350900081
usa,investment,monthly,ew,22,2018-02-28,-0.00370945000113492
usa,investment,monthly,ew,22,2018-03-31,0.00171389174743745
usa,investment,monthly,ew,22,2018-04-30,0.00648832252723155
usa,investment,monthly,ew,22,2018-05-31,-0.00116287490558759
usa,investment,monthly,ew,22,2018-06-30,0.0071216467336594
usa,investment,monthly,ew,22,2018-07-31,-0.00219158410416367
usa,investment,monthly,ew,22,2018-08-31,-0.0129269381958176
usa,investment,monthly,ew,22,2018-09-30,0.0017360400033624
usa,investment,monthly,ew,22,2018-10-31,0.0168946610126018
usa,investment,monthly,ew,22,2018-11-30,-0.0107728515123916
usa,investment,monthly,ew,22,2018-12-31,-0.00864860002499298
usa,investment,monthly,ew,22,2019-01-31,0.00444165944520476
usa,investment,monthly,ew,22,2019-02-28,-0.0071661953067127
usa,investment,monthly,ew,22,2019-03-31,0.00225491374840501
usa,investment,monthly,ew,22,2019-04-30,-0.00581834446705284
usa,investment,monthly,ew,22,2019-05-31,-0.00324546970840809
usa,investment,monthly,ew,22,2019-06-30,-0.0137918948913052
usa,investment,monthly,ew,22,2019-07-31,0.00081231965079091
usa,investment,monthly,ew,22,2019-08-31,-0.00222449332116177
usa,investment,monthly,ew,22,2019-09-30,0.0170038790236522
usa,investment,monthly,ew,22,2019-10-31,-0.00078140722901371
usa,investment,monthly,ew,22,2019-11-30,-0.0238707168821745
usa,investment,monthly,ew,22,2019-12-31,0.0026665628931749
usa,investment,monthly,ew,22,2020-01-31,0.00657060563812749
usa,investment,monthly,ew,22,2020-02-29,-0.00561674159639774
usa,investment,monthly,ew,22,2020-03-31,-0.0088885018450832
usa,investment,monthly,ew,22,2020-04-30,-0.00305520643083314
usa,investment,monthly,ew,22,2020-05-31,-0.0186034922094648
usa,investment,monthly,ew,22,2020-06-30,0.032062981247322
usa,investment,monthly,ew,22,2020-07-31,0.00672240594955154
usa,investment,monthly,ew,22,2020-08-31,-0.0123398764202041
usa,investment,monthly,ew,22,2020-09-30,-0.0106157296538062
usa,investment,monthly,ew,22,2020-10-31,0.00118331653078268
usa,investment,monthly,ew,22,2020-11-30,0.0493057257146988
usa,investment,monthly,ew,22,2020-12-31,0.00702131115958682
usa,investment,monthly,ew,22,2021-01-31,0.0638582905179098
usa,investment,monthly,ew,22,2021-02-28,0.0433185405287222
usa,investment,monthly,ew,22,2021-03-31,0.0253941936988711
usa,investment,monthly,ew,22,2021-04-30,-0.00361914873132458
usa,investment,monthly,ew,22,2021-05-31,0.0393447145950086
usa,investment,monthly,ew,22,2021-06-30,-0.00243811337307276
usa,investment,monthly,ew,22,2021-07-31,-0.0129259214528977
usa,investment,monthly,ew,22,2021-08-31,-0.000181259061475531
usa,investment,monthly,ew,22,2021-09-30,0.0279384337545915
usa,investment,monthly,ew,22,2021-10-31,-0.013263782859344
usa,investment,monthly,ew,22,2021-11-30,0.0100758239145518
usa,investment,monthly,ew,22,2021-12-31,0.0226217684364378
usa,investment,monthly,ew,22,2022-01-31,0.0524354915884074
usa,investment,monthly,ew,22,2022-02-28,0.0142422038399051
usa,investment,monthly,ew,22,2022-03-31,0.0100664371571293
usa,investment,monthly,ew,22,2022-04-30,0.0337363976131688
usa,investment,monthly,ew,22,2022-05-31,0.0099886494821996
usa,investment,monthly,ew,22,2022-06-30,0.0148038928201782
usa,investment,monthly,ew,22,2022-07-31,-0.0328225013809967
usa,investment,monthly,ew,22,2022-08-31,0.00979194404202085
usa,investment,monthly,ew,22,2022-09-30,0.00890329976128623
usa,investment,monthly,ew,22,2022-10-31,0.0123729167702442
usa,investment,monthly,ew,22,2022-11-30,0.00967968109369156
usa,investment,monthly,ew,22,2022-12-31,0.0261684048863156
usa,investment,monthly,ew,22,2023-01-31,-0.0120836673313109
usa,investment,monthly,ew,22,2023-02-28,-0.0110874141887856
usa,investment,monthly,ew,22,2023-03-31,-0.0158922291284487
usa,investment,monthly,ew,22,2023-04-30,0.00237037845050254
usa,investment,monthly,ew,22,2023-05-31,-0.0114285941306626
usa,investment,monthly,ew,22,2023-06-30,-0.00926917844715341
usa,investment,monthly,ew,22,2023-07-31,0.00104189348530319
usa,investment,monthly,ew,22,2023-08-31,-0.000516645772527636
usa,investment,monthly,ew,22,2023-09-30,-0.00108791674310534
usa,investment,monthly,ew,22,2023-10-31,-0.00357127863710488
usa,investment,monthly,ew,22,2023-11-30,0.0076004286411382
usa,investment,monthly,ew,22,2023-12-31,0.00479341603524753
usa,investment,monthly,ew,22,2024-01-31,0.00857538908958096
usa,investment,monthly,ew,22,2024-02-29,-0.00719647808470241
usa,investment,monthly,ew,22,2024-03-31,0.00578898122932371
usa,investment,monthly,ew,22,2024-04-30,-0.00669485101700996
usa,investment,monthly,ew,22,2024-05-31,0.00451962311917189
usa,investment,monthly,ew,22,2024-06-30,-0.0105707498214709
usa,investment,monthly,ew,22,2024-07-31,0.005239806934548
usa,investment,monthly,ew,22,2024-08-31,-0.00770075004673765
usa,investment,monthly,ew,22,2024-09-30,-0.000111370047515037
usa,investment,monthly,ew,22,2024-10-31,-0.00888956688758593
usa,investment,monthly,ew,22,2024-11-30,-0.000046299243938279
usa,investment,monthly,ew,22,2024-12-31,0.0107652942798979
usa,low_leverage,monthly,ew,1,1926-02-28,-0.0183246526647336
usa,low_leverage,monthly,ew,2,1926-03-31,-0.0588003945714224
usa,low_leverage,monthly,ew,2,1926-04-30,-0.00076691567159921
usa,low_leverage,monthly,ew,2,1926-05-31,-0.0198408923012372
usa,low_leverage,monthly,ew,2,1926-06-30,-0.00505561178306153
usa,low_leverage,monthly,ew,2,1926-07-31,-0.0048605155447085
usa,low_leverage,monthly,ew,2,1926-08-31,0.00531787234291877
usa,low_leverage,monthly,ew,2,1926-09-30,-0.00453976793834837
usa,low_leverage,monthly,ew,2,1926-10-31,-0.0176965976681233
usa,low_leverage,monthly,ew,2,1926-11-30,-0.0174793635039608
usa,low_leverage,monthly,ew,2,1926-12-31,0.00149431485411896
usa,low_leverage,monthly,ew,2,1927-01-31,-0.00142197766092976
usa,low_leverage,monthly,ew,2,1927-02-28,-0.00462003545937499
usa,low_leverage,monthly,ew,2,1927-03-31,-0.0171005640118802
usa,low_leverage,monthly,ew,2,1927-04-30,-0.00723696360473527
usa,low_leverage,monthly,ew,2,1927-05-31,-0.00692889108580856
usa,low_leverage,monthly,ew,2,1927-06-30,0.00151470299899871
usa,low_leverage,monthly,ew,2,1927-07-31,-0.0217100363056448
usa,low_leverage,monthly,ew,2,1927-08-31,-0.00888198907235235
usa,low_leverage,monthly,ew,2,1927-09-30,-0.00780874253360749
usa,low_leverage,monthly,ew,2,1927-10-31,-0.0106296447806123
usa,low_leverage,monthly,ew,2,1927-11-30,0.0190592817528423
usa,low_leverage,monthly,ew,2,1927-12-31,-0.00718769387067864
usa,low_leverage,monthly,ew,2,1928-01-31,0.0141073473118202
usa,low_leverage,monthly,ew,2,1928-02-29,0.00411180556229603
usa,low_leverage,monthly,ew,2,1928-03-31,0.00720040601982579
usa,low_leverage,monthly,ew,2,1928-04-30,0.0355256982055781
usa,low_leverage,monthly,ew,2,1928-05-31,0.0218150960743728
usa,low_leverage,monthly,ew,2,1928-06-30,-0.0331858763569122
usa,low_leverage,monthly,ew,2,1928-07-31,0.00159041560725104
usa,low_leverage,monthly,ew,2,1928-08-31,-0.0207418882664585
usa,low_leverage,monthly,ew,2,1928-09-30,0.0169763165876424
usa,low_leverage,monthly,ew,2,1928-10-31,0.00806825064292796
usa,low_leverage,monthly,ew,2,1928-11-30,0.00146282625210358
usa,low_leverage,monthly,ew,2,1928-12-31,-0.0212500524269444
usa,low_leverage,monthly,ew,2,1929-01-31,-0.00929589643106473
usa,low_leverage,monthly,ew,2,1929-02-28,-0.00514420112795538
usa,low_leverage,monthly,ew,2,1929-03-31,-0.0149615492573823
usa,low_leverage,monthly,ew,2,1929-04-30,-0.0082489221744773
usa,low_leverage,monthly,ew,2,1929-05-31,-0.0386407974235514
usa,low_leverage,monthly,ew,2,1929-06-30,-0.0182616328061613
usa,low_leverage,monthly,ew,2,1929-07-31,-0.00855203478306949
usa,low_leverage,monthly,ew,2,1929-08-31,-0.0287453916803246
usa,low_leverage,monthly,ew,2,1929-09-30,-0.0196123664929424
usa,low_leverage,monthly,ew,2,1929-10-31,-0.0566660878602989
usa,low_leverage,monthly,ew,2,1929-11-30,-0.0238269452560846
usa,low_leverage,monthly,ew,2,1929-12-31,-0.0352921308095085
usa,low_leverage,monthly,ew,2,1930-01-31,0.0473613887621826
usa,low_leverage,monthly,ew,2,1930-02-28,0.00789558727361168
usa,low_leverage,monthly,ew,2,1930-03-31,0.036113637082426
usa,low_leverage,monthly,ew,2,1930-04-30,0.00672093886501725
usa,low_leverage,monthly,ew,2,1930-05-31,-0.0274685672387534
usa,low_leverage,monthly,ew,2,1930-06-30,-0.0458888937249466
usa,low_leverage,monthly,ew,2,1930-07-31,0.00166571997930462
usa,low_leverage,monthly,ew,2,1930-08-31,-0.0194161146193987
usa,low_leverage,monthly,ew,2,1930-09-30,-0.0349724331629504
usa,low_leverage,monthly,ew,2,1930-10-31,-0.0139137954979929
usa,low_leverage,monthly,ew,2,1930-11-30,-0.00782090025996429
usa,low_leverage,monthly,ew,2,1930-12-31,-0.0488389648000256
usa,low_leverage,monthly,ew,2,1931-01-31,0.0495723537345285
usa,low_leverage,monthly,ew,2,1931-02-28,0.0530582603675791
usa,low_leverage,monthly,ew,2,1931-03-31,-0.000441524634939433
usa,low_leverage,monthly,ew,2,1931-04-30,-0.030469599541082
usa,low_leverage,monthly,ew,2,1931-05-31,0.00819188225361675
usa,low_leverage,monthly,ew,2,1931-06-30,-0.00189550430457099
usa,low_leverage,monthly,ew,2,1931-07-31,-0.00336473051106442
usa,low_leverage,monthly,ew,2,1931-08-31,-0.0159244805266554
usa,low_leverage,monthly,ew,2,1931-09-30,-0.0206941993234055
usa,low_leverage,monthly,ew,2,1931-10-31,-0.00617358579331841
usa,low_leverage,monthly,ew,2,1931-11-30,-0.0153308733848845
usa,low_leverage,monthly,ew,2,1931-12-31,-0.0289650785283394
usa,low_leverage,monthly,ew,2,1932-01-31,0.0537554984702892
usa,low_leverage,monthly,ew,2,1932-02-29,-0.0283603126349637
usa,low_leverage,monthly,ew,2,1932-03-31,-0.0296983371822685
usa,low_leverage,monthly,ew,2,1932-04-30,0.00179957495468742
usa,low_leverage,monthly,ew,2,1932-05-31,0.0329557931978409
usa,low_leverage,monthly,ew,2,1932-06-30,-0.0183355203061099
usa,low_leverage,monthly,ew,2,1932-07-31,0.0434736630319488
usa,low_leverage,monthly,ew,2,1932-08-31,0.2543039885068
usa,low_leverage,monthly,ew,2,1932-09-30,-0.0300758168992789
usa,low_leverage,monthly,ew,2,1932-10-31,-0.0333828602359642
usa,low_leverage,monthly,ew,2,1932-11-30,-0.00703090925206732
usa,low_leverage,monthly,ew,2,1932-12-31,-0.0890018815557425
usa,low_leverage,monthly,ew,2,1933-01-31,0.0025648929631838
usa,low_leverage,monthly,ew,2,1933-02-28,-0.00681774172916069
usa,low_leverage,monthly,ew,2,1933-03-31,0.0118067306459869
usa,low_leverage,monthly,ew,2,1933-04-30,0.0769889648245244
usa,low_leverage,monthly,ew,2,1933-05-31,0.40788868009079
usa,low_leverage,monthly,ew,2,1933-06-30,0.0632037839066799
usa,low_leverage,monthly,ew,2,1933-07-31,-0.00673620165954982
usa,low_leverage,monthly,ew,2,1933-08-31,-0.0315437081688806
usa,low_leverage,monthly,ew,2,1933-09-30,-0.0448532355535231
usa,low_leverage,monthly,ew,2,1933-10-31,-0.00420048300835273
usa,low_leverage,monthly,ew,2,1933-11-30,-0.01584543518929
usa,low_leverage,monthly,ew,2,1933-12-31,0.00568941917089484
usa,low_leverage,monthly,ew,2,1934-01-31,0.151120425101155
usa,low_leverage,monthly,ew,2,1934-02-28,0.0340389278622427
usa,low_leverage,monthly,ew,2,1934-03-31,-0.00293341718130108
usa,low_leverage,monthly,ew,2,1934-04-30,0.0244443131243373
usa,low_leverage,monthly,ew,2,1934-05-31,-0.0282101574280594
usa,low_leverage,monthly,ew,2,1934-06-30,-0.0297743150977727
usa,low_leverage,monthly,ew,2,1934-07-31,-0.0496656934873811
usa,low_leverage,monthly,ew,2,1934-08-31,0.0265980045627902
usa,low_leverage,monthly,ew,2,1934-09-30,-0.00662360111763624
usa,low_leverage,monthly,ew,2,1934-10-31,-0.0176087257062352
usa,low_leverage,monthly,ew,2,1934-11-30,0.0480012486311902
usa,low_leverage,monthly,ew,2,1934-12-31,0.0105839798022222
usa,low_leverage,monthly,ew,2,1935-01-31,0.00744429835743716
usa,low_leverage,monthly,ew,2,1935-02-28,-0.0367353244612245
usa,low_leverage,monthly,ew,2,1935-03-31,-0.0185331471743578
usa,low_leverage,monthly,ew,2,1935-04-30,0.0166671986418876
usa,low_leverage,monthly,ew,2,1935-05-31,-0.000598506547486116
usa,low_leverage,monthly,ew,2,1935-06-30,-0.0244849364007315
usa,low_leverage,monthly,ew,2,1935-07-31,0.0555684834695992
usa,low_leverage,monthly,ew,2,1935-08-31,0.067420927753285
usa,low_leverage,monthly,ew,2,1935-09-30,0.0073567304802214
usa,low_leverage,monthly,ew,2,1935-10-31,0.0266932512726898
usa,low_leverage,monthly,ew,2,1935-11-30,0.0876923181138303
usa,low_leverage,monthly,ew,2,1935-12-31,0.0294052476900666
usa,low_leverage,monthly,ew,2,1936-01-31,0.0749885109345942
usa,low_leverage,monthly,ew,2,1936-02-29,0.00699127314399991
usa,low_leverage,monthly,ew,2,1936-03-31,0.0171011160444465
usa,low_leverage,monthly,ew,2,1936-04-30,-0.0486799547494809
usa,low_leverage,monthly,ew,2,1936-05-31,-0.00280468360524578
usa,low_leverage,monthly,ew,2,1936-06-30,-0.0213240558101425
usa,low_leverage,monthly,ew,2,1936-07-31,0.0282812912134961
usa,low_leverage,monthly,ew,2,1936-08-31,-0.00502675744438523
usa,low_leverage,monthly,ew,2,1936-09-30,0.0165569501599331
usa,low_leverage,monthly,ew,2,1936-10-31,-0.00749078648782137
usa,low_leverage,monthly,ew,2,1936-11-30,0.0424628185674346
usa,low_leverage,monthly,ew,2,1936-12-31,0.0182291327907375
usa,low_leverage,monthly,ew,2,1937-01-31,0.0331003263085096
usa,low_leverage,monthly,ew,2,1937-02-28,-0.00360148970320385
usa,low_leverage,monthly,ew,2,1937-03-31,-0.00753257609420477
usa,low_leverage,monthly,ew,2,1937-04-30,-0.0193653146842348
usa,low_leverage,monthly,ew,2,1937-05-31,-0.0151244372962909
usa,low_leverage,monthly,ew,2,1937-06-30,-0.0233401292075276
usa,low_leverage,monthly,ew,2,1937-07-31,0.00991166192902537
usa,low_leverage,monthly,ew,2,1937-08-31,-0.0083230393218514
usa,low_leverage,monthly,ew,2,1937-09-30,-0.0278585612960889
usa,low_leverage,monthly,ew,2,1937-10-31,-0.00200747049665656
usa,low_leverage,monthly,ew,2,1937-11-30,-0.0208959050702766
usa,low_leverage,monthly,ew,2,1937-12-31,-0.0222536725692544
usa,low_leverage,monthly,ew,2,1938-01-31,0.0153508079322126
usa,low_leverage,monthly,ew,2,1938-02-28,-0.0167656479065295
usa,low_leverage,monthly,ew,2,1938-03-31,-0.0130543204364623
usa,low_leverage,monthly,ew,2,1938-04-30,0.026720399120876
usa,low_leverage,monthly,ew,2,1938-05-31,-0.0234511195520429
usa,low_leverage,monthly,ew,2,1938-06-30,0.0295772069626206
usa,low_leverage,monthly,ew,2,1938-07-31,0.0259363743597404
usa,low_leverage,monthly,ew,2,1938-08-31,-0.0228463723439751
usa,low_leverage,monthly,ew,2,1938-09-30,-0.015128347593958
usa,low_leverage,monthly,ew,2,1938-10-31,0.0513997151408967
usa,low_leverage,monthly,ew,2,1938-11-30,-0.0104675066587764
usa,low_leverage,monthly,ew,2,1938-12-31,-0.0224478996493049
usa,low_leverage,monthly,ew,2,1939-01-31,-0.00292590615232977
usa,low_leverage,monthly,ew,2,1939-02-28,0.000204482844113361
usa,low_leverage,monthly,ew,2,1939-03-31,-0.0182308812752489
usa,low_leverage,monthly,ew,2,1939-04-30,0.00521320090079649
usa,low_leverage,monthly,ew,2,1939-05-31,-0.000901331780196919
usa,low_leverage,monthly,ew,2,1939-06-30,-0.0127224063769682
usa,low_leverage,monthly,ew,2,1939-07-31,0.0135273770380198
usa,low_leverage,monthly,ew,2,1939-08-31,-0.0208040502943278
usa,low_leverage,monthly,ew,2,1939-09-30,0.117331618615914
usa,low_leverage,monthly,ew,2,1939-10-31,0.00329466797618639
usa,low_leverage,monthly,ew,2,1939-11-30,-0.012620212194943
usa,low_leverage,monthly,ew,2,1939-12-31,-0.00299986590982951
usa,low_leverage,monthly,ew,2,1940-01-31,0.00858778419975894
usa,low_leverage,monthly,ew,2,1940-02-29,0.00640273231863842
usa,low_leverage,monthly,ew,2,1940-03-31,0.00729652657652123
usa,low_leverage,monthly,ew,2,1940-04-30,0.0183346030148744
usa,low_leverage,monthly,ew,2,1940-05-31,-0.0165128176090177
usa,low_leverage,monthly,ew,2,1940-06-30,-0.0126676087037692
usa,low_leverage,monthly,ew,2,1940-07-31,-0.00198846685624281
usa,low_leverage,monthly,ew,2,1940-08-31,-0.0060434224830376
usa,low_leverage,monthly,ew,2,1940-09-30,0.00724639748606104
usa,low_leverage,monthly,ew,2,1940-10-31,0.00049107486594616
usa,low_leverage,monthly,ew,2,1940-11-30,0.0125517093040628
usa,low_leverage,monthly,ew,2,1940-12-31,-0.018404871896641
usa,low_leverage,monthly,ew,2,1941-01-31,0.0179269076218443
usa,low_leverage,monthly,ew,2,1941-02-28,-0.00624178532733876
usa,low_leverage,monthly,ew,2,1941-03-31,-0.00205750386698703
usa,low_leverage,monthly,ew,2,1941-04-30,-0.0130145034697876
usa,low_leverage,monthly,ew,2,1941-05-31,-0.00609776010495764
usa,low_leverage,monthly,ew,2,1941-06-30,0.00580359165492913
usa,low_leverage,monthly,ew,2,1941-07-31,0.0507247858740874
usa,low_leverage,monthly,ew,2,1941-08-31,-0.00237318652891195
usa,low_leverage,monthly,ew,2,1941-09-30,-0.0111803062381532
usa,low_leverage,monthly,ew,2,1941-10-31,0.00328052777588823
usa,low_leverage,monthly,ew,2,1941-11-30,-0.01353757536348
usa,low_leverage,monthly,ew,2,1941-12-31,-0.0280540174394507
usa,low_leverage,monthly,ew,2,1942-01-31,0.0641461187001767
usa,low_leverage,monthly,ew,2,1942-02-28,-0.00139866828212391
usa,low_leverage,monthly,ew,2,1942-03-31,0.0175186143156706
usa,low_leverage,monthly,ew,2,1942-04-30,0.00480898057094996
usa,low_leverage,monthly,ew,2,1942-05-31,-0.0177116727423692
usa,low_leverage,monthly,ew,2,1942-06-30,0.00547042621259128
usa,low_leverage,monthly,ew,2,1942-07-31,-0.00795805699957453
usa,low_leverage,monthly,ew,2,1942-08-31,0.00652848659150358
usa,low_leverage,monthly,ew,2,1942-09-30,0.0106557202793744
usa,low_leverage,monthly,ew,2,1942-10-31,0.0323707703733134
usa,low_leverage,monthly,ew,2,1942-11-30,0.00429063232651832
usa,low_leverage,monthly,ew,2,1942-12-31,-0.0132730111576788
usa,low_leverage,monthly,ew,2,1943-01-31,0.0693389085982257
usa,low_leverage,monthly,ew,2,1943-02-28,0.0427157720467347
usa,low_leverage,monthly,ew,2,1943-03-31,0.0245052350288958
usa,low_leverage,monthly,ew,2,1943-04-30,0.0236736548865472
usa,low_leverage,monthly,ew,2,1943-05-31,0.02670870500589
usa,low_leverage,monthly,ew,2,1943-06-30,-0.00195323255304468
usa,low_leverage,monthly,ew,2,1943-07-31,-0.00562272387511974
usa,low_leverage,monthly,ew,2,1943-08-31,-0.0107702578598367
usa,low_leverage,monthly,ew,2,1943-09-30,0.00320658282387875
usa,low_leverage,monthly,ew,2,1943-10-31,0.00266695066635689
usa,low_leverage,monthly,ew,2,1943-11-30,-0.014319577773209
usa,low_leverage,monthly,ew,2,1943-12-31,0.0146002556154957
usa,low_leverage,monthly,ew,2,1944-01-31,0.018028302146494
usa,low_leverage,monthly,ew,2,1944-02-29,0.00456313150666301
usa,low_leverage,monthly,ew,2,1944-03-31,0.00585083688100361
usa,low_leverage,monthly,ew,2,1944-04-30,-0.00439151073652754
usa,low_leverage,monthly,ew,2,1944-05-31,0.005020491339485
usa,low_leverage,monthly,ew,2,1944-06-30,0.048580300829639
usa,low_leverage,monthly,ew,2,1944-07-31,0.000783090085188817
usa,low_leverage,monthly,ew,2,1944-08-31,0.0102390926148053
usa,low_leverage,monthly,ew,2,1944-09-30,0.00152122183580687
usa,low_leverage,monthly,ew,2,1944-10-31,0.00136124638559105
usa,low_leverage,monthly,ew,2,1944-11-30,-0.000898192721818191
usa,low_leverage,monthly,ew,2,1944-12-31,0.00663239370914875
usa,low_leverage,monthly,ew,2,1945-01-31,0.0171737975405426
usa,low_leverage,monthly,ew,2,1945-02-28,0.00419046104861821
usa,low_leverage,monthly,ew,2,1945-03-31,-0.0100544786364345
usa,low_leverage,monthly,ew,2,1945-04-30,-0.0024528255071332
usa,low_leverage,monthly,ew,2,1945-05-31,0.0104692439400053
usa,low_leverage,monthly,ew,2,1945-06-30,0.0334306222877311
usa,low_leverage,monthly,ew,2,1945-07-31,-0.00846917093094046
usa,low_leverage,monthly,ew,2,1945-08-31,0.000811348788520287
usa,low_leverage,monthly,ew,2,1945-09-30,0.0102830792788557
usa,low_leverage,monthly,ew,2,1945-10-31,0.025838809287397
usa,low_leverage,monthly,ew,2,1945-11-30,0.0313920250126822
usa,low_leverage,monthly,ew,2,1945-12-31,0.0107722858060926
usa,low_leverage,monthly,ew,2,1946-01-31,0.0229474507184038
usa,low_leverage,monthly,ew,2,1946-02-28,-0.00369148225502117
usa,low_leverage,monthly,ew,2,1946-03-31,-0.00407570013802993
usa,low_leverage,monthly,ew,2,1946-04-30,0.00583042570293476
usa,low_leverage,monthly,ew,2,1946-05-31,0.00296194800366804
usa,low_leverage,monthly,ew,2,1946-06-30,-0.0025066965744033
usa,low_leverage,monthly,ew,2,1946-07-31,-0.0021459426507366
usa,low_leverage,monthly,ew,2,1946-08-31,-0.00528508563477351
usa,low_leverage,monthly,ew,2,1946-09-30,-0.0152713766378053
usa,low_leverage,monthly,ew,2,1946-10-31,-0.01026412700973
usa,low_leverage,monthly,ew,2,1946-11-30,-0.0020910266387065
usa,low_leverage,monthly,ew,2,1946-12-31,6.68047706165603e-6
usa,low_leverage,monthly,ew,2,1947-01-31,0.0129220079845828
usa,low_leverage,monthly,ew,2,1947-02-28,0.00515093185833265
usa,low_leverage,monthly,ew,2,1947-03-31,-0.0119644945013203
usa,low_leverage,monthly,ew,2,1947-04-30,-0.0126268286627613
usa,low_leverage,monthly,ew,2,1947-05-31,-0.0228534242987856
usa,low_leverage,monthly,ew,2,1947-06-30,-0.00431408461939543
usa,low_leverage,monthly,ew,2,1947-07-31,0.00899616314813634
usa,low_leverage,monthly,ew,2,1947-08-31,-0.00157986059099278
usa,low_leverage,monthly,ew,2,1947-09-30,-0.000708071366318607
usa,low_leverage,monthly,ew,2,1947-10-31,0.00433993462786509
usa,low_leverage,monthly,ew,2,1947-11-30,-0.011097512015898
usa,low_leverage,monthly,ew,2,1947-12-31,-0.015007234205166
usa,low_leverage,monthly,ew,2,1948-01-31,0.0195801926258145
usa,low_leverage,monthly,ew,2,1948-02-29,-0.0109396153243589
usa,low_leverage,monthly,ew,2,1948-03-31,-0.00290254253155438
usa,low_leverage,monthly,ew,2,1948-04-30,-0.00179176390278863
usa,low_leverage,monthly,ew,2,1948-05-31,0.00288023048325729
usa,low_leverage,monthly,ew,2,1948-06-30,-0.00667002692956644
usa,low_leverage,monthly,ew,2,1948-07-31,-0.00241513139060304
usa,low_leverage,monthly,ew,2,1948-08-31,-0.0126614369475207
usa,low_leverage,monthly,ew,2,1948-09-30,-0.00339806304981977
usa,low_leverage,monthly,ew,2,1948-10-31,-0.00583759551740393
usa,low_leverage,monthly,ew,2,1948-11-30,-0.00386646232562249
usa,low_leverage,monthly,ew,2,1948-12-31,-0.0157725349772894
usa,low_leverage,monthly,ew,2,1949-01-31,0.0111875734193931
usa,low_leverage,monthly,ew,2,1949-02-28,-0.0100065506922676
usa,low_leverage,monthly,ew,2,1949-03-31,0.015386555901895
usa,low_leverage,monthly,ew,2,1949-04-30,-0.00694406056146884
usa,low_leverage,monthly,ew,2,1949-05-31,-0.016952876084075
usa,low_leverage,monthly,ew,2,1949-06-30,-0.00776691675476717
usa,low_leverage,monthly,ew,2,1949-07-31,0.00658098303758371
usa,low_leverage,monthly,ew,2,1949-08-31,0.00146375353043507
usa,low_leverage,monthly,ew,2,1949-09-30,0.00677544723422802
usa,low_leverage,monthly,ew,2,1949-10-31,0.00871799288633313
usa,low_leverage,monthly,ew,2,1949-11-30,-0.00783328117271661
usa,low_leverage,monthly,ew,2,1949-12-31,0.00927461288684395
usa,low_leverage,monthly,ew,2,1950-01-31,0.0265950656059817
usa,low_leverage,monthly,ew,2,1950-02-28,0.00780163811779436
usa,low_leverage,monthly,ew,2,1950-03-31,-0.00580583334804091
usa,low_leverage,monthly,ew,2,1950-04-30,0.0198080392983175
usa,low_leverage,monthly,ew,2,1950-05-31,-0.0125332416399427
usa,low_leverage,monthly,ew,2,1950-06-30,-0.00918336314820996
usa,low_leverage,monthly,ew,2,1950-07-31,0.0165673448482624
usa,low_leverage,monthly,ew,2,1950-08-31,-0.000451156952266892
usa,low_leverage,monthly,ew,2,1950-09-30,-0.00266055927643359
usa,low_leverage,monthly,ew,2,1950-10-31,-0.00185138617034677
usa,low_leverage,monthly,ew,6,1950-11-30,0.00123652539691701
usa,low_leverage,monthly,ew,6,1950-12-31,0.0368223528217959
usa,low_leverage,monthly,ew,6,1951-01-31,0.00193362244620201
usa,low_leverage,monthly,ew,6,1951-02-28,-0.00675481534269236
usa,low_leverage,monthly,ew,6,1951-03-31,-0.0126720901373235
usa,low_leverage,monthly,ew,6,1951-04-30,-0.00113048697170137
usa,low_leverage,monthly,ew,7,1951-05-31,0.000788882233288239
usa,low_leverage,monthly,ew,7,1951-06-30,0.00175495495739464
usa,low_leverage,monthly,ew,7,1951-07-31,0.00559630713123302
usa,low_leverage,monthly,ew,7,1951-08-31,0.00215696800892503
usa,low_leverage,monthly,ew,7,1951-09-30,-0.00496021733459461
usa,low_leverage,monthly,ew,7,1951-10-31,0.00335241636237715
usa,low_leverage,monthly,ew,8,1951-11-30,-0.00226655640336142
usa,low_leverage,monthly,ew,8,1951-12-31,0.0038607154462856
usa,low_leverage,monthly,ew,8,1952-01-31,-0.00349151085653703
usa,low_leverage,monthly,ew,8,1952-02-29,-0.000137992145778755
usa,low_leverage,monthly,ew,8,1952-03-31,-0.00922984058316322
usa,low_leverage,monthly,ew,8,1952-04-30,0.00294031099406572
usa,low_leverage,monthly,ew,8,1952-05-31,0.00128429304238063
usa,low_leverage,monthly,ew,8,1952-06-30,-0.00918413964613264
usa,low_leverage,monthly,ew,8,1952-07-31,-0.00212996345093338
usa,low_leverage,monthly,ew,8,1952-08-31,-0.0014685715557772
usa,low_leverage,monthly,ew,8,1952-09-30,-0.00167659269327689
usa,low_leverage,monthly,ew,8,1952-10-31,-0.0035782060766203
usa,low_leverage,monthly,ew,8,1952-11-30,0.00165598656043395
usa,low_leverage,monthly,ew,8,1952-12-31,-0.00168740225330398
usa,low_leverage,monthly,ew,8,1953-01-31,-0.0038815150870399
usa,low_leverage,monthly,ew,8,1953-02-28,-0.00318669900639952
usa,low_leverage,monthly,ew,8,1953-03-31,0.00268847872293224
usa,low_leverage,monthly,ew,8,1953-04-30,-0.0100010010551634
usa,low_leverage,monthly,ew,8,1953-05-31,-0.00365508502320603
usa,low_leverage,monthly,ew,8,1953-06-30,0.00156816817865241
usa,low_leverage,monthly,ew,8,1953-07-31,-0.000485432662531642
usa,low_leverage,monthly,ew,8,1953-08-31,0.00544816942498887
usa,low_leverage,monthly,ew,8,1953-09-30,-0.00481536608235662
usa,low_leverage,monthly,ew,8,1953-10-31,-0.0000597128990568159
usa,low_leverage,monthly,ew,8,1953-11-30,0.00512445579329968
usa,low_leverage,monthly,ew,8,1953-12-31,0.00242569124376277
usa,low_leverage,monthly,ew,8,1954-01-31,-0.00526310402478543
usa,low_leverage,monthly,ew,8,1954-02-28,-0.00241396846951723
usa,low_leverage,monthly,ew,8,1954-03-31,0.00566269523320919
usa,low_leverage,monthly,ew,8,1954-04-30,0.00757200384473751
usa,low_leverage,monthly,ew,8,1954-05-31,-0.00282232829984131
usa,low_leverage,monthly,ew,8,1954-06-30,0.000184661031295051
usa,low_leverage,monthly,ew,8,1954-07-31,-0.0121700412937974
usa,low_leverage,monthly,ew,8,1954-08-31,-0.00612650881457903
usa,low_leverage,monthly,ew,8,1954-09-30,0.00252231713737419
usa,low_leverage,monthly,ew,8,1954-10-31,0.00548838169716007
usa,low_leverage,monthly,ew,8,1954-11-30,0.00879887459138684
usa,low_leverage,monthly,ew,8,1954-12-31,-0.0103612583159856
usa,low_leverage,monthly,ew,8,1955-01-31,-0.0130135771958307
usa,low_leverage,monthly,ew,8,1955-02-28,0.00528782162845065
usa,low_leverage,monthly,ew,8,1955-03-31,0.003104028710215
usa,low_leverage,monthly,ew,8,1955-04-30,0.00334368908885763
usa,low_leverage,monthly,ew,9,1955-05-31,0.014391711585473
usa,low_leverage,monthly,ew,9,1955-06-30,0.00087109055298504
usa,low_leverage,monthly,ew,9,1955-07-31,-0.0131007428714096
usa,low_leverage,monthly,ew,9,1955-08-31,0.0125242893746156
usa,low_leverage,monthly,ew,9,1955-09-30,-0.00286007443461379
usa,low_leverage,monthly,ew,9,1955-10-31,0.00600938889926839
usa,low_leverage,monthly,ew,10,1955-11-30,0.00792229053790362
usa,low_leverage,monthly,ew,10,1955-12-31,0.00931531652239613
usa,low_leverage,monthly,ew,10,1956-01-31,-0.0000852378120525528
usa,low_leverage,monthly,ew,10,1956-02-29,0.0141784359004803
usa,low_leverage,monthly,ew,10,1956-03-31,0.00372539498854896
usa,low_leverage,monthly,ew,10,1956-04-30,0.0098687521659925
usa,low_leverage,monthly,ew,10,1956-05-31,0.00276494652181368
usa,low_leverage,monthly,ew,10,1956-06-30,0.00826778025346225
usa,low_leverage,monthly,ew,10,1956-07-31,0.00172964254269773
usa,low_leverage,monthly,ew,10,1956-08-31,0.0016845037393411
usa,low_leverage,monthly,ew,10,1956-09-30,-0.00803422405672309
usa,low_leverage,monthly,ew,10,1956-10-31,-0.00056866627449686
usa,low_leverage,monthly,ew,10,1956-11-30,-0.00244139584410147
usa,low_leverage,monthly,ew,10,1956-12-31,0.0121090729796661
usa,low_leverage,monthly,ew,10,1957-01-31,-0.0113357062352712
usa,low_leverage,monthly,ew,10,1957-02-28,-0.0015303607559508
usa,low_leverage,monthly,ew,10,1957-03-31,0.00115468247900911
usa,low_leverage,monthly,ew,10,1957-04-30,-0.0036581400658505
usa,low_leverage,monthly,ew,10,1957-05-31,0.00334730047742009
usa,low_leverage,monthly,ew,10,1957-06-30,0.0171887047245196
usa,low_leverage,monthly,ew,10,1957-07-31,-0.00338355791745275
usa,low_leverage,monthly,ew,10,1957-08-31,-0.00847735080605925
usa,low_leverage,monthly,ew,10,1957-09-30,-0.00531915753891158
usa,low_leverage,monthly,ew,10,1957-10-31,-0.00763670202290361
usa,low_leverage,monthly,ew,10,1957-11-30,0.00715719565714357
usa,low_leverage,monthly,ew,10,1957-12-31,-0.0127808428028185
usa,low_leverage,monthly,ew,10,1958-01-31,-0.00849175151118403
usa,low_leverage,monthly,ew,10,1958-02-28,-0.00334968922849544
usa,low_leverage,monthly,ew,10,1958-03-31,-0.00140930126796335
usa,low_leverage,monthly,ew,10,1958-04-30,0.00445396725926166
usa,low_leverage,monthly,ew,10,1958-05-31,-0.000030765557463338
usa,low_leverage,monthly,ew,10,1958-06-30,-0.00197676982657065
usa,low_leverage,monthly,ew,10,1958-07-31,0.0140668772769318
usa,low_leverage,monthly,ew,10,1958-08-31,0.00348647206124317
usa,low_leverage,monthly,ew,10,1958-09-30,-0.0100734964247965
usa,low_leverage,monthly,ew,10,1958-10-31,-0.0101518749853355
usa,low_leverage,monthly,ew,10,1958-11-30,0.00887874619296894
usa,low_leverage,monthly,ew,10,1958-12-31,-0.00350122287462365
usa,low_leverage,monthly,ew,10,1959-01-31,-0.00201432677318229
usa,low_leverage,monthly,ew,10,1959-02-28,0.00587534126037998
usa,low_leverage,monthly,ew,10,1959-03-31,0.00528720423763894
usa,low_leverage,monthly,ew,10,1959-04-30,0.0164203150783223
usa,low_leverage,monthly,ew,10,1959-05-31,0.00283472954735214
usa,low_leverage,monthly,ew,10,1959-06-30,0.00112334880019147
usa,low_leverage,monthly,ew,10,1959-07-31,0.00129663550159654
usa,low_leverage,monthly,ew,10,1959-08-31,-0.00743671378008305
usa,low_leverage,monthly,ew,10,1959-09-30,-0.00410816830001687
usa,low_leverage,monthly,ew,10,1959-10-31,0.00494971954241629
usa,low_leverage,monthly,ew,10,1959-11-30,0.0187946824987273
usa,low_leverage,monthly,ew,10,1959-12-31,-0.00315062761303118
usa,low_leverage,monthly,ew,10,1960-01-31,-0.00884273387771962
usa,low_leverage,monthly,ew,10,1960-02-29,-0.00553022577511007
usa,low_leverage,monthly,ew,10,1960-03-31,0.000950779824480528
usa,low_leverage,monthly,ew,10,1960-04-30,-0.0043003947217339
usa,low_leverage,monthly,ew,10,1960-05-31,0.0210887385049481
usa,low_leverage,monthly,ew,10,1960-06-30,-0.00882859144253783
usa,low_leverage,monthly,ew,10,1960-07-31,-0.0153762826375991
usa,low_leverage,monthly,ew,10,1960-08-31,-0.0153514527366587
usa,low_leverage,monthly,ew,10,1960-09-30,-0.0101859685648034
usa,low_leverage,monthly,ew,10,1960-10-31,-0.00267275172361943
usa,low_leverage,monthly,ew,10,1960-11-30,-0.00182287798726909
usa,low_leverage,monthly,ew,10,1960-12-31,0.00237385161553775
usa,low_leverage,monthly,ew,10,1961-01-31,-0.00948388240386454
usa,low_leverage,monthly,ew,10,1961-02-28,-0.0029013883689109
usa,low_leverage,monthly,ew,10,1961-03-31,-0.00256271702335941
usa,low_leverage,monthly,ew,10,1961-04-30,-0.00534053935565524
usa,low_leverage,monthly,ew,10,1961-05-31,-0.00594530935676076
usa,low_leverage,monthly,ew,10,1961-06-30,0.00344956782680118
usa,low_leverage,monthly,ew,10,1961-07-31,-0.000147854152513409
usa,low_leverage,monthly,ew,10,1961-08-31,-0.00772981645413545
usa,low_leverage,monthly,ew,10,1961-09-30,-0.00770909615235324
usa,low_leverage,monthly,ew,10,1961-10-31,0.0017829298935082
usa,low_leverage,monthly,ew,10,1961-11-30,-0.00588298022988525
usa,low_leverage,monthly,ew,10,1961-12-31,0.000898366530047137
usa,low_leverage,monthly,ew,10,1962-01-31,-0.002864683149659
usa,low_leverage,monthly,ew,10,1962-02-28,0.00144802755235739
usa,low_leverage,monthly,ew,10,1962-03-31,-0.00300959076354058
usa,low_leverage,monthly,ew,10,1962-04-30,-0.00880409333011369
usa,low_leverage,monthly,ew,11,1962-05-31,-0.00742722928612681
usa,low_leverage,monthly,ew,11,1962-06-30,-0.0153683593318071
usa,low_leverage,monthly,ew,11,1962-07-31,0.00631882718101816
usa,low_leverage,monthly,ew,11,1962-08-31,0.00189043428290111
usa,low_leverage,monthly,ew,11,1962-09-30,-0.00805698866527091
usa,low_leverage,monthly,ew,11,1962-10-31,-0.00439783499417961
usa,low_leverage,monthly,ew,11,1962-11-30,0.0111701480752164
usa,low_leverage,monthly,ew,11,1962-12-31,-0.0164422283993395
usa,low_leverage,monthly,ew,11,1963-01-31,0.00768746816705811
usa,low_leverage,monthly,ew,11,1963-02-28,-0.00306090930934326
usa,low_leverage,monthly,ew,11,1963-03-31,-0.00711459758821762
usa,low_leverage,monthly,ew,11,1963-04-30,-0.0000995090682362325
usa,low_leverage,monthly,ew,11,1963-05-31,0.00265069298096375
usa,low_leverage,monthly,ew,11,1963-06-30,0.00311066712666024
usa,low_leverage,monthly,ew,11,1963-07-31,-0.00181576252887808
usa,low_leverage,monthly,ew,11,1963-08-31,-0.000331225745710704
usa,low_leverage,monthly,ew,11,1963-09-30,0.00682523908163372
usa,low_leverage,monthly,ew,11,1963-10-31,0.0041178522244362
usa,low_leverage,monthly,ew,11,1963-11-30,-0.00344242900007015
usa,low_leverage,monthly,ew,11,1963-12-31,-0.000195621310752851
usa,low_leverage,monthly,ew,11,1964-01-31,-0.00257892374813291
usa,low_leverage,monthly,ew,11,1964-02-29,-0.00297774579950034
usa,low_leverage,monthly,ew,11,1964-03-31,-0.00919738108728144
usa,low_leverage,monthly,ew,11,1964-04-30,-0.00628361639457802
usa,low_leverage,monthly,ew,11,1964-05-31,-0.00304221683680404
usa,low_leverage,monthly,ew,11,1964-06-30,-0.00345965290468515
usa,low_leverage,monthly,ew,11,1964-07-31,-0.00162798898932963
usa,low_leverage,monthly,ew,11,1964-08-31,-0.00587735353173442
usa,low_leverage,monthly,ew,11,1964-09-30,0.00803566700139712
usa,low_leverage,monthly,ew,11,1964-10-31,0.0033553787426435
usa,low_leverage,monthly,ew,11,1964-11-30,-0.000850117243850401
usa,low_leverage,monthly,ew,11,1964-12-31,0.0091146498769824
usa,low_leverage,monthly,ew,11,1965-01-31,0.0122864469427897
usa,low_leverage,monthly,ew,11,1965-02-28,0.00590324966560539
usa,low_leverage,monthly,ew,11,1965-03-31,-0.00429586841200992
usa,low_leverage,monthly,ew,11,1965-04-30,0.00833494549576797
usa,low_leverage,monthly,ew,11,1965-05-31,-0.000770180297530131
usa,low_leverage,monthly,ew,11,1965-06-30,-0.00687383307788706
usa,low_leverage,monthly,ew,11,1965-07-31,0.0085427893066975
usa,low_leverage,monthly,ew,11,1965-08-31,0.0182920066339026
usa,low_leverage,monthly,ew,11,1965-09-30,0.000163822510337983
usa,low_leverage,monthly,ew,11,1965-10-31,0.00494557837377385
usa,low_leverage,monthly,ew,11,1965-11-30,0.0223656583212682
usa,low_leverage,monthly,ew,11,1965-12-31,0.0146728375391372
usa,low_leverage,monthly,ew,11,1966-01-31,0.0109412459411728
usa,low_leverage,monthly,ew,11,1966-02-28,0.0209743001666883
usa,low_leverage,monthly,ew,11,1966-03-31,0.00518436488627044
usa,low_leverage,monthly,ew,11,1966-04-30,0.0156302327344949
usa,low_leverage,monthly,ew,11,1966-05-31,-0.012733828718502
usa,low_leverage,monthly,ew,11,1966-06-30,0.00897542145135201
usa,low_leverage,monthly,ew,11,1966-07-31,-0.00249934817481743
usa,low_leverage,monthly,ew,11,1966-08-31,0.00729533099225773
usa,low_leverage,monthly,ew,11,1966-09-30,-0.00866339547744702
usa,low_leverage,monthly,ew,11,1966-10-31,-0.0390260356076385
usa,low_leverage,monthly,ew,11,1966-11-30,0.0324491432676702
usa,low_leverage,monthly,ew,11,1966-12-31,0.00184520910558018
usa,low_leverage,monthly,ew,11,1967-01-31,0.0185664869626951
usa,low_leverage,monthly,ew,11,1967-02-28,0.0172362504560857
usa,low_leverage,monthly,ew,11,1967-03-31,0.0158710057459089
usa,low_leverage,monthly,ew,11,1967-04-30,0.00827498948051862
usa,low_leverage,monthly,ew,11,1967-05-31,0.00361012059746066
usa,low_leverage,monthly,ew,11,1967-06-30,0.0205912985887537
usa,low_leverage,monthly,ew,11,1967-07-31,0.00272692946646046
usa,low_leverage,monthly,ew,11,1967-08-31,0.00194585967312717
usa,low_leverage,monthly,ew,11,1967-09-30,0.0266345975115831
usa,low_leverage,monthly,ew,11,1967-10-31,0.00491515853970303
usa,low_leverage,monthly,ew,11,1967-11-30,-0.00170587106155133
usa,low_leverage,monthly,ew,11,1967-12-31,0.00177776484706988
usa,low_leverage,monthly,ew,11,1968-01-31,-0.0143856849930153
usa,low_leverage,monthly,ew,11,1968-02-29,-0.0150265421101534
usa,low_leverage,monthly,ew,11,1968-03-31,0.00481969764051523
usa,low_leverage,monthly,ew,11,1968-04-30,0.0274383482961558
usa,low_leverage,monthly,ew,11,1968-05-31,0.0249052683428957
usa,low_leverage,monthly,ew,11,1968-06-30,-0.0158229615709739
usa,low_leverage,monthly,ew,11,1968-07-31,-0.01592853252449
usa,low_leverage,monthly,ew,11,1968-08-31,0.00188324022832419
usa,low_leverage,monthly,ew,11,1968-09-30,0.00223935477679211
usa,low_leverage,monthly,ew,11,1968-10-31,-0.0111344081981959
usa,low_leverage,monthly,ew,11,1968-11-30,-0.00105523592224631
usa,low_leverage,monthly,ew,11,1968-12-31,0.0132554161792755
usa,low_leverage,monthly,ew,11,1969-01-31,-0.00254724604823331
usa,low_leverage,monthly,ew,11,1969-02-28,-0.0101456810448224
usa,low_leverage,monthly,ew,11,1969-03-31,0.00245832229402733
usa,low_leverage,monthly,ew,11,1969-04-30,0.00481701329403063
usa,low_leverage,monthly,ew,11,1969-05-31,0.0136894380491647
usa,low_leverage,monthly,ew,11,1969-06-30,-0.00556625667262934
usa,low_leverage,monthly,ew,11,1969-07-31,-0.0109001860437417
usa,low_leverage,monthly,ew,11,1969-08-31,0.0196483136021319
usa,low_leverage,monthly,ew,11,1969-09-30,0.0158827707093746
usa,low_leverage,monthly,ew,11,1969-10-31,0.0171957178318792
usa,low_leverage,monthly,ew,11,1969-11-30,0.00519641891329897
usa,low_leverage,monthly,ew,11,1969-12-31,0.00314403281682441
usa,low_leverage,monthly,ew,11,1970-01-31,0.00282130190923541
usa,low_leverage,monthly,ew,11,1970-02-28,-0.0201080859850319
usa,low_leverage,monthly,ew,11,1970-03-31,-0.01992269460275
usa,low_leverage,monthly,ew,11,1970-04-30,-0.0285864567260882
usa,low_leverage,monthly,ew,11,1970-05-31,-0.0138133719676221
usa,low_leverage,monthly,ew,11,1970-06-30,0.000875400190885144
usa,low_leverage,monthly,ew,11,1970-07-31,-0.00723424563891311
usa,low_leverage,monthly,ew,11,1970-08-31,-0.000567591161496188
usa,low_leverage,monthly,ew,11,1970-09-30,0.03207648625959
usa,low_leverage,monthly,ew,11,1970-10-31,-0.00642284261557344
usa,low_leverage,monthly,ew,11,1970-11-30,-0.0126970195037035
usa,low_leverage,monthly,ew,11,1970-12-31,-0.00532534457078846
usa,low_leverage,monthly,ew,11,1971-01-31,0.0125687209983597
usa,low_leverage,monthly,ew,11,1971-02-28,0.0125361087803211
usa,low_leverage,monthly,ew,11,1971-03-31,0.0212197740548096
usa,low_leverage,monthly,ew,11,1971-04-30,0.00882966477879051
usa,low_leverage,monthly,ew,11,1971-05-31,0.00973774012152062
usa,low_leverage,monthly,ew,11,1971-06-30,0.00160611251992397
usa,low_leverage,monthly,ew,11,1971-07-31,-0.00916529205504731
usa,low_leverage,monthly,ew,11,1971-08-31,0.0068150119771228
usa,low_leverage,monthly,ew,11,1971-09-30,0.00711546110215848
usa,low_leverage,monthly,ew,11,1971-10-31,-0.00393155820589615
usa,low_leverage,monthly,ew,11,1971-11-30,-0.0010765575948597
usa,low_leverage,monthly,ew,11,1971-12-31,0.00624541231358099
usa,low_leverage,monthly,ew,11,1972-01-31,0.0231559780132653
usa,low_leverage,monthly,ew,11,1972-02-29,0.0133853207929305
usa,low_leverage,monthly,ew,11,1972-03-31,0.00908143003365963
usa,low_leverage,monthly,ew,11,1972-04-30,0.00266606678787846
usa,low_leverage,monthly,ew,11,1972-05-31,0.0099316354599769
usa,low_leverage,monthly,ew,11,1972-06-30,0.00753245208218472
usa,low_leverage,monthly,ew,11,1972-07-31,-0.000103480478534066
usa,low_leverage,monthly,ew,11,1972-08-31,-0.00855693630686657
usa,low_leverage,monthly,ew,11,1972-09-30,-0.00128361127655338
usa,low_leverage,monthly,ew,11,1972-10-31,-0.0103408932266567
usa,low_leverage,monthly,ew,11,1972-11-30,-0.0146017300887153
usa,low_leverage,monthly,ew,11,1972-12-31,0.00996031339428568
usa,low_leverage,monthly,ew,11,1973-01-31,0.000222104924772047
usa,low_leverage,monthly,ew,11,1973-02-28,-0.0109920007069248
usa,low_leverage,monthly,ew,11,1973-03-31,-0.00894423035673713
usa,low_leverage,monthly,ew,11,1973-04-30,-0.0117550096124555
usa,low_leverage,monthly,ew,11,1973-05-31,-0.00727004100296496
usa,low_leverage,monthly,ew,11,1973-06-30,-0.0039674691857142
usa,low_leverage,monthly,ew,11,1973-07-31,0.0394549972124862
usa,low_leverage,monthly,ew,11,1973-08-31,0.000503552084590582
usa,low_leverage,monthly,ew,11,1973-09-30,0.00480683769378128
usa,low_leverage,monthly,ew,11,1973-10-31,0.00132833750148757
usa,low_leverage,monthly,ew,11,1973-11-30,-0.0165157528806324
usa,low_leverage,monthly,ew,11,1973-12-31,-0.0116084361570045
usa,low_leverage,monthly,ew,11,1974-01-31,0.000790397549117009
usa,low_leverage,monthly,ew,11,1974-02-28,-0.00294741735690643
usa,low_leverage,monthly,ew,11,1974-03-31,0.00312114145386428
usa,low_leverage,monthly,ew,11,1974-04-30,0.00468486404137629
usa,low_leverage,monthly,ew,11,1974-05-31,0.00816641854797589
usa,low_leverage,monthly,ew,11,1974-06-30,-0.00164328644343287
usa,low_leverage,monthly,ew,11,1974-07-31,-0.0116476818066246
usa,low_leverage,monthly,ew,11,1974-08-31,0.00386551251857047
usa,low_leverage,monthly,ew,11,1974-09-30,-0.0159589206715946
usa,low_leverage,monthly,ew,11,1974-10-31,0.00481580313100529
usa,low_leverage,monthly,ew,11,1974-11-30,-0.00539791368853523
usa,low_leverage,monthly,ew,11,1974-12-31,-0.00628215586146519
usa,low_leverage,monthly,ew,11,1975-01-31,-0.00867584613807132
usa,low_leverage,monthly,ew,11,1975-02-28,0.0151298198427535
usa,low_leverage,monthly,ew,11,1975-03-31,0.0090107554396512
usa,low_leverage,monthly,ew,11,1975-04-30,0.0165108169338109
usa,low_leverage,monthly,ew,11,1975-05-31,0.00945009107075272
usa,low_leverage,monthly,ew,11,1975-06-30,-0.00679397545346219
usa,low_leverage,monthly,ew,11,1975-07-31,-0.00442930033315169
usa,low_leverage,monthly,ew,11,1975-08-31,-0.00649924366097992
usa,low_leverage,monthly,ew,11,1975-09-30,-0.0010440879496181
usa,low_leverage,monthly,ew,11,1975-10-31,-0.00331629395420325
usa,low_leverage,monthly,ew,11,1975-11-30,-0.00302963685150181
usa,low_leverage,monthly,ew,11,1975-12-31,-0.00599750435473163
usa,low_leverage,monthly,ew,11,1976-01-31,0.00581444730397217
usa,low_leverage,monthly,ew,11,1976-02-29,0.00863230568865355
usa,low_leverage,monthly,ew,11,1976-03-31,0.000873689110769585
usa,low_leverage,monthly,ew,11,1976-04-30,-0.00263199091464712
usa,low_leverage,monthly,ew,11,1976-05-31,0.000796064456243429
usa,low_leverage,monthly,ew,11,1976-06-30,-0.00126598130965454
usa,low_leverage,monthly,ew,11,1976-07-31,-0.00108529432668406
usa,low_leverage,monthly,ew,11,1976-08-31,-0.00659363552731344
usa,low_leverage,monthly,ew,11,1976-09-30,-0.000234541958769037
usa,low_leverage,monthly,ew,11,1976-10-31,-0.00163834940977289
usa,low_leverage,monthly,ew,11,1976-11-30,-0.00379217899671195
usa,low_leverage,monthly,ew,11,1976-12-31,0.00606418324639502
usa,low_leverage,monthly,ew,11,1977-01-31,-0.0045600762213244
usa,low_leverage,monthly,ew,11,1977-02-28,0.00372458853031731
usa,low_leverage,monthly,ew,11,1977-03-31,0.00221399471730442
usa,low_leverage,monthly,ew,11,1977-04-30,-0.00555405232790326
usa,low_leverage,monthly,ew,11,1977-05-31,-0.000565644721537216
usa,low_leverage,monthly,ew,11,1977-06-30,0.000581999262989037
usa,low_leverage,monthly,ew,11,1977-07-31,0.00202799364464757
usa,low_leverage,monthly,ew,11,1977-08-31,0.00925003603362624
usa,low_leverage,monthly,ew,11,1977-09-30,0.00140701965062989
usa,low_leverage,monthly,ew,11,1977-10-31,0.000161675325807441
usa,low_leverage,monthly,ew,11,1977-11-30,0.00927595078458432
usa,low_leverage,monthly,ew,11,1977-12-31,0.00590764534511943
usa,low_leverage,monthly,ew,11,1978-01-31,-0.000245001992447637
usa,low_leverage,monthly,ew,11,1978-02-28,0.00596910844611632
usa,low_leverage,monthly,ew,11,1978-03-31,0.00725470790774039
usa,low_leverage,monthly,ew,11,1978-04-30,0.0104671817316708
usa,low_leverage,monthly,ew,11,1978-05-31,0.0149522771957579
usa,low_leverage,monthly,ew,11,1978-06-30,-0.00507181726028525
usa,low_leverage,monthly,ew,11,1978-07-31,0.00248811718580285
usa,low_leverage,monthly,ew,11,1978-08-31,0.00992543818849793
usa,low_leverage,monthly,ew,11,1978-09-30,-0.000809281861725626
usa,low_leverage,monthly,ew,11,1978-10-31,-0.0192994705067304
usa,low_leverage,monthly,ew,11,1978-11-30,0.01518888322062
usa,low_leverage,monthly,ew,11,1978-12-31,0.00990060433747106
usa,low_leverage,monthly,ew,11,1979-01-31,0.00573317711119831
usa,low_leverage,monthly,ew,11,1979-02-28,-0.000336123278193066
usa,low_leverage,monthly,ew,11,1979-03-31,0.0106496486770751
usa,low_leverage,monthly,ew,11,1979-04-30,0.00704474109502907
usa,low_leverage,monthly,ew,11,1979-05-31,-0.00115613641169586
usa,low_leverage,monthly,ew,11,1979-06-30,-0.000484878655948638
usa,low_leverage,monthly,ew,11,1979-07-31,0.000837427159049591
usa,low_leverage,monthly,ew,11,1979-08-31,0.00744622155663257
usa,low_leverage,monthly,ew,11,1979-09-30,0.00361430644499752
usa,low_leverage,monthly,ew,11,1979-10-31,0.00242352283935394
usa,low_leverage,monthly,ew,11,1979-11-30,0.0112553688880127
usa,low_leverage,monthly,ew,11,1979-12-31,0.0198961132134135
usa,low_leverage,monthly,ew,11,1980-01-31,0.0245892923622195
usa,low_leverage,monthly,ew,11,1980-02-29,0.0104547500849004
usa,low_leverage,monthly,ew,11,1980-03-31,-0.0187749690780875
usa,low_leverage,monthly,ew,11,1980-04-30,-0.00433829477473677
usa,low_leverage,monthly,ew,11,1980-05-31,0.000435655625290561
usa,low_leverage,monthly,ew,11,1980-06-30,-0.00110757606659618
usa,low_leverage,monthly,ew,11,1980-07-31,0.0265380558944128
usa,low_leverage,monthly,ew,11,1980-08-31,0.0275639183764037
usa,low_leverage,monthly,ew,11,1980-09-30,0.0161688420196471
usa,low_leverage,monthly,ew,11,1980-10-31,0.0219618698846916
usa,low_leverage,monthly,ew,11,1980-11-30,0.026163951741667
usa,low_leverage,monthly,ew,11,1980-12-31,-0.0058155588168577
usa,low_leverage,monthly,ew,11,1981-01-31,-0.0125147353964273
usa,low_leverage,monthly,ew,11,1981-02-28,-0.0146395656663377
usa,low_leverage,monthly,ew,11,1981-03-31,-0.00252909964118726
usa,low_leverage,monthly,ew,11,1981-04-30,0.00953527139966109
usa,low_leverage,monthly,ew,11,1981-05-31,0.0135129536931319
usa,low_leverage,monthly,ew,11,1981-06-30,-0.0272652970127485
usa,low_leverage,monthly,ew,11,1981-07-31,-0.00586105608262759
usa,low_leverage,monthly,ew,11,1981-08-31,-0.0208092503275624
usa,low_leverage,monthly,ew,11,1981-09-30,-0.0187905000467929
usa,low_leverage,monthly,ew,11,1981-10-31,0.0207811244805236
usa,low_leverage,monthly,ew,11,1981-11-30,-0.0134396483459163
usa,low_leverage,monthly,ew,11,1981-12-31,-0.000137526543029389
usa,low_leverage,monthly,ew,11,1982-01-31,0.00541440279923933
usa,low_leverage,monthly,ew,11,1982-02-28,-0.0215453733066765
usa,low_leverage,monthly,ew,11,1982-03-31,-0.0113187462996745
usa,low_leverage,monthly,ew,11,1982-04-30,0.0106270943874069
usa,low_leverage,monthly,ew,11,1982-05-31,-0.00453139004815798
usa,low_leverage,monthly,ew,11,1982-06-30,-0.0104659873926067
usa,low_leverage,monthly,ew,11,1982-07-31,-0.00139920428438563
usa,low_leverage,monthly,ew,11,1982-08-31,-0.0122068200845233
usa,low_leverage,monthly,ew,11,1982-09-30,-0.00088447375657886
usa,low_leverage,monthly,ew,11,1982-10-31,0.0213211069588077
usa,low_leverage,monthly,ew,11,1982-11-30,0.0193131267413425
usa,low_leverage,monthly,ew,11,1982-12-31,0.00593023395350655
usa,low_leverage,monthly,ew,11,1983-01-31,0.0331784069605479
usa,low_leverage,monthly,ew,11,1983-02-28,0.00383496976623407
usa,low_leverage,monthly,ew,11,1983-03-31,-0.00919093604588501
usa,low_leverage,monthly,ew,11,1983-04-30,-0.00226079659803432
usa,low_leverage,monthly,ew,11,1983-05-31,0.0208100492455598
usa,low_leverage,monthly,ew,11,1983-06-30,0.0157522897499842
usa,low_leverage,monthly,ew,11,1983-07-31,-0.0208318099755942
usa,low_leverage,monthly,ew,11,1983-08-31,-0.0163227358114311
usa,low_leverage,monthly,ew,11,1983-09-30,-0.0141056498720393
usa,low_leverage,monthly,ew,11,1983-10-31,-0.030304433381077
usa,low_leverage,monthly,ew,11,1983-11-30,0.000545066576482046
usa,low_leverage,monthly,ew,11,1983-12-31,-0.011702241590396
usa,low_leverage,monthly,ew,11,1984-01-31,-0.0120636538025227
usa,low_leverage,monthly,ew,11,1984-02-29,-0.0148930154813927
usa,low_leverage,monthly,ew,11,1984-03-31,-0.00610689967012699
usa,low_leverage,monthly,ew,11,1984-04-30,-0.00396394443484426
usa,low_leverage,monthly,ew,11,1984-05-31,-0.0114840020270417
usa,low_leverage,monthly,ew,11,1984-06-30,0.00034144429295403
usa,low_leverage,monthly,ew,11,1984-07-31,-0.01707021966035
usa,low_leverage,monthly,ew,11,1984-08-31,0.012017462152813
usa,low_leverage,monthly,ew,11,1984-09-30,-0.019483809247347
usa,low_leverage,monthly,ew,11,1984-10-31,-0.0196956604292232
usa,low_leverage,monthly,ew,11,1984-11-30,-0.0143453310393557
usa,low_leverage,monthly,ew,11,1984-12-31,-0.00371356716059731
usa,low_leverage,monthly,ew,11,1985-01-31,0.0343572294678908
usa,low_leverage,monthly,ew,11,1985-02-28,0.0095919278436261
usa,low_leverage,monthly,ew,11,1985-03-31,-0.0140692997078075
usa,low_leverage,monthly,ew,11,1985-04-30,-0.0144120723375869
usa,low_leverage,monthly,ew,11,1985-05-31,-0.0115679628408971
usa,low_leverage,monthly,ew,11,1985-06-30,-0.0141213827294393
usa,low_leverage,monthly,ew,11,1985-07-31,0.0161053292509943
usa,low_leverage,monthly,ew,11,1985-08-31,-0.00214692504247914
usa,low_leverage,monthly,ew,11,1985-09-30,-0.0106821645752737
usa,low_leverage,monthly,ew,11,1985-10-31,-0.00794297195714179
usa,low_leverage,monthly,ew,11,1985-11-30,0.0030791211653243
usa,low_leverage,monthly,ew,11,1985-12-31,0.00801441613704557
usa,low_leverage,monthly,ew,11,1986-01-31,0.00635267161988886
usa,low_leverage,monthly,ew,11,1986-02-28,-0.0059886510199911
usa,low_leverage,monthly,ew,11,1986-03-31,-0.0059648940608969
usa,low_leverage,monthly,ew,11,1986-04-30,0.0153924176921117
usa,low_leverage,monthly,ew,11,1986-05-31,-0.00448777701365114
usa,low_leverage,monthly,ew,11,1986-06-30,-0.0111452063376902
usa,low_leverage,monthly,ew,11,1986-07-31,-0.0186395646879091
usa,low_leverage,monthly,ew,11,1986-08-31,-0.0122713488582127
usa,low_leverage,monthly,ew,11,1986-09-30,-0.00880389222640409
usa,low_leverage,monthly,ew,11,1986-10-31,-0.000793418069112099
usa,low_leverage,monthly,ew,11,1986-11-30,0.00211195566200945
usa,low_leverage,monthly,ew,11,1986-12-31,-0.00187639989051936
usa,low_leverage,monthly,ew,11,1987-01-31,0.0195648594356018
usa,low_leverage,monthly,ew,11,1987-02-28,0.0279287756300393
usa,low_leverage,monthly,ew,11,1987-03-31,0.00189779438425455
usa,low_leverage,monthly,ew,11,1987-04-30,0.00738810658157298
usa,low_leverage,monthly,ew,11,1987-05-31,0.00374995651417582
usa,low_leverage,monthly,ew,11,1987-06-30,-0.0209869517224383
usa,low_leverage,monthly,ew,11,1987-07-31,-0.0148797249070071
usa,low_leverage,monthly,ew,11,1987-08-31,0.000604226248597091
usa,low_leverage,monthly,ew,11,1987-09-30,-0.00161651745141928
usa,low_leverage,monthly,ew,11,1987-10-31,-0.027006472254818
usa,low_leverage,monthly,ew,11,1987-11-30,-0.00426505698682188
usa,low_leverage,monthly,ew,11,1987-12-31,0.00408231969341326
usa,low_leverage,monthly,ew,11,1988-01-31,-0.0032795081874361
usa,low_leverage,monthly,ew,11,1988-02-29,-0.00221675645355247
usa,low_leverage,monthly,ew,11,1988-03-31,0.0111125692339066
usa,low_leverage,monthly,ew,11,1988-04-30,0.00295757710294872
usa,low_leverage,monthly,ew,11,1988-05-31,-0.010667295084015
usa,low_leverage,monthly,ew,11,1988-06-30,-0.000190947069281054
usa,low_leverage,monthly,ew,11,1988-07-31,-0.00400236665740029
usa,low_leverage,monthly,ew,11,1988-08-31,-0.00500557425283491
usa,low_leverage,monthly,ew,11,1988-09-30,-0.00975088603954633
usa,low_leverage,monthly,ew,11,1988-10-31,-0.0164264640664822
usa,low_leverage,monthly,ew,11,1988-11-30,-0.00670662302031066
usa,low_leverage,monthly,ew,11,1988-12-31,0.012716913547141
usa,low_leverage,monthly,ew,11,1989-01-31,0.00107297512063094
usa,low_leverage,monthly,ew,11,1989-02-28,0.00369978595002799
usa,low_leverage,monthly,ew,11,1989-03-31,-0.00525952097418766
usa,low_leverage,monthly,ew,11,1989-04-30,-0.00522112158715331
usa,low_leverage,monthly,ew,11,1989-05-31,0.000166980827534277
usa,low_leverage,monthly,ew,11,1989-06-30,-0.0128425868095235
usa,low_leverage,monthly,ew,11,1989-07-31,-0.00906404199117897
usa,low_leverage,monthly,ew,11,1989-08-31,0.000105367693807988
usa,low_leverage,monthly,ew,11,1989-09-30,0.0163827418449039
usa,low_leverage,monthly,ew,11,1989-10-31,0.00752730180835524
usa,low_leverage,monthly,ew,11,1989-11-30,0.00128694678963735
usa,low_leverage,monthly,ew,11,1989-12-31,-0.0016329497149516
usa,low_leverage,monthly,ew,11,1990-01-31,0.00620162142356305
usa,low_leverage,monthly,ew,11,1990-02-28,0.00806013118276159
usa,low_leverage,monthly,ew,11,1990-03-31,0.0149884219870399
usa,low_leverage,monthly,ew,11,1990-04-30,0.00782742259595818
usa,low_leverage,monthly,ew,11,1990-05-31,0.0119118533885249
usa,low_leverage,monthly,ew,11,1990-06-30,0.0153933784930529
usa,low_leverage,monthly,ew,11,1990-07-31,-0.00386373235702054
usa,low_leverage,monthly,ew,11,1990-08-31,-0.00962951726396525
usa,low_leverage,monthly,ew,11,1990-09-30,-0.00285559890602235
usa,low_leverage,monthly,ew,11,1990-10-31,0.00670884950444033
usa,low_leverage,monthly,ew,11,1990-11-30,0.00200561632262558
usa,low_leverage,monthly,ew,11,1990-12-31,0.00385092445166313
usa,low_leverage,monthly,ew,11,1991-01-31,0.0267573527222215
usa,low_leverage,monthly,ew,11,1991-02-28,0.0156946741090721
usa,low_leverage,monthly,ew,11,1991-03-31,0.0154905832247362
usa,low_leverage,monthly,ew,11,1991-04-30,0.0116751804148046
usa,low_leverage,monthly,ew,11,1991-05-31,-0.00776226548524066
usa,low_leverage,monthly,ew,11,1991-06-30,-0.00722703608768529
usa,low_leverage,monthly,ew,11,1991-07-31,0.00412823341068888
usa,low_leverage,monthly,ew,11,1991-08-31,0.0119859156176605
usa,low_leverage,monthly,ew,11,1991-09-30,0.0173989861124806
usa,low_leverage,monthly,ew,11,1991-10-31,0.0211543196901753
usa,low_leverage,monthly,ew,11,1991-11-30,0.00682411780482588
usa,low_leverage,monthly,ew,11,1991-12-31,0.00335340120886756
usa,low_leverage,monthly,ew,11,1992-01-31,0.0410496523707095
usa,low_leverage,monthly,ew,11,1992-02-29,-0.0106936136658954
usa,low_leverage,monthly,ew,11,1992-03-31,-0.0192484724959004
usa,low_leverage,monthly,ew,11,1992-04-30,-0.0328045267758611
usa,low_leverage,monthly,ew,11,1992-05-31,-0.00559144841848124
usa,low_leverage,monthly,ew,11,1992-06-30,-0.0176481409003042
usa,low_leverage,monthly,ew,11,1992-07-31,-0.00781887862023362
usa,low_leverage,monthly,ew,11,1992-08-31,-0.0105025752807182
usa,low_leverage,monthly,ew,11,1992-09-30,0.00236196301115695
usa,low_leverage,monthly,ew,11,1992-10-31,0.0108899784992889
usa,low_leverage,monthly,ew,11,1992-11-30,0.028675423477276
usa,low_leverage,monthly,ew,11,1992-12-31,-0.0017881483182188
usa,low_leverage,monthly,ew,11,1993-01-31,0.00219806138698013
usa,low_leverage,monthly,ew,11,1993-02-28,-0.0355147990670025
usa,low_leverage,monthly,ew,11,1993-03-31,-0.0139402038032594
usa,low_leverage,monthly,ew,11,1993-04-30,-0.00108460488065452
usa,low_leverage,monthly,ew,11,1993-05-31,0.0196819864865099
usa,low_leverage,monthly,ew,11,1993-06-30,-0.00752779123290411
usa,low_leverage,monthly,ew,11,1993-07-31,-0.0114780327579455
usa,low_leverage,monthly,ew,11,1993-08-31,0.00800940062718717
usa,low_leverage,monthly,ew,11,1993-09-30,0.0084105681667571
usa,low_leverage,monthly,ew,11,1993-10-31,0.0132095512746854
usa,low_leverage,monthly,ew,11,1993-11-30,-0.00640397296745541
usa,low_leverage,monthly,ew,11,1993-12-31,-0.00794144205206311
usa,low_leverage,monthly,ew,11,1994-01-31,0.00471264092178374
usa,low_leverage,monthly,ew,11,1994-02-28,-0.00363858008372341
usa,low_leverage,monthly,ew,11,1994-03-31,-0.0106919442786092
usa,low_leverage,monthly,ew,11,1994-04-30,-0.0232441130319663
usa,low_leverage,monthly,ew,11,1994-05-31,-0.00656437479585836
usa,low_leverage,monthly,ew,11,1994-06-30,-0.0189105733998456
usa,low_leverage,monthly,ew,11,1994-07-31,-0.00405226142493242
usa,low_leverage,monthly,ew,11,1994-08-31,0.0169824108725072
usa,low_leverage,monthly,ew,11,1994-09-30,0.0184207106777406
usa,low_leverage,monthly,ew,11,1994-10-31,0.0119401678297587
usa,low_leverage,monthly,ew,11,1994-11-30,0.0100869285267061
usa,low_leverage,monthly,ew,11,1994-12-31,-0.0113648114907978
usa,low_leverage,monthly,ew,11,1995-01-31,0.00979782230128026
usa,low_leverage,monthly,ew,11,1995-02-28,0.0000949369757151214
usa,low_leverage,monthly,ew,11,1995-03-31,0.011880936327404
usa,low_leverage,monthly,ew,11,1995-04-30,0.00881657248151002
usa,low_leverage,monthly,ew,11,1995-05-31,0.00826350530611024
usa,low_leverage,monthly,ew,11,1995-06-30,0.0379630084522834
usa,low_leverage,monthly,ew,11,1995-07-31,0.0291413917329821
usa,low_leverage,monthly,ew,11,1995-08-31,0.0165204111010489
usa,low_leverage,monthly,ew,11,1995-09-30,0.0153696568835612
usa,low_leverage,monthly,ew,11,1995-10-31,-0.00665714390840809
usa,low_leverage,monthly,ew,11,1995-11-30,9.7065127057435e-6
usa,low_leverage,monthly,ew,11,1995-12-31,0.00121185559457088
usa,low_leverage,monthly,ew,11,1996-01-31,0.00617370180725913
usa,low_leverage,monthly,ew,11,1996-02-29,0.0215389231106508
usa,low_leverage,monthly,ew,11,1996-03-31,-0.00914338740172713
usa,low_leverage,monthly,ew,11,1996-04-30,0.0432575705857398
usa,low_leverage,monthly,ew,11,1996-05-31,0.0241747718628887
usa,low_leverage,monthly,ew,11,1996-06-30,-0.044550555590711
usa,low_leverage,monthly,ew,11,1996-07-31,-0.0477182315469819
usa,low_leverage,monthly,ew,11,1996-08-31,0.00878844028249482
usa,low_leverage,monthly,ew,11,1996-09-30,0.0105611669982517
usa,low_leverage,monthly,ew,11,1996-10-31,-0.0332258665797434
usa,low_leverage,monthly,ew,11,1996-11-30,-0.00868088201398759
usa,low_leverage,monthly,ew,11,1996-12-31,-0.00853733524510822
usa,low_leverage,monthly,ew,11,1997-01-31,0.0304988361634147
usa,low_leverage,monthly,ew,11,1997-02-28,-0.0371641100414736
usa,low_leverage,monthly,ew,11,1997-03-31,-0.0404699471147328
usa,low_leverage,monthly,ew,11,1997-04-30,-0.0307106174716234
usa,low_leverage,monthly,ew,11,1997-05-31,0.0400599809762381
usa,low_leverage,monthly,ew,11,1997-06-30,-0.0168964384578685
usa,low_leverage,monthly,ew,11,1997-07-31,-0.00305854065587518
usa,low_leverage,monthly,ew,11,1997-08-31,0.0239923694946389
usa,low_leverage,monthly,ew,11,1997-09-30,0.017648126319491
usa,low_leverage,monthly,ew,11,1997-10-31,-0.0201362840801929
usa,low_leverage,monthly,ew,11,1997-11-30,-0.0323217765320633
usa,low_leverage,monthly,ew,11,1997-12-31,-0.0508448457732919
usa,low_leverage,monthly,ew,11,1998-01-31,0.0137424376747366
usa,low_leverage,monthly,ew,11,1998-02-28,0.00243783095226363
usa,low_leverage,monthly,ew,11,1998-03-31,-0.00641635793366199
usa,low_leverage,monthly,ew,11,1998-04-30,0.00726851551286766
usa,low_leverage,monthly,ew,11,1998-05-31,-0.0197652165600053
usa,low_leverage,monthly,ew,11,1998-06-30,-0.0136236085805438
usa,low_leverage,monthly,ew,11,1998-07-31,-0.00839206715988832
usa,low_leverage,monthly,ew,11,1998-08-31,-0.0415200447419914
usa,low_leverage,monthly,ew,11,1998-09-30,0.0362951908137296
usa,low_leverage,monthly,ew,11,1998-10-31,0.0183638978847261
usa,low_leverage,monthly,ew,11,1998-11-30,0.0530871923372188
usa,low_leverage,monthly,ew,11,1998-12-31,0.0160933494502621
usa,low_leverage,monthly,ew,11,1999-01-31,0.0755908463082513
usa,low_leverage,monthly,ew,11,1999-02-28,-0.0121553648725771
usa,low_leverage,monthly,ew,11,1999-03-31,0.0102718381811975
usa,low_leverage,monthly,ew,11,1999-04-30,-0.0161461952641174
usa,low_leverage,monthly,ew,11,1999-05-31,0.0115382447076063
usa,low_leverage,monthly,ew,11,1999-06-30,0.0269694325198417
usa,low_leverage,monthly,ew,11,1999-07-31,0.0215758087051305
usa,low_leverage,monthly,ew,11,1999-08-31,0.0250030898421986
usa,low_leverage,monthly,ew,11,1999-09-30,0.0383361116230529
usa,low_leverage,monthly,ew,11,1999-10-31,0.0315833578615799
usa,low_leverage,monthly,ew,11,1999-11-30,0.135730707791647
usa,low_leverage,monthly,ew,11,1999-12-31,0.129033306738389
usa,low_leverage,monthly,ew,11,2000-01-31,0.0897171268880335
usa,low_leverage,monthly,ew,11,2000-02-29,0.246319188880874
usa,low_leverage,monthly,ew,11,2000-03-31,-0.0769420459500414
usa,low_leverage,monthly,ew,11,2000-04-30,-0.121597768966
usa,low_leverage,monthly,ew,11,2000-05-31,-0.0727950248999513
usa,low_leverage,monthly,ew,11,2000-06-30,0.1386838598625
usa,low_leverage,monthly,ew,11,2000-07-31,-0.0614639477960542
usa,low_leverage,monthly,ew,11,2000-08-31,0.0450531134695359
usa,low_leverage,monthly,ew,11,2000-09-30,-0.0484581013883724
usa,low_leverage,monthly,ew,11,2000-10-31,-0.0677678901681429
usa,low_leverage,monthly,ew,11,2000-11-30,-0.130436135569969
usa,low_leverage,monthly,ew,11,2000-12-31,-0.0742983313722842
usa,low_leverage,monthly,ew,11,2001-01-31,0.168887125371569
usa,low_leverage,monthly,ew,11,2001-02-28,-0.130839840378757
usa,low_leverage,monthly,ew,11,2001-03-31,-0.0837767179502953
usa,low_leverage,monthly,ew,11,2001-04-30,0.0644467800265274
usa,low_leverage,monthly,ew,11,2001-05-31,0.00761768310187787
usa,low_leverage,monthly,ew,11,2001-06-30,-0.00302825578749732
usa,low_leverage,monthly,ew,11,2001-07-31,-0.0616268967908053
usa,low_leverage,monthly,ew,11,2001-08-31,-0.0489997175554195
usa,low_leverage,monthly,ew,11,2001-09-30,-0.0484175281322673
usa,low_leverage,monthly,ew,11,2001-10-31,0.101300370989371
usa,low_leverage,monthly,ew,11,2001-11-30,0.0500355730284569
usa,low_leverage,monthly,ew,11,2001-12-31,0.0204057662871668
usa,low_leverage,monthly,ew,11,2002-01-31,-0.0163025069086877
usa,low_leverage,monthly,ew,11,2002-02-28,-0.0675551719936876
usa,low_leverage,monthly,ew,11,2002-03-31,0.0069722998108205
usa,low_leverage,monthly,ew,11,2002-04-30,-0.0707131366483452
usa,low_leverage,monthly,ew,11,2002-05-31,-0.0346993267384315
usa,low_leverage,monthly,ew,11,2002-06-30,-0.0544046347261896
usa,low_leverage,monthly,ew,11,2002-07-31,-0.0216252964026022
usa,low_leverage,monthly,ew,11,2002-08-31,-0.00545404284981504
usa,low_leverage,monthly,ew,11,2002-09-30,-0.0294337564236653
usa,low_leverage,monthly,ew,11,2002-10-31,0.0587100007779654
usa,low_leverage,monthly,ew,11,2002-11-30,0.0838989933731101
usa,low_leverage,monthly,ew,11,2002-12-31,-0.047602314328309
usa,low_leverage,monthly,ew,11,2003-01-31,0.0221026006341163
usa,low_leverage,monthly,ew,11,2003-02-28,-0.000715569781751848
usa,low_leverage,monthly,ew,11,2003-03-31,0.00949798103730577
usa,low_leverage,monthly,ew,11,2003-04-30,0.0336945749544142
usa,low_leverage,monthly,ew,11,2003-05-31,0.0814126918902271
usa,low_leverage,monthly,ew,11,2003-06-30,0.0133202233868135
usa,low_leverage,monthly,ew,11,2003-07-31,0.0324945613436064
usa,low_leverage,monthly,ew,11,2003-08-31,0.0194677551915873
usa,low_leverage,monthly,ew,11,2003-09-30,0.0192441761678887
usa,low_leverage,monthly,ew,11,2003-10-31,0.0182684348266303
usa,low_leverage,monthly,ew,11,2003-11-30,0.00594172818832251
usa,low_leverage,monthly,ew,11,2003-12-31,-0.0217396529272012
usa,low_leverage,monthly,ew,11,2004-01-31,0.0486349747597932
usa,low_leverage,monthly,ew,11,2004-02-29,-0.0256831613299412
usa,low_leverage,monthly,ew,11,2004-03-31,-0.0108208739907305
usa,low_leverage,monthly,ew,11,2004-04-30,-0.0204670414179914
usa,low_leverage,monthly,ew,11,2004-05-31,0.000264953345807536
usa,low_leverage,monthly,ew,11,2004-06-30,-0.0168414464135863
usa,low_leverage,monthly,ew,11,2004-07-31,-0.0548799286597444
usa,low_leverage,monthly,ew,11,2004-08-31,-0.0135770082831781
usa,low_leverage,monthly,ew,11,2004-09-30,0.00890312986462164
usa,low_leverage,monthly,ew,11,2004-10-31,0.00165293987233504
usa,low_leverage,monthly,ew,11,2004-11-30,0.00683479055273628
usa,low_leverage,monthly,ew,11,2004-12-31,0.022548283985002
usa,low_leverage,monthly,ew,11,2005-01-31,-0.0260878280882755
usa,low_leverage,monthly,ew,11,2005-02-28,-0.0116080260446761
usa,low_leverage,monthly,ew,11,2005-03-31,-0.0305276575994048
usa,low_leverage,monthly,ew,11,2005-04-30,-0.0174484606923749
usa,low_leverage,monthly,ew,11,2005-05-31,0.0132795154697963
usa,low_leverage,monthly,ew,11,2005-06-30,-0.00144991759424033
usa,low_leverage,monthly,ew,11,2005-07-31,0.0142096567508728
usa,low_leverage,monthly,ew,11,2005-08-31,0.00321443942768039
usa,low_leverage,monthly,ew,11,2005-09-30,0.013463590577001
usa,low_leverage,monthly,ew,11,2005-10-31,-0.00837867447567873
usa,low_leverage,monthly,ew,11,2005-11-30,0.0074772422639351
usa,low_leverage,monthly,ew,11,2005-12-31,0.00451323362865235
usa,low_leverage,monthly,ew,11,2006-01-31,0.0377197912609079
usa,low_leverage,monthly,ew,11,2006-02-28,-0.000213122471309203
usa,low_leverage,monthly,ew,11,2006-03-31,0.00864075707455299
usa,low_leverage,monthly,ew,11,2006-04-30,-0.00974258806383
usa,low_leverage,monthly,ew,11,2006-05-31,-0.0335961216982916
usa,low_leverage,monthly,ew,11,2006-06-30,-0.0147979061339233
usa,low_leverage,monthly,ew,11,2006-07-31,-0.0241670970890366
usa,low_leverage,monthly,ew,11,2006-08-31,0.0141739080031316
usa,low_leverage,monthly,ew,11,2006-09-30,-0.00922674482369543
usa,low_leverage,monthly,ew,11,2006-10-31,0.00968280954346229
usa,low_leverage,monthly,ew,11,2006-11-30,0.00473514119174678
usa,low_leverage,monthly,ew,11,2006-12-31,-0.00730858872630326
usa,low_leverage,monthly,ew,11,2007-01-31,0.00289050794877291
usa,low_leverage,monthly,ew,11,2007-02-28,-0.000806737948556059
usa,low_leverage,monthly,ew,11,2007-03-31,0.000161430732896908
usa,low_leverage,monthly,ew,11,2007-04-30,0.00842178704816872
usa,low_leverage,monthly,ew,11,2007-05-31,-0.00911263521814821
usa,low_leverage,monthly,ew,11,2007-06-30,0.00472626799867367
usa,low_leverage,monthly,ew,11,2007-07-31,0.0116685506642294
usa,low_leverage,monthly,ew,11,2007-08-31,-0.00882856097279677
usa,low_leverage,monthly,ew,11,2007-09-30,0.0191581308000974
usa,low_leverage,monthly,ew,11,2007-10-31,0.0189346212439179
usa,low_leverage,monthly,ew,11,2007-11-30,-0.0166025480299832
usa,low_leverage,monthly,ew,11,2007-12-31,0.00811105538386273
usa,low_leverage,monthly,ew,11,2008-01-31,-0.027620123430658
usa,low_leverage,monthly,ew,11,2008-02-29,0.00617159391393675
usa,low_leverage,monthly,ew,11,2008-03-31,-0.0169127650713583
usa,low_leverage,monthly,ew,11,2008-04-30,0.00557211574047503
usa,low_leverage,monthly,ew,11,2008-05-31,0.012476682874183
usa,low_leverage,monthly,ew,11,2008-06-30,0.01763412154286
usa,low_leverage,monthly,ew,11,2008-07-31,-0.00624262219859047
usa,low_leverage,monthly,ew,11,2008-08-31,-0.0144256767863308
usa,low_leverage,monthly,ew,11,2008-09-30,-0.0294728332445061
usa,low_leverage,monthly,ew,11,2008-10-31,0.00286807292287874
usa,low_leverage,monthly,ew,11,2008-11-30,0.0018194077111551
usa,low_leverage,monthly,ew,11,2008-12-31,0.011557977558161
usa,low_leverage,monthly,ew,11,2009-01-31,0.0583961652439752
usa,low_leverage,monthly,ew,11,2009-02-28,0.0246789190201662
usa,low_leverage,monthly,ew,11,2009-03-31,0.00709782810318538
usa,low_leverage,monthly,ew,11,2009-04-30,-0.0377039217419364
usa,low_leverage,monthly,ew,11,2009-05-31,0.0140304567122287
usa,low_leverage,monthly,ew,11,2009-06-30,0.0311841934521654
usa,low_leverage,monthly,ew,11,2009-07-31,-0.00243183932636454
usa,low_leverage,monthly,ew,11,2009-08-31,-0.00934672247353449
usa,low_leverage,monthly,ew,11,2009-09-30,0.023348132900582
usa,low_leverage,monthly,ew,11,2009-10-31,-0.00981659118773134
usa,low_leverage,monthly,ew,11,2009-11-30,0.00584072928211632
usa,low_leverage,monthly,ew,11,2009-12-31,0.0154668123933013
usa,low_leverage,monthly,ew,11,2010-01-31,-0.0109539599433566
usa,low_leverage,monthly,ew,11,2010-02-28,0.00131306372674771
usa,low_leverage,monthly,ew,11,2010-03-31,-0.00522909909482971
usa,low_leverage,monthly,ew,11,2010-04-30,-0.00907919097174735
usa,low_leverage,monthly,ew,11,2010-05-31,-0.00429920731384796
usa,low_leverage,monthly,ew,11,2010-06-30,-0.000501698723724798
usa,low_leverage,monthly,ew,11,2010-07-31,-0.00645529876217691
usa,low_leverage,monthly,ew,11,2010-08-31,0.00240302992012657
usa,low_leverage,monthly,ew,11,2010-09-30,0.0199653010585114
usa,low_leverage,monthly,ew,11,2010-10-31,0.00999308591058396
usa,low_leverage,monthly,ew,11,2010-11-30,0.001549739901944
usa,low_leverage,monthly,ew,11,2010-12-31,0.00902571691458051
usa,low_leverage,monthly,ew,11,2011-01-31,-0.00193875640308106
usa,low_leverage,monthly,ew,11,2011-02-28,0.0001490345695838
usa,low_leverage,monthly,ew,11,2011-03-31,0.00192105250149227
usa,low_leverage,monthly,ew,11,2011-04-30,0.0024833127312393
usa,low_leverage,monthly,ew,11,2011-05-31,-0.00615649421961407
usa,low_leverage,monthly,ew,11,2011-06-30,-0.0131564557741102
usa,low_leverage,monthly,ew,11,2011-07-31,-0.000272106032214229
usa,low_leverage,monthly,ew,11,2011-08-31,-0.0104192702396196
usa,low_leverage,monthly,ew,11,2011-09-30,-0.00493835371984572
usa,low_leverage,monthly,ew,11,2011-10-31,0.000578753113813199
usa,low_leverage,monthly,ew,11,2011-11-30,-0.0196582337074354
usa,low_leverage,monthly,ew,11,2011-12-31,-0.016571798862584
usa,low_leverage,monthly,ew,11,2012-01-31,0.0297898033942287
usa,low_leverage,monthly,ew,11,2012-02-29,-0.00218669428406331
usa,low_leverage,monthly,ew,11,2012-03-31,-0.00118157576413699
usa,low_leverage,monthly,ew,11,2012-04-30,-0.0168189740142905
usa,low_leverage,monthly,ew,11,2012-05-31,-0.00808792230175259
usa,low_leverage,monthly,ew,11,2012-06-30,0.00176912199428397
usa,low_leverage,monthly,ew,11,2012-07-31,-0.00830104043046007
usa,low_leverage,monthly,ew,11,2012-08-31,-0.000771755554470094
usa,low_leverage,monthly,ew,11,2012-09-30,0.00266933752171822
usa,low_leverage,monthly,ew,11,2012-10-31,-0.0271802945490851
usa,low_leverage,monthly,ew,11,2012-11-30,-0.00262951071156075
usa,low_leverage,monthly,ew,11,2012-12-31,-0.00628638698901714
usa,low_leverage,monthly,ew,11,2013-01-31,0.000933227065991598
usa,low_leverage,monthly,ew,11,2013-02-28,-0.00876695051424493
usa,low_leverage,monthly,ew,11,2013-03-31,-0.00642868451743491
usa,low_leverage,monthly,ew,11,2013-04-30,-0.00467337576731291
usa,low_leverage,monthly,ew,11,2013-05-31,0.00756085019377367
usa,low_leverage,monthly,ew,11,2013-06-30,-0.00408425589512694
usa,low_leverage,monthly,ew,11,2013-07-31,0.0129981414711836
usa,low_leverage,monthly,ew,11,2013-08-31,0.00788049629946792
usa,low_leverage,monthly,ew,11,2013-09-30,0.00951647505527099
usa,low_leverage,monthly,ew,11,2013-10-31,-0.0184692057267845
usa,low_leverage,monthly,ew,11,2013-11-30,0.00584496819301821
usa,low_leverage,monthly,ew,11,2013-12-31,0.00573714573843884
usa,low_leverage,monthly,ew,11,2014-01-31,0.0499197667001856
usa,low_leverage,monthly,ew,11,2014-02-28,0.00475507191087277
usa,low_leverage,monthly,ew,11,2014-03-31,-0.024021208942089
usa,low_leverage,monthly,ew,11,2014-04-30,-0.0378025410668397
usa,low_leverage,monthly,ew,11,2014-05-31,-0.0104464447839414
usa,low_leverage,monthly,ew,11,2014-06-30,0.0214522693863454
usa,low_leverage,monthly,ew,11,2014-07-31,-0.0154887658321375
usa,low_leverage,monthly,ew,11,2014-08-31,0.00344199867125827
usa,low_leverage,monthly,ew,11,2014-09-30,-0.00540207091757403
usa,low_leverage,monthly,ew,11,2014-10-31,-0.0068454401176228
usa,low_leverage,monthly,ew,11,2014-11-30,-0.0010166297585192
usa,low_leverage,monthly,ew,11,2014-12-31,0.00729578028840687
usa,low_leverage,monthly,ew,11,2015-01-31,0.0215942532117276
usa,low_leverage,monthly,ew,11,2015-02-28,0.0112520993355228
usa,low_leverage,monthly,ew,11,2015-03-31,-0.00922200962183731
usa,low_leverage,monthly,ew,11,2015-04-30,-0.00705025288864072
usa,low_leverage,monthly,ew,11,2015-05-31,0.0168303150353911
usa,low_leverage,monthly,ew,11,2015-06-30,0.00176517899687413
usa,low_leverage,monthly,ew,11,2015-07-31,-0.00811360016579223
usa,low_leverage,monthly,ew,11,2015-08-31,-0.0113213656054219
usa,low_leverage,monthly,ew,11,2015-09-30,-0.0168483043983853
usa,low_leverage,monthly,ew,11,2015-10-31,-0.00312687180434984
usa,low_leverage,monthly,ew,11,2015-11-30,0.0320930826277887
usa,low_leverage,monthly,ew,11,2015-12-31,0.00115119738044656
usa,low_leverage,monthly,ew,11,2016-01-31,-0.0399165257465393
usa,low_leverage,monthly,ew,11,2016-02-29,-0.00962439028428795
usa,low_leverage,monthly,ew,11,2016-03-31,-0.00621646537629558
usa,low_leverage,monthly,ew,11,2016-04-30,-0.000314632411562377
usa,low_leverage,monthly,ew,11,2016-05-31,0.00696300522123715
usa,low_leverage,monthly,ew,11,2016-06-30,-0.00905395670490002
usa,low_leverage,monthly,ew,11,2016-07-31,0.0127002650550165
usa,low_leverage,monthly,ew,11,2016-08-31,0.00520828296488874
usa,low_leverage,monthly,ew,11,2016-09-30,0.0276636858812665
usa,low_leverage,monthly,ew,11,2016-10-31,-0.0354768311731619
usa,low_leverage,monthly,ew,11,2016-11-30,-0.0198224676770948
usa,low_leverage,monthly,ew,11,2016-12-31,-0.0262813893877826
usa,low_leverage,monthly,ew,11,2017-01-31,0.0176014275125384
usa,low_leverage,monthly,ew,11,2017-02-28,0.011589613733917
usa,low_leverage,monthly,ew,11,2017-03-31,0.0167238486153614
usa,low_leverage,monthly,ew,11,2017-04-30,-0.00352175750797131
usa,low_leverage,monthly,ew,11,2017-05-31,0.000362999733827971
usa,low_leverage,monthly,ew,11,2017-06-30,0.0149004626578772
usa,low_leverage,monthly,ew,11,2017-07-31,-0.00408776370175629
usa,low_leverage,monthly,ew,11,2017-08-31,0.014665753476005
usa,low_leverage,monthly,ew,11,2017-09-30,0.0102715070359087
usa,low_leverage,monthly,ew,11,2017-10-31,-0.00369614753561564
usa,low_leverage,monthly,ew,11,2017-11-30,-0.00782037073194967
usa,low_leverage,monthly,ew,11,2017-12-31,0.000531622351669725
usa,low_leverage,monthly,ew,11,2018-01-31,0.0126264351252544
usa,low_leverage,monthly,ew,11,2018-02-28,0.00914576551590469
usa,low_leverage,monthly,ew,11,2018-03-31,-0.00252590631457448
usa,low_leverage,monthly,ew,11,2018-04-30,-0.00241925260818986
usa,low_leverage,monthly,ew,11,2018-05-31,0.0269313259660476
usa,low_leverage,monthly,ew,11,2018-06-30,-0.00855855797331766
usa,low_leverage,monthly,ew,11,2018-07-31,-0.0177094070581669
usa,low_leverage,monthly,ew,11,2018-08-31,0.0292906934286897
usa,low_leverage,monthly,ew,11,2018-09-30,0.00199353956042815
usa,low_leverage,monthly,ew,11,2018-10-31,-0.0303468413401408
usa,low_leverage,monthly,ew,11,2018-11-30,-0.00236419029200004
usa,low_leverage,monthly,ew,11,2018-12-31,-0.0106793757742024
usa,low_leverage,monthly,ew,11,2019-01-31,0.0315685319942891
usa,low_leverage,monthly,ew,11,2019-02-28,0.0186806143385437
usa,low_leverage,monthly,ew,11,2019-03-31,0.0283620898599666
usa,low_leverage,monthly,ew,11,2019-04-30,-0.0202920718654888
usa,low_leverage,monthly,ew,11,2019-05-31,-0.000629071670063297
usa,low_leverage,monthly,ew,11,2019-06-30,-0.00934542032107634
usa,low_leverage,monthly,ew,11,2019-07-31,-0.0166507514347525
usa,low_leverage,monthly,ew,11,2019-08-31,0.000310239183933977
usa,low_leverage,monthly,ew,11,2019-09-30,-0.0483447939046542
usa,low_leverage,monthly,ew,11,2019-10-31,0.000865409975062245
usa,low_leverage,monthly,ew,11,2019-11-30,0.0223157706245807
usa,low_leverage,monthly,ew,11,2019-12-31,0.0210799454992176
usa,low_leverage,monthly,ew,11,2020-01-31,0.039016736099278
usa,low_leverage,monthly,ew,11,2020-02-29,0.025196709026845
usa,low_leverage,monthly,ew,11,2020-03-31,0.0475236934566001
usa,low_leverage,monthly,ew,11,2020-04-30,0.0297680490095537
usa,low_leverage,monthly,ew,11,2020-05-31,0.047511809351194
usa,low_leverage,monthly,ew,11,2020-06-30,0.0193698190418874
usa,low_leverage,monthly,ew,11,2020-07-31,0.00912844859351949
usa,low_leverage,monthly,ew,11,2020-08-31,-0.019716179667703
usa,low_leverage,monthly,ew,11,2020-09-30,0.00645438799652641
usa,low_leverage,monthly,ew,11,2020-10-31,-0.0245487766484899
usa,low_leverage,monthly,ew,11,2020-11-30,0.00334796475974957
usa,low_leverage,monthly,ew,11,2020-12-31,0.0207571689876449
usa,low_leverage,monthly,ew,11,2021-01-31,0.0506289444774409
usa,low_leverage,monthly,ew,11,2021-02-28,-0.0192098728495901
usa,low_leverage,monthly,ew,11,2021-03-31,-0.072572784974474
usa,low_leverage,monthly,ew,11,2021-04-30,-0.0324116531903759
usa,low_leverage,monthly,ew,11,2021-05-31,-0.0379929678344026
usa,low_leverage,monthly,ew,11,2021-06-30,0.0384237702760617
usa,low_leverage,monthly,ew,11,2021-07-31,-0.0380434260815539
usa,low_leverage,monthly,ew,11,2021-08-31,0.0146255093534528
usa,low_leverage,monthly,ew,11,2021-09-30,-0.0212623647270964
usa,low_leverage,monthly,ew,11,2021-10-31,-0.0176108467325907
usa,low_leverage,monthly,ew,11,2021-11-30,-0.0345623168158384
usa,low_leverage,monthly,ew,11,2021-12-31,-0.0712678422399259
usa,low_leverage,monthly,ew,11,2022-01-31,-0.0718414983812053
usa,low_leverage,monthly,ew,11,2022-02-28,-0.0262283492037202
usa,low_leverage,monthly,ew,11,2022-03-31,-0.00155791668908616
usa,low_leverage,monthly,ew,11,2022-04-30,-0.0737619193602209
usa,low_leverage,monthly,ew,11,2022-05-31,-0.0505100083341007
usa,low_leverage,monthly,ew,11,2022-06-30,0.0276901068096182
usa,low_leverage,monthly,ew,11,2022-07-31,0.00715124373871569
usa,low_leverage,monthly,ew,11,2022-08-31,0.0169176042217489
usa,low_leverage,monthly,ew,11,2022-09-30,-0.00555521249833984
usa,low_leverage,monthly,ew,11,2022-10-31,-0.0483440948930824
usa,low_leverage,monthly,ew,11,2022-11-30,-0.0373102760581912
usa,low_leverage,monthly,ew,11,2022-12-31,-0.00466901258074942
usa,low_leverage,monthly,ew,11,2023-01-31,0.0565402234824322
usa,low_leverage,monthly,ew,11,2023-02-28,-0.0230709275575471
usa,low_leverage,monthly,ew,11,2023-03-31,-0.00111475428301613
usa,low_leverage,monthly,ew,11,2023-04-30,0.00192781076014076
usa,low_leverage,monthly,ew,11,2023-05-31,0.0465519207216349
usa,low_leverage,monthly,ew,11,2023-06-30,-0.024486980795786
usa,low_leverage,monthly,ew,11,2023-07-31,-0.014350417922883
usa,low_leverage,monthly,ew,11,2023-08-31,-0.0253622455745254
usa,low_leverage,monthly,ew,11,2023-09-30,-0.0195155429556846
usa,low_leverage,monthly,ew,11,2023-10-31,-0.0306987365985667
usa,low_leverage,monthly,ew,11,2023-11-30,0.0121411852535346
usa,low_leverage,monthly,ew,11,2023-12-31,0.0182972745982768
usa,low_leverage,monthly,ew,11,2024-01-31,0.00540710953626848
usa,low_leverage,monthly,ew,11,2024-02-29,0.0346730547161982
usa,low_leverage,monthly,ew,11,2024-03-31,-0.0149515800898891
usa,low_leverage,monthly,ew,11,2024-04-30,-0.0150518291972006
usa,low_leverage,monthly,ew,11,2024-05-31,-0.0296940501994375
usa,low_leverage,monthly,ew,11,2024-06-30,-0.0102703987150222
usa,low_leverage,monthly,ew,11,2024-07-31,-0.0167357625233456
usa,low_leverage,monthly,ew,11,2024-08-31,-0.0151983438713609
usa,low_leverage,monthly,ew,11,2024-09-30,-0.00661879086285296
usa,low_leverage,monthly,ew,11,2024-10-31,0.0201714497910169
usa,low_leverage,monthly,ew,11,2024-11-30,-0.00544411831344134
usa,low_leverage,monthly,ew,11,2024-12-31,0.0283081530928839
usa,low_risk,monthly,ew,6,1926-02-28,0.0318951124537967
usa,low_risk,monthly,ew,6,1926-03-31,0.0520233454296728
usa,low_risk,monthly,ew,8,1926-04-30,-0.0155754654186349
usa,low_risk,monthly,ew,8,1926-05-31,0.00484289324051378
usa,low_risk,monthly,ew,10,1926-06-30,-0.015236913110909
usa,low_risk,monthly,ew,11,1926-07-31,0.0104767909624386
usa,low_risk,monthly,ew,11,1926-08-31,0.0110807077113006
usa,low_risk,monthly,ew,11,1926-09-30,0.0216207242383765
usa,low_risk,monthly,ew,11,1926-10-31,0.0255505496481425
usa,low_risk,monthly,ew,11,1926-11-30,0.00654571926784703
usa,low_risk,monthly,ew,11,1926-12-31,-0.00818147714676131
usa,low_risk,monthly,ew,11,1927-01-31,0.00352708323624281
usa,low_risk,monthly,ew,11,1927-02-28,-0.019671142678846
usa,low_risk,monthly,ew,11,1927-03-31,0.0255437515822101
usa,low_risk,monthly,ew,11,1927-04-30,0.00724945833497349
usa,low_risk,monthly,ew,11,1927-05-31,-0.00725185897618308
usa,low_risk,monthly,ew,11,1927-06-30,0.00916848897137898
usa,low_risk,monthly,ew,11,1927-07-31,0.00882513954724216
usa,low_risk,monthly,ew,11,1927-08-31,0.0211523088120573
usa,low_risk,monthly,ew,11,1927-09-30,0.000108208233127219
usa,low_risk,monthly,ew,11,1927-10-31,0.0293504189477984
usa,low_risk,monthly,ew,11,1927-11-30,-0.0165342695298773
usa,low_risk,monthly,ew,11,1927-12-31,-0.00399920749965132
usa,low_risk,monthly,ew,11,1928-01-31,0.0143742512810286
usa,low_risk,monthly,ew,11,1928-02-29,0.0133260473051411
usa,low_risk,monthly,ew,11,1928-03-31,-0.0185269652692107
usa,low_risk,monthly,ew,11,1928-04-30,-0.000757629492797883
usa,low_risk,monthly,ew,11,1928-05-31,-0.00966747226736283
usa,low_risk,monthly,ew,11,1928-06-30,0.0401705413885164
usa,low_risk,monthly,ew,11,1928-07-31,0.00192910492236264
usa,low_risk,monthly,ew,12,1928-08-31,-0.0242237480490996
usa,low_risk,monthly,ew,12,1928-09-30,-0.0259255982861985
usa,low_risk,monthly,ew,12,1928-10-31,0.00226554722276712
usa,low_risk,monthly,ew,12,1928-11-30,-0.0377343337001095
usa,low_risk,monthly,ew,12,1928-12-31,0.010568450316558
usa,low_risk,monthly,ew,13,1929-01-31,0.0124805510941994
usa,low_risk,monthly,ew,13,1929-02-28,-0.00715071229763751
usa,low_risk,monthly,ew,13,1929-03-31,0.0139584400670446
usa,low_risk,monthly,ew,13,1929-04-30,0.0106897650364267
usa,low_risk,monthly,ew,13,1929-05-31,0.0694141461702512
usa,low_risk,monthly,ew,13,1929-06-30,-0.0248667578920569
usa,low_risk,monthly,ew,13,1929-07-31,0.0268603699052657
usa,low_risk,monthly,ew,13,1929-08-31,0.0126819466413483
usa,low_risk,monthly,ew,13,1929-09-30,0.0323640965791
usa,low_risk,monthly,ew,13,1929-10-31,0.101379965419303
usa,low_risk,monthly,ew,13,1929-11-30,0.0603451884969065
usa,low_risk,monthly,ew,13,1929-12-31,0.0027853970483784
usa,low_risk,monthly,ew,13,1930-01-31,-0.057352424338602
usa,low_risk,monthly,ew,13,1930-02-28,-0.0161825695329675
usa,low_risk,monthly,ew,13,1930-03-31,-0.0430271178703519
usa,low_risk,monthly,ew,13,1930-04-30,0.00343219510776894
usa,low_risk,monthly,ew,13,1930-05-31,0.0215421325316392
usa,low_risk,monthly,ew,13,1930-06-30,0.105676965545833
usa,low_risk,monthly,ew,13,1930-07-31,-0.0248981931047579
usa,low_risk,monthly,ew,13,1930-08-31,0.0204480331901287
usa,low_risk,monthly,ew,13,1930-09-30,0.0915157621477502
usa,low_risk,monthly,ew,13,1930-10-31,0.0488957793565723
usa,low_risk,monthly,ew,13,1930-11-30,-0.0120545426120944
usa,low_risk,monthly,ew,13,1930-12-31,0.0557513442645647
usa,low_risk,monthly,ew,13,1931-01-31,-0.0723681182581454
usa,low_risk,monthly,ew,13,1931-02-28,-0.0962240986717382
usa,low_risk,monthly,ew,13,1931-03-31,0.0513675042397155
usa,low_risk,monthly,ew,13,1931-04-30,0.0582725405385654
usa,low_risk,monthly,ew,13,1931-05-31,0.0535697100045695
usa,low_risk,monthly,ew,13,1931-06-30,-0.0939485796455952
usa,low_risk,monthly,ew,13,1931-07-31,0.0399278559648226
usa,low_risk,monthly,ew,13,1931-08-31,0.00531913402551476
usa,low_risk,monthly,ew,13,1931-09-30,0.0900864954939392
usa,low_risk,monthly,ew,13,1931-10-31,-0.0633223612903788
usa,low_risk,monthly,ew,13,1931-11-30,0.0567239125659416
usa,low_risk,monthly,ew,13,1931-12-31,0.0515760921602224
usa,low_risk,monthly,ew,13,1932-01-31,-0.0381871263937525
usa,low_risk,monthly,ew,13,1932-02-29,-0.00419827773016537
usa,low_risk,monthly,ew,13,1932-03-31,0.0696717184226816
usa,low_risk,monthly,ew,13,1932-04-30,0.0543299536195546
usa,low_risk,monthly,ew,13,1932-05-31,0.0779837512377585
usa,low_risk,monthly,ew,13,1932-06-30,-0.0359418029952695
usa,low_risk,monthly,ew,13,1932-07-31,-0.251955977390814
usa,low_risk,monthly,ew,13,1932-08-31,-0.187509984896982
usa,low_risk,monthly,ew,13,1932-09-30,0.0316029936590547
usa,low_risk,monthly,ew,13,1932-10-31,0.0954680001099902
usa,low_risk,monthly,ew,13,1932-11-30,0.048990745730746
usa,low_risk,monthly,ew,13,1932-12-31,0.00400918197345957
usa,low_risk,monthly,ew,13,1933-01-31,-0.0177925444070746
usa,low_risk,monthly,ew,13,1933-02-28,0.081871252821505
usa,low_risk,monthly,ew,13,1933-03-31,-0.026390920325079
usa,low_risk,monthly,ew,13,1933-04-30,-0.230036798097736
usa,low_risk,monthly,ew,13,1933-05-31,-0.0998846194970851
usa,low_risk,monthly,ew,13,1933-06-30,-0.0219921837160998
usa,low_risk,monthly,ew,13,1933-07-31,0.0272443439741257
usa,low_risk,monthly,ew,13,1933-08-31,-0.032588095477815
usa,low_risk,monthly,ew,13,1933-09-30,0.0723353175493376
usa,low_risk,monthly,ew,13,1933-10-31,0.0399150532464114
usa,low_risk,monthly,ew,13,1933-11-30,-0.0254960636187792
usa,low_risk,monthly,ew,13,1933-12-31,0.00994545612482232
usa,low_risk,monthly,ew,13,1934-01-31,-0.135747138906089
usa,low_risk,monthly,ew,13,1934-02-28,-0.00387623615813114
usa,low_risk,monthly,ew,13,1934-03-31,0.00727011884548551
usa,low_risk,monthly,ew,13,1934-04-30,0.0497302617472424
usa,low_risk,monthly,ew,13,1934-05-31,0.0419222693720327
usa,low_risk,monthly,ew,13,1934-06-30,0.0324010770859087
usa,low_risk,monthly,ew,13,1934-07-31,0.108941153205449
usa,low_risk,monthly,ew,13,1934-08-31,-0.0624626541206694
usa,low_risk,monthly,ew,13,1934-09-30,0.00509506306304165
usa,low_risk,monthly,ew,13,1934-10-31,0.0352757496017148
usa,low_risk,monthly,ew,13,1934-11-30,-0.0297870326340599
usa,low_risk,monthly,ew,13,1934-12-31,-0.00361912976645352
usa,low_risk,monthly,ew,13,1935-01-31,0.0317342255801832
usa,low_risk,monthly,ew,13,1935-02-28,0.0727545862713343
usa,low_risk,monthly,ew,13,1935-03-31,0.0347913688255674
usa,low_risk,monthly,ew,13,1935-04-30,-0.0261657180708214
usa,low_risk,monthly,ew,13,1935-05-31,0.00657738552816401
usa,low_risk,monthly,ew,13,1935-06-30,-0.00561648317160325
usa,low_risk,monthly,ew,13,1935-07-31,-0.0569950809923052
usa,low_risk,monthly,ew,13,1935-08-31,-0.0482777517392193
usa,low_risk,monthly,ew,13,1935-09-30,-0.0013341191754189
usa,low_risk,monthly,ew,13,1935-10-31,-0.0341239232256394
usa,low_risk,monthly,ew,13,1935-11-30,-0.0389574055059743
usa,low_risk,monthly,ew,13,1935-12-31,-0.0406851695455789
usa,low_risk,monthly,ew,14,1936-01-31,-0.0489123618792228
usa,low_risk,monthly,ew,14,1936-02-29,-0.0166518179163186
usa,low_risk,monthly,ew,14,1936-03-31,0.00432726960932473
usa,low_risk,monthly,ew,14,1936-04-30,0.0654395614971342
usa,low_risk,monthly,ew,14,1936-05-31,-0.0224793002762171
usa,low_risk,monthly,ew,14,1936-06-30,0.0231651900108019
usa,low_risk,monthly,ew,14,1936-07-31,-0.0334212976183402
usa,low_risk,monthly,ew,14,1936-08-31,-0.00738317374680292
usa,low_risk,monthly,ew,14,1936-09-30,0.00316279440903952
usa,low_risk,monthly,ew,14,1936-10-31,-0.00241644761921994
usa,low_risk,monthly,ew,14,1936-11-30,-0.0253365747158763
usa,low_risk,monthly,ew,14,1936-12-31,-0.0350531703511396
usa,low_risk,monthly,ew,14,1937-01-31,-0.0507997699626844
usa,low_risk,monthly,ew,14,1937-02-28,-0.010767067752521
usa,low_risk,monthly,ew,14,1937-03-31,-0.0161922530434059
usa,low_risk,monthly,ew,14,1937-04-30,0.0501200367898919
usa,low_risk,monthly,ew,14,1937-05-31,0.0172240543144198
usa,low_risk,monthly,ew,14,1937-06-30,0.0315096868861771
usa,low_risk,monthly,ew,14,1937-07-31,-0.0428722054476255
usa,low_risk,monthly,ew,14,1937-08-31,0.0325147186581558
usa,low_risk,monthly,ew,14,1937-09-30,0.0745541179269728
usa,low_risk,monthly,ew,14,1937-10-31,0.0239738096097039
usa,low_risk,monthly,ew,14,1937-11-30,0.0288040826593622
usa,low_risk,monthly,ew,14,1937-12-31,0.0633660588201154
usa,low_risk,monthly,ew,14,1938-01-31,0.00214865035553759
usa,low_risk,monthly,ew,14,1938-02-28,-0.0206371496504894
usa,low_risk,monthly,ew,14,1938-03-31,0.0932778834774187
usa,low_risk,monthly,ew,14,1938-04-30,-0.0774795011903039
usa,low_risk,monthly,ew,14,1938-05-31,0.046431267876044
usa,low_risk,monthly,ew,14,1938-06-30,-0.134433647130433
usa,low_risk,monthly,ew,14,1938-07-31,-0.0468818563996293
usa,low_risk,monthly,ew,14,1938-08-31,0.0240551034675296
usa,low_risk,monthly,ew,14,1938-09-30,0.0014230184414046
usa,low_risk,monthly,ew,14,1938-10-31,-0.0683706610928068
usa,low_risk,monthly,ew,14,1938-11-30,0.0194488337564662
usa,low_risk,monthly,ew,14,1938-12-31,-0.0234370999765387
usa,low_risk,monthly,ew,14,1939-01-31,0.0435773768824351
usa,low_risk,monthly,ew,14,1939-02-28,-0.00863156365159687
usa,low_risk,monthly,ew,14,1939-03-31,0.117960288296414
usa,low_risk,monthly,ew,14,1939-04-30,-0.0195511784276691
usa,low_risk,monthly,ew,14,1939-05-31,-0.0180801534844735
usa,low_risk,monthly,ew,14,1939-06-30,0.0712206340844057
usa,low_risk,monthly,ew,14,1939-07-31,-0.0849356486948883
usa,low_risk,monthly,ew,14,1939-08-31,0.0545538452111745
usa,low_risk,monthly,ew,14,1939-09-30,-0.210785921511306
usa,low_risk,monthly,ew,14,1939-10-31,0.058364856936911
usa,low_risk,monthly,ew,14,1939-11-30,0.0662451840034116
usa,low_risk,monthly,ew,14,1939-12-31,-0.00289591857087849
usa,low_risk,monthly,ew,14,1940-01-31,0.0325906303467455
usa,low_risk,monthly,ew,14,1940-02-29,-0.0157390228900955
usa,low_risk,monthly,ew,14,1940-03-31,-0.00298252681757187
usa,low_risk,monthly,ew,14,1940-04-30,-0.0162284423374154
usa,low_risk,monthly,ew,14,1940-05-31,0.0703484096358735
usa,low_risk,monthly,ew,14,1940-06-30,-0.00337399921779328
usa,low_risk,monthly,ew,14,1940-07-31,0.00347687222344215
usa,low_risk,monthly,ew,14,1940-08-31,-0.0130004334418197
usa,low_risk,monthly,ew,14,1940-09-30,-0.0101610910904249
usa,low_risk,monthly,ew,14,1940-10-31,-0.0432986897288307
usa,low_risk,monthly,ew,14,1940-11-30,0.007880736450608
usa,low_risk,monthly,ew,14,1940-12-31,0.0111133902363729
usa,low_risk,monthly,ew,14,1941-01-31,0.0288419350881718
usa,low_risk,monthly,ew,14,1941-02-28,-0.00105226625507789
usa,low_risk,monthly,ew,14,1941-03-31,0.00110263047398885
usa,low_risk,monthly,ew,14,1941-04-30,0.0245298581959732
usa,low_risk,monthly,ew,14,1941-05-31,-0.0213875009698704
usa,low_risk,monthly,ew,14,1941-06-30,-0.0162046191090368
usa,low_risk,monthly,ew,14,1941-07-31,-0.0658759902573974
usa,low_risk,monthly,ew,14,1941-08-31,0.00750330827499706
usa,low_risk,monthly,ew,14,1941-09-30,0.0259187349701886
usa,low_risk,monthly,ew,14,1941-10-31,0.0166607436433467
usa,low_risk,monthly,ew,14,1941-11-30,0.00888748002813262
usa,low_risk,monthly,ew,14,1941-12-31,0.0370323396993951
usa,low_risk,monthly,ew,14,1942-01-31,-0.0584755138127867
usa,low_risk,monthly,ew,14,1942-02-28,-0.00639221901570915
usa,low_risk,monthly,ew,14,1942-03-31,-0.00379380084423215
usa,low_risk,monthly,ew,14,1942-04-30,0.00504643301450217
usa,low_risk,monthly,ew,14,1942-05-31,0.018368348881838
usa,low_risk,monthly,ew,14,1942-06-30,0.00949989489646969
usa,low_risk,monthly,ew,14,1942-07-31,-0.00771763629154282
usa,low_risk,monthly,ew,14,1942-08-31,0.000957362963622617
usa,low_risk,monthly,ew,14,1942-09-30,-0.021465609915081
usa,low_risk,monthly,ew,14,1942-10-31,-0.049606143972386
usa,low_risk,monthly,ew,14,1942-11-30,0.0434355238434289
usa,low_risk,monthly,ew,14,1942-12-31,0.00266621759710354
usa,low_risk,monthly,ew,14,1943-01-31,-0.0575924104254865
usa,low_risk,monthly,ew,14,1943-02-28,-0.0623078551770174
usa,low_risk,monthly,ew,14,1943-03-31,-0.0499952186788367
usa,low_risk,monthly,ew,14,1943-04-30,-0.0244932692462605
usa,low_risk,monthly,ew,14,1943-05-31,-0.0399195192090369
usa,low_risk,monthly,ew,14,1943-06-30,0.0180703635856248
usa,low_risk,monthly,ew,14,1943-07-31,0.0582906848304568
usa,low_risk,monthly,ew,14,1943-08-31,-0.000149501228558163
usa,low_risk,monthly,ew,14,1943-09-30,-0.00911452272653988
usa,low_risk,monthly,ew,14,1943-10-31,0.0106815330321921
usa,low_risk,monthly,ew,14,1943-11-30,0.0561508785766745
usa,low_risk,monthly,ew,14,1943-12-31,-0.0575921968195459
usa,low_risk,monthly,ew,14,1944-01-31,-0.0161294216323823
usa,low_risk,monthly,ew,14,1944-02-29,-0.00929767062297088
usa,low_risk,monthly,ew,14,1944-03-31,-0.0227202795722178
usa,low_risk,monthly,ew,14,1944-04-30,0.0197435697344003
usa,low_risk,monthly,ew,14,1944-05-31,-0.0204903857153426
usa,low_risk,monthly,ew,14,1944-06-30,-0.0506405702720325
usa,low_risk,monthly,ew,14,1944-07-31,0.0213842525978639
usa,low_risk,monthly,ew,14,1944-08-31,-0.0121818435764212
usa,low_risk,monthly,ew,14,1944-09-30,-0.000991247094094263
usa,low_risk,monthly,ew,14,1944-10-31,0.0209656676677209
usa,low_risk,monthly,ew,14,1944-11-30,-0.0110061597723707
usa,low_risk,monthly,ew,14,1944-12-31,-0.0424678059980938
usa,low_risk,monthly,ew,14,1945-01-31,-0.0115729006272914
usa,low_risk,monthly,ew,14,1945-02-28,-0.0269225513475424
usa,low_risk,monthly,ew,14,1945-03-31,0.0404071435079136
usa,low_risk,monthly,ew,14,1945-04-30,-0.0327365389401619
usa,low_risk,monthly,ew,14,1945-05-31,-0.00533863096949843
usa,low_risk,monthly,ew,14,1945-06-30,-0.0527058574275466
usa,low_risk,monthly,ew,14,1945-07-31,0.0284115534818859
usa,low_risk,monthly,ew,14,1945-08-31,-0.000781801076848681
usa,low_risk,monthly,ew,14,1945-09-30,-0.00554559074760432
usa,low_risk,monthly,ew,14,1945-10-31,-0.00409010340357024
usa,low_risk,monthly,ew,14,1945-11-30,-0.0320878953912636
usa,low_risk,monthly,ew,14,1945-12-31,-0.00215333792807508
usa,low_risk,monthly,ew,14,1946-01-31,-0.0521234728865854
usa,low_risk,monthly,ew,14,1946-02-28,0.0245840484092889
usa,low_risk,monthly,ew,14,1946-03-31,0.0266921965815418
usa,low_risk,monthly,ew,14,1946-04-30,0.00584510753779945
usa,low_risk,monthly,ew,14,1946-05-31,-0.00570338708245675
usa,low_risk,monthly,ew,14,1946-06-30,0.0132849632703522
usa,low_risk,monthly,ew,14,1946-07-31,0.0175716284112398
usa,low_risk,monthly,ew,14,1946-08-31,0.0303903021140796
usa,low_risk,monthly,ew,14,1946-09-30,0.0408246748012409
usa,low_risk,monthly,ew,14,1946-10-31,0.00559957365263325
usa,low_risk,monthly,ew,14,1946-11-30,0.0226268719351373
usa,low_risk,monthly,ew,14,1946-12-31,0.00549408712512095
usa,low_risk,monthly,ew,14,1947-01-31,-0.0248401549707267
usa,low_risk,monthly,ew,14,1947-02-28,0.0021209694919619
usa,low_risk,monthly,ew,14,1947-03-31,0.0185101761966623
usa,low_risk,monthly,ew,14,1947-04-30,0.0282904737768599
usa,low_risk,monthly,ew,14,1947-05-31,0.0267145846485226
usa,low_risk,monthly,ew,14,1947-06-30,-0.0021865918401823
usa,low_risk,monthly,ew,14,1947-07-31,-0.0181402886902137
usa,low_risk,monthly,ew,14,1947-08-31,0.00696302398901387
usa,low_risk,monthly,ew,14,1947-09-30,-0.0109317543199652
usa,low_risk,monthly,ew,14,1947-10-31,0.00125372758110645
usa,low_risk,monthly,ew,14,1947-11-30,0.0166920603599121
usa,low_risk,monthly,ew,14,1947-12-31,-0.0146647805879818
usa,low_risk,monthly,ew,14,1948-01-31,-0.00931969538194941
usa,low_risk,monthly,ew,14,1948-02-29,0.0230266686405536
usa,low_risk,monthly,ew,14,1948-03-31,-0.0437583449661145
usa,low_risk,monthly,ew,14,1948-04-30,-0.00943795343495263
usa,low_risk,monthly,ew,14,1948-05-31,-0.0237385612667058
usa,low_risk,monthly,ew,14,1948-06-30,0.00117519886803184
usa,low_risk,monthly,ew,14,1948-07-31,0.0252220342078407
usa,low_risk,monthly,ew,14,1948-08-31,0.00475375680674072
usa,low_risk,monthly,ew,14,1948-09-30,0.0244755093182569
usa,low_risk,monthly,ew,14,1948-10-31,-0.0136010993113444
usa,low_risk,monthly,ew,14,1948-11-30,0.0519316741126676
usa,low_risk,monthly,ew,14,1948-12-31,-0.00594546582310234
usa,low_risk,monthly,ew,14,1949-01-31,0.0109358067481594
usa,low_risk,monthly,ew,14,1949-02-28,0.0226727945757768
usa,low_risk,monthly,ew,14,1949-03-31,-0.0243171883279057
usa,low_risk,monthly,ew,14,1949-04-30,0.0239477255404649
usa,low_risk,monthly,ew,14,1949-05-31,0.0377194184811076
usa,low_risk,monthly,ew,14,1949-06-30,0.0021940020583856
usa,low_risk,monthly,ew,14,1949-07-31,-0.0106785660911929
usa,low_risk,monthly,ew,14,1949-08-31,0.00371968610922338
usa,low_risk,monthly,ew,14,1949-09-30,-0.019552728650522
usa,low_risk,monthly,ew,14,1949-10-31,-0.00741160274975357
usa,low_risk,monthly,ew,14,1949-11-30,0.0128439933003819
usa,low_risk,monthly,ew,14,1949-12-31,-0.0237250593512721
usa,low_risk,monthly,ew,14,1950-01-31,-0.0234176065032234
usa,low_risk,monthly,ew,14,1950-02-28,0.000849191009206641
usa,low_risk,monthly,ew,14,1950-03-31,0.00551557495834391
usa,low_risk,monthly,ew,14,1950-04-30,-0.0474028592362967
usa,low_risk,monthly,ew,14,1950-05-31,0.012476101626339
usa,low_risk,monthly,ew,14,1950-06-30,0.0269768966677623
usa,low_risk,monthly,ew,14,1950-07-31,-0.0508871199860466
usa,low_risk,monthly,ew,14,1950-08-31,0.00300154495611199
usa,low_risk,monthly,ew,14,1950-09-30,-0.0103890334552762
usa,low_risk,monthly,ew,14,1950-10-31,0.013473581991835
usa,low_risk,monthly,ew,14,1950-11-30,-0.0166984574017152
usa,low_risk,monthly,ew,14,1950-12-31,-0.0527985871661086
usa,low_risk,monthly,ew,14,1951-01-31,-0.0206884842189386
usa,low_risk,monthly,ew,14,1951-02-28,0.0151286906742144
usa,low_risk,monthly,ew,14,1951-03-31,0.0207301479771949
usa,low_risk,monthly,ew,14,1951-04-30,-0.0204054907829623
usa,low_risk,monthly,ew,14,1951-05-31,0.0255608292924085
usa,low_risk,monthly,ew,15,1951-06-30,0.0345665367461958
usa,low_risk,monthly,ew,15,1951-07-31,-0.0279325993037439
usa,low_risk,monthly,ew,15,1951-08-31,-0.0138420259003286
usa,low_risk,monthly,ew,15,1951-09-30,-0.0114229296768746
usa,low_risk,monthly,ew,15,1951-10-31,0.0170744035066675
usa,low_risk,monthly,ew,15,1951-11-30,-0.000420524228658199
usa,low_risk,monthly,ew,15,1951-12-31,0.00136035058606555
usa,low_risk,monthly,ew,15,1952-01-31,0.00480052151447232
usa,low_risk,monthly,ew,15,1952-02-29,0.00996787192064354
usa,low_risk,monthly,ew,15,1952-03-31,-0.00892464235031327
usa,low_risk,monthly,ew,15,1952-04-30,0.0227603677826371
usa,low_risk,monthly,ew,15,1952-05-31,-0.00260466922901391
usa,low_risk,monthly,ew,15,1952-06-30,-0.0126865074988128
usa,low_risk,monthly,ew,15,1952-07-31,0.00820114342661964
usa,low_risk,monthly,ew,15,1952-08-31,0.0104082503069768
usa,low_risk,monthly,ew,15,1952-09-30,0.0104275495982181
usa,low_risk,monthly,ew,15,1952-10-31,-0.00121609260094014
usa,low_risk,monthly,ew,15,1952-11-30,-0.00816435959480216
usa,low_risk,monthly,ew,15,1952-12-31,-0.00662170838675019
usa,low_risk,monthly,ew,15,1953-01-31,-0.00464504146784705
usa,low_risk,monthly,ew,15,1953-02-28,-0.00431984095333887
usa,low_risk,monthly,ew,15,1953-03-31,0.0139500071892261
usa,low_risk,monthly,ew,15,1953-04-30,0.0021043218832723
usa,low_risk,monthly,ew,15,1953-05-31,-0.00261368680061395
usa,low_risk,monthly,ew,15,1953-06-30,0.0117974605607713
usa,low_risk,monthly,ew,15,1953-07-31,0.00467238630463223
usa,low_risk,monthly,ew,15,1953-08-31,0.0380594506768871
usa,low_risk,monthly,ew,15,1953-09-30,0.00453333999484954
usa,low_risk,monthly,ew,15,1953-10-31,-0.0097751025701338
usa,low_risk,monthly,ew,15,1953-11-30,0.00128780790749289
usa,low_risk,monthly,ew,15,1953-12-31,0.0239915094060068
usa,low_risk,monthly,ew,15,1954-01-31,-0.0275165306604619
usa,low_risk,monthly,ew,15,1954-02-28,0.00216389574852736
usa,low_risk,monthly,ew,15,1954-03-31,-0.00671261183882335
usa,low_risk,monthly,ew,15,1954-04-30,0.0103612022869403
usa,low_risk,monthly,ew,15,1954-05-31,-0.0152485902002279
usa,low_risk,monthly,ew,15,1954-06-30,0.00842330126345665
usa,low_risk,monthly,ew,15,1954-07-31,-0.0176829795826974
usa,low_risk,monthly,ew,15,1954-08-31,0.00522151120487145
usa,low_risk,monthly,ew,15,1954-09-30,-0.00886245110459761
usa,low_risk,monthly,ew,15,1954-10-31,-0.0033519024424724
usa,low_risk,monthly,ew,15,1954-11-30,-0.0170135017648776
usa,low_risk,monthly,ew,15,1954-12-31,-0.0397343430520626
usa,low_risk,monthly,ew,15,1955-01-31,-0.000416122498029157
usa,low_risk,monthly,ew,15,1955-02-28,-0.0102913985899288
usa,low_risk,monthly,ew,15,1955-03-31,-0.00282213786757411
usa,low_risk,monthly,ew,15,1955-04-30,0.0115314762742203
usa,low_risk,monthly,ew,15,1955-05-31,0.00547974499859164
usa,low_risk,monthly,ew,15,1955-06-30,-0.00311689403876422
usa,low_risk,monthly,ew,15,1955-07-31,0.0155073674448125
usa,low_risk,monthly,ew,15,1955-08-31,-0.00279829073001824
usa,low_risk,monthly,ew,15,1955-09-30,0.00328790304510755
usa,low_risk,monthly,ew,15,1955-10-31,0.0092347490038707
usa,low_risk,monthly,ew,16,1955-11-30,-0.0202473859734919
usa,low_risk,monthly,ew,16,1955-12-31,-0.0146664852095235
usa,low_risk,monthly,ew,16,1956-01-31,0.0143387379367793
usa,low_risk,monthly,ew,16,1956-02-29,-0.00652860896587651
usa,low_risk,monthly,ew,16,1956-03-31,-0.00999956529025486
usa,low_risk,monthly,ew,16,1956-04-30,-0.00201869227056645
usa,low_risk,monthly,ew,16,1956-05-31,0.02237507227153
usa,low_risk,monthly,ew,16,1956-06-30,-0.00680426329669302
usa,low_risk,monthly,ew,16,1956-07-31,-0.010907685762379
usa,low_risk,monthly,ew,16,1956-08-31,0.0090772252175196
usa,low_risk,monthly,ew,16,1956-09-30,0.0105839760759139
usa,low_risk,monthly,ew,16,1956-10-31,0.00278924094157456
usa,low_risk,monthly,ew,16,1956-11-30,-0.00753211223778725
usa,low_risk,monthly,ew,16,1956-12-31,-0.0146332872997528
usa,low_risk,monthly,ew,16,1957-01-31,0.0131437837879736
usa,low_risk,monthly,ew,16,1957-02-28,0.0157322222956376
usa,low_risk,monthly,ew,16,1957-03-31,0.00206894130676367
usa,low_risk,monthly,ew,16,1957-04-30,-0.00222360505027899
usa,low_risk,monthly,ew,16,1957-05-31,-0.00853939273559529
usa,low_risk,monthly,ew,16,1957-06-30,-0.00350615775096629
usa,low_risk,monthly,ew,16,1957-07-31,0.00793867137660694
usa,low_risk,monthly,ew,16,1957-08-31,0.0313815218419406
usa,low_risk,monthly,ew,16,1957-09-30,0.0372551742915626
usa,low_risk,monthly,ew,16,1957-10-31,0.0353689028057914
usa,low_risk,monthly,ew,16,1957-11-30,-0.00196405853642741
usa,low_risk,monthly,ew,16,1957-12-31,0.0528574065454971
usa,low_risk,monthly,ew,16,1958-01-31,-0.0388366075710237
usa,low_risk,monthly,ew,16,1958-02-28,0.0288895068256522
usa,low_risk,monthly,ew,16,1958-03-31,-0.00486926617847548
usa,low_risk,monthly,ew,16,1958-04-30,0.00217010281949642
usa,low_risk,monthly,ew,16,1958-05-31,-0.0148030543825412
usa,low_risk,monthly,ew,16,1958-06-30,-0.00743388030663352
usa,low_risk,monthly,ew,16,1958-07-31,-0.0178331529314044
usa,low_risk,monthly,ew,16,1958-08-31,-0.00782261148075315
usa,low_risk,monthly,ew,16,1958-09-30,-0.0185926038632124
usa,low_risk,monthly,ew,16,1958-10-31,-0.00403488814100452
usa,low_risk,monthly,ew,16,1958-11-30,-0.00825364804666758
usa,low_risk,monthly,ew,16,1958-12-31,0.0100834105259793
usa,low_risk,monthly,ew,16,1959-01-31,-0.00182426027726697
usa,low_risk,monthly,ew,16,1959-02-28,-0.00354579195122494
usa,low_risk,monthly,ew,16,1959-03-31,-0.00553755945231888
usa,low_risk,monthly,ew,16,1959-04-30,-0.00753145651605353
usa,low_risk,monthly,ew,16,1959-05-31,0.0014326634055016
usa,low_risk,monthly,ew,16,1959-06-30,-0.00810398612556618
usa,low_risk,monthly,ew,16,1959-07-31,0.00333700729583217
usa,low_risk,monthly,ew,16,1959-08-31,0.0245663408766996
usa,low_risk,monthly,ew,16,1959-09-30,0.0140711913275999
usa,low_risk,monthly,ew,16,1959-10-31,-0.0137880590937023
usa,low_risk,monthly,ew,16,1959-11-30,-0.00988576540903963
usa,low_risk,monthly,ew,16,1959-12-31,0.00136409690826312
usa,low_risk,monthly,ew,16,1960-01-31,0.0202844880067396
usa,low_risk,monthly,ew,16,1960-02-29,-0.00188163755409414
usa,low_risk,monthly,ew,16,1960-03-31,0.0259769052668514
usa,low_risk,monthly,ew,16,1960-04-30,0.0258500137372256
usa,low_risk,monthly,ew,16,1960-05-31,-0.0237025992474614
usa,low_risk,monthly,ew,16,1960-06-30,0.0128209092734271
usa,low_risk,monthly,ew,16,1960-07-31,0.0215361017087721
usa,low_risk,monthly,ew,16,1960-08-31,-0.001638800176311
usa,low_risk,monthly,ew,16,1960-09-30,0.0228344818576411
usa,low_risk,monthly,ew,16,1960-10-31,0.0281209235775403
usa,low_risk,monthly,ew,16,1960-11-30,-0.0073728084170703
usa,low_risk,monthly,ew,16,1960-12-31,-0.00282872118496533
usa,low_risk,monthly,ew,16,1961-01-31,-0.0151740377550745
usa,low_risk,monthly,ew,16,1961-02-28,-0.0184977145200902
usa,low_risk,monthly,ew,16,1961-03-31,-0.0165275569632307
usa,low_risk,monthly,ew,16,1961-04-30,0.00588456578766007
usa,low_risk,monthly,ew,16,1961-05-31,-0.000708408484154976
usa,low_risk,monthly,ew,16,1961-06-30,0.0288199869165842
usa,low_risk,monthly,ew,16,1961-07-31,0.00757306087364112
usa,low_risk,monthly,ew,16,1961-08-31,0.0182398108758003
usa,low_risk,monthly,ew,16,1961-09-30,0.027878927477647
usa,low_risk,monthly,ew,16,1961-10-31,0.0165473760653003
usa,low_risk,monthly,ew,16,1961-11-30,-0.00180297943544856
usa,low_risk,monthly,ew,16,1961-12-31,-0.007657572855581
usa,low_risk,monthly,ew,16,1962-01-31,-0.00872218424303816
usa,low_risk,monthly,ew,16,1962-02-28,0.00858364878714665
usa,low_risk,monthly,ew,16,1962-03-31,0.0132757158555806
usa,low_risk,monthly,ew,16,1962-04-30,0.0279994214957442
usa,low_risk,monthly,ew,16,1962-05-31,0.0223893875943945
usa,low_risk,monthly,ew,16,1962-06-30,0.025479323808623
usa,low_risk,monthly,ew,16,1962-07-31,-0.0285238244693742
usa,low_risk,monthly,ew,16,1962-08-31,-0.0123564375823461
usa,low_risk,monthly,ew,16,1962-09-30,0.0358047603370289
usa,low_risk,monthly,ew,16,1962-10-31,0.0248312137410018
usa,low_risk,monthly,ew,16,1962-11-30,-0.0391094606430062
usa,low_risk,monthly,ew,16,1962-12-31,0.0341612186749512
usa,low_risk,monthly,ew,16,1963-01-31,-0.0118311878331519
usa,low_risk,monthly,ew,16,1963-02-28,0.0177660599399043
usa,low_risk,monthly,ew,16,1963-03-31,0.0072108115311806
usa,low_risk,monthly,ew,16,1963-04-30,0.000713029259250117
usa,low_risk,monthly,ew,16,1963-05-31,-0.0109771119523418
usa,low_risk,monthly,ew,16,1963-06-30,0.00264828274130347
usa,low_risk,monthly,ew,16,1963-07-31,0.00688216831737715
usa,low_risk,monthly,ew,16,1963-08-31,-0.0128948388335591
usa,low_risk,monthly,ew,16,1963-09-30,0.0163775109034378
usa,low_risk,monthly,ew,16,1963-10-31,-0.0128208458528907
usa,low_risk,monthly,ew,16,1963-11-30,0.00676755369543696
usa,low_risk,monthly,ew,16,1963-12-31,0.0157826169274026
usa,low_risk,monthly,ew,16,1964-01-31,0.00102640253575612
usa,low_risk,monthly,ew,16,1964-02-29,-0.006292765925322
usa,low_risk,monthly,ew,16,1964-03-31,-0.00260186920756424
usa,low_risk,monthly,ew,16,1964-04-30,0.023070049640705
usa,low_risk,monthly,ew,16,1964-05-31,0.00340827628582105
usa,low_risk,monthly,ew,16,1964-06-30,0.00131015648707166
usa,low_risk,monthly,ew,16,1964-07-31,0.00731514528814906
usa,low_risk,monthly,ew,16,1964-08-31,0.0101414488137793
usa,low_risk,monthly,ew,16,1964-09-30,-0.0134720565177834
usa,low_risk,monthly,ew,16,1964-10-31,-0.000318309656699732
usa,low_risk,monthly,ew,16,1964-11-30,0.0148134481591695
usa,low_risk,monthly,ew,16,1964-12-31,0.00792099561463272
usa,low_risk,monthly,ew,16,1965-01-31,-0.0185569817892423
usa,low_risk,monthly,ew,16,1965-02-28,-0.00925224109249383
usa,low_risk,monthly,ew,16,1965-03-31,-0.0017138128100479
usa,low_risk,monthly,ew,16,1965-04-30,-0.00848638896328706
usa,low_risk,monthly,ew,16,1965-05-31,0.00477116900344929
usa,low_risk,monthly,ew,16,1965-06-30,0.0329266722953391
usa,low_risk,monthly,ew,16,1965-07-31,-0.0136225425009786
usa,low_risk,monthly,ew,16,1965-08-31,-0.0212330799176941
usa,low_risk,monthly,ew,16,1965-09-30,-0.0140243117951914
usa,low_risk,monthly,ew,16,1965-10-31,-0.0302385890577809
usa,low_risk,monthly,ew,16,1965-11-30,-0.0344433874199427
usa,low_risk,monthly,ew,17,1965-12-31,-0.02041965244574
usa,low_risk,monthly,ew,17,1966-01-31,-0.0216141164381929
usa,low_risk,monthly,ew,17,1966-02-28,-0.0348109048584299
usa,low_risk,monthly,ew,17,1966-03-31,-0.00597559989793297
usa,low_risk,monthly,ew,17,1966-04-30,-0.0321277841546357
usa,low_risk,monthly,ew,17,1966-05-31,0.0536856385935078
usa,low_risk,monthly,ew,17,1966-06-30,-0.00867552430826727
usa,low_risk,monthly,ew,17,1966-07-31,0.0098087844065851
usa,low_risk,monthly,ew,17,1966-08-31,0.0283849495733952
usa,low_risk,monthly,ew,17,1966-09-30,0.0178240957765345
usa,low_risk,monthly,ew,17,1966-10-31,0.0436799756051814
usa,low_risk,monthly,ew,17,1966-11-30,-0.0500731283131169
usa,low_risk,monthly,ew,17,1966-12-31,-0.00511566350312725
usa,low_risk,monthly,ew,17,1967-01-31,-0.0755638826945452
usa,low_risk,monthly,ew,17,1967-02-28,-0.0202234899955831
usa,low_risk,monthly,ew,17,1967-03-31,-0.0119156438076647
usa,low_risk,monthly,ew,17,1967-04-30,-0.00869733789413298
usa,low_risk,monthly,ew,17,1967-05-31,0.00513522007344676
usa,low_risk,monthly,ew,17,1967-06-30,-0.0651229510158048
usa,low_risk,monthly,ew,17,1967-07-31,-0.016938651309487
usa,low_risk,monthly,ew,17,1967-08-31,0.0157737511338265
usa,low_risk,monthly,ew,18,1967-09-30,-0.0258400632932398
usa,low_risk,monthly,ew,18,1967-10-31,-0.00535138864779343
usa,low_risk,monthly,ew,18,1967-11-30,0.00209160772542879
usa,low_risk,monthly,ew,17,1967-12-31,-0.0503895961565757
usa,low_risk,monthly,ew,17,1968-01-31,0.00239003599809027
usa,low_risk,monthly,ew,17,1968-02-29,0.042806399839519
usa,low_risk,monthly,ew,17,1968-03-31,0.00161120543973964
usa,low_risk,monthly,ew,17,1968-04-30,-0.068152123660124
usa,low_risk,monthly,ew,17,1968-05-31,-0.0426189996269902
usa,low_risk,monthly,ew,17,1968-06-30,0.0341813559891315
usa,low_risk,monthly,ew,18,1968-07-31,0.0185818981316725
usa,low_risk,monthly,ew,18,1968-08-31,-0.015069759303002
usa,low_risk,monthly,ew,18,1968-09-30,-0.0244413014487345
usa,low_risk,monthly,ew,18,1968-10-31,0.0292768688693174
usa,low_risk,monthly,ew,18,1968-11-30,-0.0103109003138546
usa,low_risk,monthly,ew,18,1968-12-31,-0.0130235529064129
usa,low_risk,monthly,ew,17,1969-01-31,0.00288765065347438
usa,low_risk,monthly,ew,17,1969-02-28,0.0447703510482346
usa,low_risk,monthly,ew,18,1969-03-31,-0.00928343847451834
usa,low_risk,monthly,ew,18,1969-04-30,0.00584499037319571
usa,low_risk,monthly,ew,18,1969-05-31,0.00529807290386463
usa,low_risk,monthly,ew,18,1969-06-30,0.0463069948797425
usa,low_risk,monthly,ew,18,1969-07-31,0.0398995620797477
usa,low_risk,monthly,ew,18,1969-08-31,-0.0220330366945138
usa,low_risk,monthly,ew,18,1969-09-30,0.0192981802010301
usa,low_risk,monthly,ew,18,1969-10-31,-0.0325669905817786
usa,low_risk,monthly,ew,18,1969-11-30,0.0249666447466055
usa,low_risk,monthly,ew,18,1969-12-31,0.040360724107591
usa,low_risk,monthly,ew,18,1970-01-31,0.0146181355503783
usa,low_risk,monthly,ew,18,1970-02-28,0.00283821443375437
usa,low_risk,monthly,ew,18,1970-03-31,0.0356523197643595
usa,low_risk,monthly,ew,18,1970-04-30,0.0764021257684585
usa,low_risk,monthly,ew,18,1970-05-31,0.010424212275982
usa,low_risk,monthly,ew,18,1970-06-30,0.0600524456482299
usa,low_risk,monthly,ew,18,1970-07-31,0.000821587390602626
usa,low_risk,monthly,ew,18,1970-08-31,-0.0306308646716508
usa,low_risk,monthly,ew,18,1970-09-30,-0.0818492563954323
usa,low_risk,monthly,ew,18,1970-10-31,0.0586605883837772
usa,low_risk,monthly,ew,18,1970-11-30,0.0320352838742335
usa,low_risk,monthly,ew,18,1970-12-31,0.0103536427327542
usa,low_risk,monthly,ew,18,1971-01-31,-0.0547934825122591
usa,low_risk,monthly,ew,18,1971-02-28,-0.0208023503369801
usa,low_risk,monthly,ew,18,1971-03-31,-0.016099883693798
usa,low_risk,monthly,ew,18,1971-04-30,-0.0053486808509216
usa,low_risk,monthly,ew,18,1971-05-31,0.0205056452956495
usa,low_risk,monthly,ew,18,1971-06-30,0.0159194760360426
usa,low_risk,monthly,ew,18,1971-07-31,0.0427539262789488
usa,low_risk,monthly,ew,18,1971-08-31,-0.0179946346235494
usa,low_risk,monthly,ew,18,1971-09-30,0.00296309679809394
usa,low_risk,monthly,ew,18,1971-10-31,0.0314023692414361
usa,low_risk,monthly,ew,18,1971-11-30,0.013372136861521
usa,low_risk,monthly,ew,18,1971-12-31,-0.0258603293082008
usa,low_risk,monthly,ew,18,1972-01-31,-0.0625329298134937
usa,low_risk,monthly,ew,18,1972-02-29,-0.0108260725310453
usa,low_risk,monthly,ew,18,1972-03-31,0.0160687844944248
usa,low_risk,monthly,ew,18,1972-04-30,0.00305522400892373
usa,low_risk,monthly,ew,18,1972-05-31,0.0143468273575426
usa,low_risk,monthly,ew,18,1972-06-30,0.0161069817652042
usa,low_risk,monthly,ew,18,1972-07-31,0.0285562367446852
usa,low_risk,monthly,ew,18,1972-08-31,0.0183277888286743
usa,low_risk,monthly,ew,18,1972-09-30,0.0184912108085435
usa,low_risk,monthly,ew,18,1972-10-31,0.0282414028540182
usa,low_risk,monthly,ew,18,1972-11-30,-0.00074878726572543
usa,low_risk,monthly,ew,18,1972-12-31,0.0212512689982905
usa,low_risk,monthly,ew,18,1973-01-31,0.0239310092337184
usa,low_risk,monthly,ew,18,1973-02-28,0.0411784490967653
usa,low_risk,monthly,ew,18,1973-03-31,0.00838709853721642
usa,low_risk,monthly,ew,18,1973-04-30,0.0486289370923754
usa,low_risk,monthly,ew,18,1973-05-31,0.0427322368804171
usa,low_risk,monthly,ew,18,1973-06-30,0.0174462785880653
usa,low_risk,monthly,ew,18,1973-07-31,-0.0827161711016103
usa,low_risk,monthly,ew,18,1973-08-31,0.0204278995992813
usa,low_risk,monthly,ew,18,1973-09-30,-0.026286345836076
usa,low_risk,monthly,ew,18,1973-10-31,0.0186063970764267
usa,low_risk,monthly,ew,18,1973-11-30,0.0536308249093098
usa,low_risk,monthly,ew,18,1973-12-31,0.0137248264111323
usa,low_risk,monthly,ew,18,1974-01-31,-0.0543111348455752
usa,low_risk,monthly,ew,18,1974-02-28,0.00882201153052094
usa,low_risk,monthly,ew,18,1974-03-31,0.00846152045040352
usa,low_risk,monthly,ew,18,1974-04-30,0.00899148625861406
usa,low_risk,monthly,ew,18,1974-05-31,0.0246130914786403
usa,low_risk,monthly,ew,18,1974-06-30,0.0116398354092126
usa,low_risk,monthly,ew,18,1974-07-31,0.00896119507377012
usa,low_risk,monthly,ew,18,1974-08-31,0.000604794472375283
usa,low_risk,monthly,ew,18,1974-09-30,0.030271391104902
usa,low_risk,monthly,ew,18,1974-10-31,-0.029647908994884
usa,low_risk,monthly,ew,18,1974-11-30,0.00944645139882094
usa,low_risk,monthly,ew,18,1974-12-31,0.0206201090174568
usa,low_risk,monthly,ew,18,1975-01-31,-0.0722906682904952
usa,low_risk,monthly,ew,18,1975-02-28,-0.0117270891977203
usa,low_risk,monthly,ew,18,1975-03-31,-0.0386382823837836
usa,low_risk,monthly,ew,18,1975-04-30,-0.00857786195837119
usa,low_risk,monthly,ew,18,1975-05-31,-0.0202975964192833
usa,low_risk,monthly,ew,18,1975-06-30,-0.00832461737380367
usa,low_risk,monthly,ew,18,1975-07-31,0.0203978777441735
usa,low_risk,monthly,ew,18,1975-08-31,0.0225545973605883
usa,low_risk,monthly,ew,18,1975-09-30,0.0223127104843487
usa,low_risk,monthly,ew,18,1975-10-31,0.0127897249959085
usa,low_risk,monthly,ew,18,1975-11-30,0.00890349969453015
usa,low_risk,monthly,ew,18,1975-12-31,-0.00129814600925708
usa,low_risk,monthly,ew,18,1976-01-31,-0.0471754554684181
usa,low_risk,monthly,ew,18,1976-02-29,-0.0440095358709858
usa,low_risk,monthly,ew,18,1976-03-31,-0.00289247806333485
usa,low_risk,monthly,ew,18,1976-04-30,0.0205827503679351
usa,low_risk,monthly,ew,18,1976-05-31,0.0118939030933588
usa,low_risk,monthly,ew,18,1976-06-30,-0.0123900595375349
usa,low_risk,monthly,ew,18,1976-07-31,0.0197563514760799
usa,low_risk,monthly,ew,18,1976-08-31,0.0258068177762042
usa,low_risk,monthly,ew,18,1976-09-30,0.000332527077146738
usa,low_risk,monthly,ew,18,1976-10-31,0.0117893766713188
usa,low_risk,monthly,ew,18,1976-11-30,-0.0114811264031755
usa,low_risk,monthly,ew,18,1976-12-31,-0.0174547125347329
usa,low_risk,monthly,ew,18,1977-01-31,-0.00729914718800251
usa,low_risk,monthly,ew,18,1977-02-28,0.00847259701105638
usa,low_risk,monthly,ew,18,1977-03-31,0.00311438952954466
usa,low_risk,monthly,ew,18,1977-04-30,-0.00431887136614007
usa,low_risk,monthly,ew,18,1977-05-31,0.00565831553677578
usa,low_risk,monthly,ew,18,1977-06-30,-0.0288440392613113
usa,low_risk,monthly,ew,18,1977-07-31,0.00953602008735045
usa,low_risk,monthly,ew,18,1977-08-31,-0.00423616678970357
usa,low_risk,monthly,ew,18,1977-09-30,-0.00200517317053741
usa,low_risk,monthly,ew,18,1977-10-31,0.0117933428049134
usa,low_risk,monthly,ew,18,1977-11-30,-0.0266360068640837
usa,low_risk,monthly,ew,18,1977-12-31,-0.000924426192333385
usa,low_risk,monthly,ew,18,1978-01-31,-0.0011732593420405
usa,low_risk,monthly,ew,18,1978-02-28,-0.00876529886316198
usa,low_risk,monthly,ew,18,1978-03-31,-0.0226687523626971
usa,low_risk,monthly,ew,18,1978-04-30,-0.0183035667546309
usa,low_risk,monthly,ew,18,1978-05-31,-0.0261995232563176
usa,low_risk,monthly,ew,18,1978-06-30,0.0109198786384761
usa,low_risk,monthly,ew,18,1978-07-31,-0.0195536356013628
usa,low_risk,monthly,ew,18,1978-08-31,-0.0273854113538542
usa,low_risk,monthly,ew,18,1978-09-30,0.012885796013367
usa,low_risk,monthly,ew,18,1978-10-31,0.102308179730102
usa,low_risk,monthly,ew,18,1978-11-30,-0.0506967916698716
usa,low_risk,monthly,ew,18,1978-12-31,-0.00440104183756455
usa,low_risk,monthly,ew,18,1979-01-31,-0.0237727773112408
usa,low_risk,monthly,ew,18,1979-02-28,0.0104520594201102
usa,low_risk,monthly,ew,18,1979-03-31,-0.0480050636063332
usa,low_risk,monthly,ew,18,1979-04-30,-0.00480917412766508
usa,low_risk,monthly,ew,18,1979-05-31,0.00980494467040987
usa,low_risk,monthly,ew,18,1979-06-30,-0.0112353620243454
usa,low_risk,monthly,ew,18,1979-07-31,0.00604811749146215
usa,low_risk,monthly,ew,18,1979-08-31,-0.0141177689530823
usa,low_risk,monthly,ew,18,1979-09-30,0.00474709463115567
usa,low_risk,monthly,ew,18,1979-10-31,0.0233995403450466
usa,low_risk,monthly,ew,18,1979-11-30,-0.044739060689452
usa,low_risk,monthly,ew,18,1979-12-31,-0.0351608343891406
usa,low_risk,monthly,ew,18,1980-01-31,-0.0379018214087456
usa,low_risk,monthly,ew,18,1980-02-29,-0.0211883584298013
usa,low_risk,monthly,ew,18,1980-03-31,0.082051761939409
usa,low_risk,monthly,ew,18,1980-04-30,-0.00426054649895001
usa,low_risk,monthly,ew,18,1980-05-31,-0.00375567863103542
usa,low_risk,monthly,ew,18,1980-06-30,-0.00113228329131159
usa,low_risk,monthly,ew,18,1980-07-31,-0.028789635826582
usa,low_risk,monthly,ew,18,1980-08-31,-0.0377526823396779
usa,low_risk,monthly,ew,18,1980-09-30,-0.0104666500158728
usa,low_risk,monthly,ew,18,1980-10-31,-0.0282330821109487
usa,low_risk,monthly,ew,18,1980-11-30,-0.0641621319881841
usa,low_risk,monthly,ew,18,1980-12-31,0.0372659108759531
usa,low_risk,monthly,ew,18,1981-01-31,0.0391949202471426
usa,low_risk,monthly,ew,18,1981-02-28,0.0242103522308695
usa,low_risk,monthly,ew,18,1981-03-31,0.00104419826853422
usa,low_risk,monthly,ew,18,1981-04-30,0.0171456958194484
usa,low_risk,monthly,ew,18,1981-05-31,-0.0163938757868252
usa,low_risk,monthly,ew,18,1981-06-30,0.047937491983262
usa,low_risk,monthly,ew,18,1981-07-31,0.0000833265910540457
usa,low_risk,monthly,ew,18,1981-08-31,0.0465275844191925
usa,low_risk,monthly,ew,18,1981-09-30,0.0447345758761641
usa,low_risk,monthly,ew,18,1981-10-31,-0.0344358179648646
usa,low_risk,monthly,ew,18,1981-11-30,0.0312684902646015
usa,low_risk,monthly,ew,18,1981-12-31,0.019191966167851
usa,low_risk,monthly,ew,18,1982-01-31,0.00708792648007607
usa,low_risk,monthly,ew,18,1982-02-28,0.0458563316364714
usa,low_risk,monthly,ew,18,1982-03-31,0.0219219081348589
usa,low_risk,monthly,ew,18,1982-04-30,-0.00649517762654342
usa,low_risk,monthly,ew,18,1982-05-31,0.0204039593531465
usa,low_risk,monthly,ew,18,1982-06-30,0.0182890582041196
usa,low_risk,monthly,ew,18,1982-07-31,0.0171799459288936
usa,low_risk,monthly,ew,18,1982-08-31,-0.00635457930819551
usa,low_risk,monthly,ew,18,1982-09-30,0.0283013603198997
usa,low_risk,monthly,ew,18,1982-10-31,-0.0369972094462079
usa,low_risk,monthly,ew,18,1982-11-30,-0.0172818712113106
usa,low_risk,monthly,ew,18,1982-12-31,0.00553408944841965
usa,low_risk,monthly,ew,18,1983-01-31,-0.0383720618645654
usa,low_risk,monthly,ew,18,1983-02-28,0.0190969056934458
usa,low_risk,monthly,ew,18,1983-03-31,0.0108080317186868
usa,low_risk,monthly,ew,18,1983-04-30,-0.00312715136694644
usa,low_risk,monthly,ew,18,1983-05-31,-0.0327846505103672
usa,low_risk,monthly,ew,18,1983-06-30,-0.00981156516433435
usa,low_risk,monthly,ew,18,1983-07-31,0.0397769192206153
usa,low_risk,monthly,ew,18,1983-08-31,0.022926134170509
usa,low_risk,monthly,ew,18,1983-09-30,0.0401855223752342
usa,low_risk,monthly,ew,18,1983-10-31,0.0537556194017038
usa,low_risk,monthly,ew,18,1983-11-30,-0.0141711880973988
usa,low_risk,monthly,ew,18,1983-12-31,0.0256764948301836
usa,low_risk,monthly,ew,18,1984-01-31,0.00948025751225632
usa,low_risk,monthly,ew,18,1984-02-29,0.0211892334805389
usa,low_risk,monthly,ew,18,1984-03-31,0.00621797183389361
usa,low_risk,monthly,ew,18,1984-04-30,0.0189464170066402
usa,low_risk,monthly,ew,18,1984-05-31,0.0285517247457076
usa,low_risk,monthly,ew,18,1984-06-30,0.000820226821571797
usa,low_risk,monthly,ew,18,1984-07-31,0.0420077395112743
usa,low_risk,monthly,ew,18,1984-08-31,-0.0323499988103419
usa,low_risk,monthly,ew,18,1984-09-30,0.0337862240398887
usa,low_risk,monthly,ew,18,1984-10-31,0.0269303929794487
usa,low_risk,monthly,ew,18,1984-11-30,0.0313521548295798
usa,low_risk,monthly,ew,18,1984-12-31,0.00867199545060152
usa,low_risk,monthly,ew,18,1985-01-31,-0.047946485455865
usa,low_risk,monthly,ew,18,1985-02-28,0.00182485989989971
usa,low_risk,monthly,ew,18,1985-03-31,0.0286461871550123
usa,low_risk,monthly,ew,18,1985-04-30,0.0277672025991437
usa,low_risk,monthly,ew,18,1985-05-31,0.00798547158860559
usa,low_risk,monthly,ew,18,1985-06-30,0.0158424798185202
usa,low_risk,monthly,ew,18,1985-07-31,-0.00789723489633467
usa,low_risk,monthly,ew,18,1985-08-31,0.0106383882753124
usa,low_risk,monthly,ew,18,1985-09-30,0.0316579536216559
usa,low_risk,monthly,ew,18,1985-10-31,0.00946878665861593
usa,low_risk,monthly,ew,18,1985-11-30,-0.00258651171109933
usa,low_risk,monthly,ew,18,1985-12-31,0.00576361327859897
usa,low_risk,monthly,ew,18,1986-01-31,-0.00128640790322914
usa,low_risk,monthly,ew,18,1986-02-28,0.00585984239414604
usa,low_risk,monthly,ew,18,1986-03-31,0.0111258596372611
usa,low_risk,monthly,ew,18,1986-04-30,0.00283901886530022
usa,low_risk,monthly,ew,18,1986-05-31,0.00727906659428501
usa,low_risk,monthly,ew,18,1986-06-30,0.0193019146241458
usa,low_risk,monthly,ew,18,1986-07-31,0.0412657560920619
usa,low_risk,monthly,ew,18,1986-08-31,0.00447001554297465
usa,low_risk,monthly,ew,18,1986-09-30,0.0133455260751107
usa,low_risk,monthly,ew,18,1986-10-31,-0.00327381973189285
usa,low_risk,monthly,ew,18,1986-11-30,0.0054915587718886
usa,low_risk,monthly,ew,18,1986-12-31,0.0128163402151581
usa,low_risk,monthly,ew,18,1987-01-31,-0.0178766672385917
usa,low_risk,monthly,ew,18,1987-02-28,-0.0296757577557697
usa,low_risk,monthly,ew,18,1987-03-31,0.00152596867219641
usa,low_risk,monthly,ew,18,1987-04-30,-0.00383857452336852
usa,low_risk,monthly,ew,18,1987-05-31,0.0000595061374993589
usa,low_risk,monthly,ew,18,1987-06-30,0.0192127267695856
usa,low_risk,monthly,ew,18,1987-07-31,0.000118550325330908
usa,low_risk,monthly,ew,18,1987-08-31,0.010475315915788
usa,low_risk,monthly,ew,18,1987-09-30,0.00430653109643302
usa,low_risk,monthly,ew,18,1987-10-31,0.0664125002122251
usa,low_risk,monthly,ew,18,1987-11-30,0.0368598460205491
usa,low_risk,monthly,ew,18,1987-12-31,-0.0174323526917605
usa,low_risk,monthly,ew,18,1988-01-31,-0.00630987115589727
usa,low_risk,monthly,ew,18,1988-02-29,-0.0149671519732575
usa,low_risk,monthly,ew,18,1988-03-31,-0.00412116829753383
usa,low_risk,monthly,ew,18,1988-04-30,0.000507962921714746
usa,low_risk,monthly,ew,18,1988-05-31,0.0147582815814386
usa,low_risk,monthly,ew,18,1988-06-30,-0.00956697042839587
usa,low_risk,monthly,ew,18,1988-07-31,0.00819425886760482
usa,low_risk,monthly,ew,18,1988-08-31,0.0140947655991562
usa,low_risk,monthly,ew,18,1988-09-30,0.00451009156550142
usa,low_risk,monthly,ew,18,1988-10-31,0.0189849932511448
usa,low_risk,monthly,ew,18,1988-11-30,0.0133512851458467
usa,low_risk,monthly,ew,18,1988-12-31,-0.0131429047354812
usa,low_risk,monthly,ew,18,1989-01-31,-0.00732219426589915
usa,low_risk,monthly,ew,18,1989-02-28,0.00372739802617011
usa,low_risk,monthly,ew,18,1989-03-31,0.00124620317246182
usa,low_risk,monthly,ew,18,1989-04-30,0.00470630948737455
usa,low_risk,monthly,ew,18,1989-05-31,-0.00463291413772388
usa,low_risk,monthly,ew,18,1989-06-30,0.0242497260181563
usa,low_risk,monthly,ew,18,1989-07-31,0.00730013297579657
usa,low_risk,monthly,ew,18,1989-08-31,-0.00149384186748105
usa,low_risk,monthly,ew,18,1989-09-30,0.00155511501472642
usa,low_risk,monthly,ew,18,1989-10-31,0.029276038507008
usa,low_risk,monthly,ew,18,1989-11-30,0.0108990014169607
usa,low_risk,monthly,ew,18,1989-12-31,0.0143090468203712
usa,low_risk,monthly,ew,18,1990-01-31,0.0221868841755094
usa,low_risk,monthly,ew,18,1990-02-28,-0.0111748112104078
usa,low_risk,monthly,ew,18,1990-03-31,-0.0114693109795629
usa,low_risk,monthly,ew,18,1990-04-30,0.0082672511791069
usa,low_risk,monthly,ew,18,1990-05-31,-0.0184971780425066
usa,low_risk,monthly,ew,18,1990-06-30,0.000942941349364625
usa,low_risk,monthly,ew,18,1990-07-31,0.0256792193197661
usa,low_risk,monthly,ew,18,1990-08-31,0.0373210985778959
usa,low_risk,monthly,ew,18,1990-09-30,0.0459086628436961
usa,low_risk,monthly,ew,18,1990-10-31,0.0220134652309309
usa,low_risk,monthly,ew,18,1990-11-30,-0.0274492563413585
usa,low_risk,monthly,ew,18,1990-12-31,0.0126691342799191
usa,low_risk,monthly,ew,18,1991-01-31,-0.0650063021038466
usa,low_risk,monthly,ew,18,1991-02-28,-0.0470029509840312
usa,low_risk,monthly,ew,18,1991-03-31,-0.0299092474618221
usa,low_risk,monthly,ew,18,1991-04-30,0.00793812229218727
usa,low_risk,monthly,ew,18,1991-05-31,-0.00193792589635853
usa,low_risk,monthly,ew,18,1991-06-30,0.0295540689514665
usa,low_risk,monthly,ew,18,1991-07-31,-0.00920852804801107
usa,low_risk,monthly,ew,18,1991-08-31,-0.0146299784940921
usa,low_risk,monthly,ew,18,1991-09-30,-0.000705289529552329
usa,low_risk,monthly,ew,18,1991-10-31,-0.0132446973201744
usa,low_risk,monthly,ew,18,1991-11-30,0.0223940167222631
usa,low_risk,monthly,ew,18,1991-12-31,-0.00804572065619245
usa,low_risk,monthly,ew,18,1992-01-31,-0.076206172454812
usa,low_risk,monthly,ew,18,1992-02-29,-0.00857265523035986
usa,low_risk,monthly,ew,18,1992-03-31,0.0327913436926518
usa,low_risk,monthly,ew,18,1992-04-30,0.0503365404518533
usa,low_risk,monthly,ew,18,1992-05-31,0.00931972443840821
usa,low_risk,monthly,ew,18,1992-06-30,0.0298919004487058
usa,low_risk,monthly,ew,18,1992-07-31,0.00332872788129109
usa,low_risk,monthly,ew,18,1992-08-31,0.0250746596059614
usa,low_risk,monthly,ew,18,1992-09-30,-0.00267349100818912
usa,low_risk,monthly,ew,18,1992-10-31,-0.0177428081954575
usa,low_risk,monthly,ew,18,1992-11-30,-0.0412887436627875
usa,low_risk,monthly,ew,18,1992-12-31,-0.000055285498425069
usa,low_risk,monthly,ew,18,1993-01-31,-0.00869223924267325
usa,low_risk,monthly,ew,18,1993-02-28,0.0355053752238993
usa,low_risk,monthly,ew,18,1993-03-31,0.00725039933155761
usa,low_risk,monthly,ew,18,1993-04-30,0.0133834854443582
usa,low_risk,monthly,ew,18,1993-05-31,-0.0248065435348197
usa,low_risk,monthly,ew,18,1993-06-30,0.00461424389275452
usa,low_risk,monthly,ew,18,1993-07-31,0.0112417111440063
usa,low_risk,monthly,ew,18,1993-08-31,-0.00791842912605817
usa,low_risk,monthly,ew,18,1993-09-30,-0.0107446443225295
usa,low_risk,monthly,ew,18,1993-10-31,-0.0185196416293208
usa,low_risk,monthly,ew,18,1993-11-30,0.00902511852750931
usa,low_risk,monthly,ew,18,1993-12-31,0.0120428963991717
usa,low_risk,monthly,ew,18,1994-01-31,-0.0111852819247366
usa,low_risk,monthly,ew,18,1994-02-28,0.00399489428452892
usa,low_risk,monthly,ew,18,1994-03-31,0.0194942041921356
usa,low_risk,monthly,ew,18,1994-04-30,0.0246315708988609
usa,low_risk,monthly,ew,18,1994-05-31,0.010192744369436
usa,low_risk,monthly,ew,18,1994-06-30,0.0315751368728017
usa,low_risk,monthly,ew,18,1994-07-31,0.00202438764750753
usa,low_risk,monthly,ew,18,1994-08-31,-0.0171801444266127
usa,low_risk,monthly,ew,18,1994-09-30,-0.00996543790296517
usa,low_risk,monthly,ew,18,1994-10-31,-0.00168837382524073
usa,low_risk,monthly,ew,18,1994-11-30,0.00659882427363237
usa,low_risk,monthly,ew,18,1994-12-31,0.019549145851672
usa,low_risk,monthly,ew,18,1995-01-31,0.000290356194637552
usa,low_risk,monthly,ew,18,1995-02-28,0.00273600869960836
usa,low_risk,monthly,ew,18,1995-03-31,-0.00443575721261436
usa,low_risk,monthly,ew,18,1995-04-30,0.00139082204497647
usa,low_risk,monthly,ew,18,1995-05-31,0.007838808825887
usa,low_risk,monthly,ew,18,1995-06-30,-0.0321437185973478
usa,low_risk,monthly,ew,18,1995-07-31,-0.0291250040254471
usa,low_risk,monthly,ew,18,1995-08-31,0.00040826459197833
usa,low_risk,monthly,ew,18,1995-09-30,0.00200811361233593
usa,low_risk,monthly,ew,18,1995-10-31,0.0334115018670138
usa,low_risk,monthly,ew,18,1995-11-30,0.0068838633190629
usa,low_risk,monthly,ew,18,1995-12-31,0.0190444611368347
usa,low_risk,monthly,ew,18,1996-01-31,-0.000567017875036926
usa,low_risk,monthly,ew,18,1996-02-29,-0.0177510699148056
usa,low_risk,monthly,ew,18,1996-03-31,0.000440101325357436
usa,low_risk,monthly,ew,18,1996-04-30,-0.0488048187800602
usa,low_risk,monthly,ew,18,1996-05-31,-0.0345003478641251
usa,low_risk,monthly,ew,18,1996-06-30,0.0540898714541313
usa,low_risk,monthly,ew,18,1996-07-31,0.0651044071546275
usa,low_risk,monthly,ew,18,1996-08-31,-0.0152537056710037
usa,low_risk,monthly,ew,18,1996-09-30,-0.00475489742895273
usa,low_risk,monthly,ew,18,1996-10-31,0.052361387071346
usa,low_risk,monthly,ew,18,1996-11-30,0.0143932819394272
usa,low_risk,monthly,ew,18,1996-12-31,0.0227736184939627
usa,low_risk,monthly,ew,18,1997-01-31,-0.027848680122981
usa,low_risk,monthly,ew,18,1997-02-28,0.0485336809822765
usa,low_risk,monthly,ew,18,1997-03-31,0.0417832141374452
usa,low_risk,monthly,ew,18,1997-04-30,0.0294210419281055
usa,low_risk,monthly,ew,18,1997-05-31,-0.0456139321342052
usa,low_risk,monthly,ew,18,1997-06-30,0.0191811032955202
usa,low_risk,monthly,ew,18,1997-07-31,-0.00242703675666879
usa,low_risk,monthly,ew,18,1997-08-31,-0.0208311994419943
usa,low_risk,monthly,ew,18,1997-09-30,-0.00899265001532783
usa,low_risk,monthly,ew,18,1997-10-31,0.0293512377683957
usa,low_risk,monthly,ew,18,1997-11-30,0.0459556779064768
usa,low_risk,monthly,ew,18,1997-12-31,0.0688555335263788
usa,low_risk,monthly,ew,18,1998-01-31,-0.0187482669955762
usa,low_risk,monthly,ew,18,1998-02-28,-0.0143630245630052
usa,low_risk,monthly,ew,18,1998-03-31,0.00546284846886264
usa,low_risk,monthly,ew,18,1998-04-30,-0.00857757017111134
usa,low_risk,monthly,ew,18,1998-05-31,0.0355714259863182
usa,low_risk,monthly,ew,18,1998-06-30,0.0138492387234608
usa,low_risk,monthly,ew,18,1998-07-31,0.0258380566699069
usa,low_risk,monthly,ew,18,1998-08-31,0.084769747847527
usa,low_risk,monthly,ew,18,1998-09-30,-0.0437385053064779
usa,low_risk,monthly,ew,18,1998-10-31,-0.0318275652455976
usa,low_risk,monthly,ew,18,1998-11-30,-0.0537711713396374
usa,low_risk,monthly,ew,18,1998-12-31,-0.0104771407025393
usa,low_risk,monthly,ew,18,1999-01-31,-0.0800592086329996
usa,low_risk,monthly,ew,18,1999-02-28,0.0285371200799924
usa,low_risk,monthly,ew,18,1999-03-31,-0.0286707841707862
usa,low_risk,monthly,ew,18,1999-04-30,-0.0291232069155437
usa,low_risk,monthly,ew,18,1999-05-31,0.000450315312174225
usa,low_risk,monthly,ew,18,1999-06-30,-0.0157972535237721
usa,low_risk,monthly,ew,18,1999-07-31,0.00010862494748935
usa,low_risk,monthly,ew,18,1999-08-31,0.00230764640036657
usa,low_risk,monthly,ew,18,1999-09-30,-0.0251713392759223
usa,low_risk,monthly,ew,18,1999-10-31,-0.00768255209303183
usa,low_risk,monthly,ew,18,1999-11-30,-0.126109593489939
usa,low_risk,monthly,ew,18,1999-12-31,-0.128734034870699
usa,low_risk,monthly,ew,18,2000-01-31,-0.0751918850623668
usa,low_risk,monthly,ew,18,2000-02-29,-0.228109587606099
usa,low_risk,monthly,ew,18,2000-03-31,0.0712244117137351
usa,low_risk,monthly,ew,18,2000-04-30,0.15390431257693
usa,low_risk,monthly,ew,18,2000-05-31,0.114599315438431
usa,low_risk,monthly,ew,18,2000-06-30,-0.13257999964365
usa,low_risk,monthly,ew,18,2000-07-31,0.0771272535424297
usa,low_risk,monthly,ew,18,2000-08-31,-0.0492945025585933
usa,low_risk,monthly,ew,18,2000-09-30,0.0778085973432772
usa,low_risk,monthly,ew,18,2000-10-31,0.0803766697004602
usa,low_risk,monthly,ew,18,2000-11-30,0.182736560520869
usa,low_risk,monthly,ew,18,2000-12-31,0.0805195139613082
usa,low_risk,monthly,ew,18,2001-01-31,-0.251444517553829
usa,low_risk,monthly,ew,18,2001-02-28,0.150059512242501
usa,low_risk,monthly,ew,18,2001-03-31,0.0943293423626889
usa,low_risk,monthly,ew,18,2001-04-30,-0.0684336047671128
usa,low_risk,monthly,ew,18,2001-05-31,0.00510412233127262
usa,low_risk,monthly,ew,18,2001-06-30,0.0201895840419967
usa,low_risk,monthly,ew,18,2001-07-31,0.0718457148394189
usa,low_risk,monthly,ew,18,2001-08-31,0.0595494102845754
usa,low_risk,monthly,ew,18,2001-09-30,0.0902345198660409
usa,low_risk,monthly,ew,18,2001-10-31,-0.0900797076874538
usa,low_risk,monthly,ew,18,2001-11-30,-0.0574135409774427
usa,low_risk,monthly,ew,18,2001-12-31,-0.0218525573597177
usa,low_risk,monthly,ew,18,2002-01-31,0.0272048305845284
usa,low_risk,monthly,ew,18,2002-02-28,0.0792560581031531
usa,low_risk,monthly,ew,18,2002-03-31,-0.0297736592416364
usa,low_risk,monthly,ew,18,2002-04-30,0.0691575831273881
usa,low_risk,monthly,ew,18,2002-05-31,0.0450190947475204
usa,low_risk,monthly,ew,18,2002-06-30,0.0731579569069938
usa,low_risk,monthly,ew,18,2002-07-31,0.0529244228131504
usa,low_risk,monthly,ew,18,2002-08-31,0.0118702912552854
usa,low_risk,monthly,ew,18,2002-09-30,0.0584633030836677
usa,low_risk,monthly,ew,18,2002-10-31,-0.0508969781599884
usa,low_risk,monthly,ew,18,2002-11-30,-0.134978280028176
usa,low_risk,monthly,ew,18,2002-12-31,0.0769690408317264
usa,low_risk,monthly,ew,18,2003-01-31,-0.000172135683324821
usa,low_risk,monthly,ew,18,2003-02-28,0.0167451023684746
usa,low_risk,monthly,ew,18,2003-03-31,-0.00308146091756503
usa,low_risk,monthly,ew,18,2003-04-30,-0.0552158157380171
usa,low_risk,monthly,ew,18,2003-05-31,-0.102624170545053
usa,low_risk,monthly,ew,18,2003-06-30,-0.0206208176082459
usa,low_risk,monthly,ew,18,2003-07-31,-0.029498746659255
usa,low_risk,monthly,ew,18,2003-08-31,-0.0261670145660305
usa,low_risk,monthly,ew,18,2003-09-30,-0.00891850684663429
usa,low_risk,monthly,ew,18,2003-10-31,-0.0331238007131004
usa,low_risk,monthly,ew,18,2003-11-30,-0.00274075390399016
usa,low_risk,monthly,ew,18,2003-12-31,0.0183346548713826
usa,low_risk,monthly,ew,18,2004-01-31,-0.0471469502997306
usa,low_risk,monthly,ew,18,2004-02-29,0.0247864436857599
usa,low_risk,monthly,ew,18,2004-03-31,0.0130200978876006
usa,low_risk,monthly,ew,18,2004-04-30,0.0373881211068763
usa,low_risk,monthly,ew,18,2004-05-31,-0.00139811691491422
usa,low_risk,monthly,ew,18,2004-06-30,0.00772259422771763
usa,low_risk,monthly,ew,18,2004-07-31,0.068681575824462
usa,low_risk,monthly,ew,18,2004-08-31,0.0262730465944213
usa,low_risk,monthly,ew,18,2004-09-30,-0.0204262934139247
usa,low_risk,monthly,ew,18,2004-10-31,-0.00266804767165321
usa,low_risk,monthly,ew,18,2004-11-30,-0.0323179287235445
usa,low_risk,monthly,ew,18,2004-12-31,-0.0255988610966232
usa,low_risk,monthly,ew,18,2005-01-31,0.0383362019940203
usa,low_risk,monthly,ew,18,2005-02-28,0.00689551946107425
usa,low_risk,monthly,ew,18,2005-03-31,0.028842694187574
usa,low_risk,monthly,ew,18,2005-04-30,0.0382383108541224
usa,low_risk,monthly,ew,18,2005-05-31,-0.0248008173864013
usa,low_risk,monthly,ew,18,2005-06-30,-0.00347805695570501
usa,low_risk,monthly,ew,18,2005-07-31,-0.0257196754058659
usa,low_risk,monthly,ew,18,2005-08-31,0.00580969925992678
usa,low_risk,monthly,ew,18,2005-09-30,-0.00721583513212624
usa,low_risk,monthly,ew,18,2005-10-31,0.0233618344035828
usa,low_risk,monthly,ew,18,2005-11-30,-0.0127313629167379
usa,low_risk,monthly,ew,18,2005-12-31,-0.00134407612052417
usa,low_risk,monthly,ew,18,2006-01-31,-0.049879452447852
usa,low_risk,monthly,ew,18,2006-02-28,0.0108421416658901
usa,low_risk,monthly,ew,18,2006-03-31,-0.0168745093685465
usa,low_risk,monthly,ew,18,2006-04-30,0.00106029235453201
usa,low_risk,monthly,ew,18,2006-05-31,0.0447285250778516
usa,low_risk,monthly,ew,18,2006-06-30,0.0130248172028499
usa,low_risk,monthly,ew,18,2006-07-31,0.0379874615073396
usa,low_risk,monthly,ew,18,2006-08-31,-0.00530619781612743
usa,low_risk,monthly,ew,18,2006-09-30,0.00625579521124889
usa,low_risk,monthly,ew,18,2006-10-31,-0.0204174621258481
usa,low_risk,monthly,ew,18,2006-11-30,-0.0114633238510721
usa,low_risk,monthly,ew,18,2006-12-31,0.0116212071406424
usa,low_risk,monthly,ew,18,2007-01-31,-0.00660671873598887
usa,low_risk,monthly,ew,18,2007-02-28,0.00203019483462106
usa,low_risk,monthly,ew,18,2007-03-31,0.00315601264781778
usa,low_risk,monthly,ew,18,2007-04-30,-0.0102994965990192
usa,low_risk,monthly,ew,18,2007-05-31,0.000530851604002659
usa,low_risk,monthly,ew,18,2007-06-30,-0.000938802459697794
usa,low_risk,monthly,ew,18,2007-07-31,0.00877069294194621
usa,low_risk,monthly,ew,18,2007-08-31,0.0170551109788737
usa,low_risk,monthly,ew,18,2007-09-30,-0.00468037577300457
usa,low_risk,monthly,ew,18,2007-10-31,-0.00772240565681948
usa,low_risk,monthly,ew,18,2007-11-30,0.0436711922728678
usa,low_risk,monthly,ew,18,2007-12-31,0.00215227839774069
usa,low_risk,monthly,ew,18,2008-01-31,0.0113812813865722
usa,low_risk,monthly,ew,18,2008-02-29,0.0169728909360277
usa,low_risk,monthly,ew,18,2008-03-31,0.019475836277759
usa,low_risk,monthly,ew,18,2008-04-30,-0.0122080058370112
usa,low_risk,monthly,ew,18,2008-05-31,-0.0055073226442618
usa,low_risk,monthly,ew,18,2008-06-30,0.0191642984013391
usa,low_risk,monthly,ew,18,2008-07-31,0.00580950827256678
usa,low_risk,monthly,ew,18,2008-08-31,-0.0031150393165131
usa,low_risk,monthly,ew,18,2008-09-30,0.0495610911466508
usa,low_risk,monthly,ew,18,2008-10-31,0.0619750083131161
usa,low_risk,monthly,ew,18,2008-11-30,0.0581876370763517
usa,low_risk,monthly,ew,18,2008-12-31,-0.0229104640116046
usa,low_risk,monthly,ew,18,2009-01-31,0.00192125514907072
usa,low_risk,monthly,ew,18,2009-02-28,0.0324852026851689
usa,low_risk,monthly,ew,18,2009-03-31,-0.0644706704867868
usa,low_risk,monthly,ew,18,2009-04-30,-0.130628358023056
usa,low_risk,monthly,ew,18,2009-05-31,-0.0502780298824345
usa,low_risk,monthly,ew,18,2009-06-30,0.0162367145662194
usa,low_risk,monthly,ew,18,2009-07-31,-0.0313148578451036
usa,low_risk,monthly,ew,18,2009-08-31,-0.0436341996117544
usa,low_risk,monthly,ew,18,2009-09-30,-0.0334350638672687
usa,low_risk,monthly,ew,18,2009-10-31,0.0444337142661519
usa,low_risk,monthly,ew,18,2009-11-30,-0.000664652201454051
usa,low_risk,monthly,ew,18,2009-12-31,-0.0200217932210828
usa,low_risk,monthly,ew,18,2010-01-31,-0.00271741145907965
usa,low_risk,monthly,ew,18,2010-02-28,-0.00809003573705027
usa,low_risk,monthly,ew,18,2010-03-31,-0.0110303225536302
usa,low_risk,monthly,ew,18,2010-04-30,-0.0316086450815033
usa,low_risk,monthly,ew,18,2010-05-31,0.030183210640553
usa,low_risk,monthly,ew,18,2010-06-30,0.048816320927503
usa,low_risk,monthly,ew,18,2010-07-31,-0.0191876358564128
usa,low_risk,monthly,ew,18,2010-08-31,0.031913776638718
usa,low_risk,monthly,ew,18,2010-09-30,-0.0354193738714703
usa,low_risk,monthly,ew,18,2010-10-31,-0.00601604424880397
usa,low_risk,monthly,ew,18,2010-11-30,-0.00688120602739698
usa,low_risk,monthly,ew,18,2010-12-31,-0.0259781124112625
usa,low_risk,monthly,ew,18,2011-01-31,0.00432985790236435
usa,low_risk,monthly,ew,18,2011-02-28,-0.00480165618450819
usa,low_risk,monthly,ew,18,2011-03-31,0.00898318509527878
usa,low_risk,monthly,ew,18,2011-04-30,0.0111891518369316
usa,low_risk,monthly,ew,18,2011-05-31,0.0239717658216504
usa,low_risk,monthly,ew,18,2011-06-30,0.0223974025409315
usa,low_risk,monthly,ew,18,2011-07-31,0.00210933778728893
usa,low_risk,monthly,ew,18,2011-08-31,0.0485041520752765
usa,low_risk,monthly,ew,18,2011-09-30,0.0601741688846138
usa,low_risk,monthly,ew,18,2011-10-31,-0.0531289187139095
usa,low_risk,monthly,ew,18,2011-11-30,0.0264470463203715
usa,low_risk,monthly,ew,18,2011-12-31,0.0184028927286655
usa,low_risk,monthly,ew,18,2012-01-31,-0.0498396077388499
usa,low_risk,monthly,ew,18,2012-02-29,-0.0134077526290663
usa,low_risk,monthly,ew,18,2012-03-31,0.00763397534919087
usa,low_risk,monthly,ew,18,2012-04-30,0.0200299805031622
usa,low_risk,monthly,ew,18,2012-05-31,0.0438394788104823
usa,low_risk,monthly,ew,18,2012-06-30,0.000921634174780527
usa,low_risk,monthly,ew,18,2012-07-31,0.0135640575316495
usa,low_risk,monthly,ew,18,2012-08-31,-0.0146028859830796
usa,low_risk,monthly,ew,18,2012-09-30,-0.00806670227436449
usa,low_risk,monthly,ew,18,2012-10-31,0.0213818968033273
usa,low_risk,monthly,ew,18,2012-11-30,0.00158304912047801
usa,low_risk,monthly,ew,18,2012-12-31,-0.00295005165017378
usa,low_risk,monthly,ew,18,2013-01-31,-0.00896362251654917
usa,low_risk,monthly,ew,18,2013-02-28,0.0161490959949996
usa,low_risk,monthly,ew,18,2013-03-31,-0.000329069624090936
usa,low_risk,monthly,ew,18,2013-04-30,0.00609653686578898
usa,low_risk,monthly,ew,18,2013-05-31,-0.0232617598723124
usa,low_risk,monthly,ew,18,2013-06-30,0.0167820413258198
usa,low_risk,monthly,ew,18,2013-07-31,-0.0131359801480542
usa,low_risk,monthly,ew,18,2013-08-31,-0.00285744596749719
usa,low_risk,monthly,ew,18,2013-09-30,-0.0141991104446887
usa,low_risk,monthly,ew,18,2013-10-31,0.0191655961687186
usa,low_risk,monthly,ew,18,2013-11-30,-0.00346282741075502
usa,low_risk,monthly,ew,18,2013-12-31,-0.0104087405511039
usa,low_risk,monthly,ew,18,2014-01-31,-0.0210817231211193
usa,low_risk,monthly,ew,18,2014-02-28,-0.0202207737160132
usa,low_risk,monthly,ew,18,2014-03-31,0.0227148239884503
usa,low_risk,monthly,ew,18,2014-04-30,0.0319580514556764
usa,low_risk,monthly,ew,18,2014-05-31,0.0131899801897238
usa,low_risk,monthly,ew,18,2014-06-30,-0.0238656598689646
usa,low_risk,monthly,ew,18,2014-07-31,0.0239547121927218
usa,low_risk,monthly,ew,18,2014-08-31,-0.00746071481205215
usa,low_risk,monthly,ew,18,2014-09-30,0.0326179789834456
usa,low_risk,monthly,ew,18,2014-10-31,0.0353754634699649
usa,low_risk,monthly,ew,18,2014-11-30,0.02373301540579
usa,low_risk,monthly,ew,18,2014-12-31,0.0163118462004313
usa,low_risk,monthly,ew,18,2015-01-31,0.011069726214163
usa,low_risk,monthly,ew,18,2015-02-28,-0.0297006251971324
usa,low_risk,monthly,ew,18,2015-03-31,0.025448182951617
usa,low_risk,monthly,ew,18,2015-04-30,-0.0152813006920414
usa,low_risk,monthly,ew,18,2015-05-31,0.00471786260128126
usa,low_risk,monthly,ew,18,2015-06-30,0.0187704252677784
usa,low_risk,monthly,ew,18,2015-07-31,0.0506726566432869
usa,low_risk,monthly,ew,18,2015-08-31,0.0108036900713799
usa,low_risk,monthly,ew,18,2015-09-30,0.0630514956868117
usa,low_risk,monthly,ew,18,2015-10-31,-0.00664619138954491
usa,low_risk,monthly,ew,18,2015-11-30,-0.00900632615430814
usa,low_risk,monthly,ew,18,2015-12-31,0.0290626798635095
usa,low_risk,monthly,ew,18,2016-01-31,0.0654595730922269
usa,low_risk,monthly,ew,18,2016-02-29,0.00221458638852048
usa,low_risk,monthly,ew,18,2016-03-31,-0.0345267939667557
usa,low_risk,monthly,ew,18,2016-04-30,-0.0411716068273682
usa,low_risk,monthly,ew,18,2016-05-31,0.0239554654673053
usa,low_risk,monthly,ew,18,2016-06-30,0.0138227113888974
usa,low_risk,monthly,ew,18,2016-07-31,-0.0215840316776594
usa,low_risk,monthly,ew,18,2016-08-31,-0.00704062546862811
usa,low_risk,monthly,ew,18,2016-09-30,-0.0202352269123956
usa,low_risk,monthly,ew,18,2016-10-31,0.0507895865563877
usa,low_risk,monthly,ew,18,2016-11-30,-0.00904240037063777
usa,low_risk,monthly,ew,18,2016-12-31,0.025467555378381
usa,low_risk,monthly,ew,18,2017-01-31,-0.0158679025613048
usa,low_risk,monthly,ew,18,2017-02-28,0.00528229313386942
usa,low_risk,monthly,ew,18,2017-03-31,0.00378921112474637
usa,low_risk,monthly,ew,18,2017-04-30,0.0266664212190036
usa,low_risk,monthly,ew,18,2017-05-31,0.0323647674395061
usa,low_risk,monthly,ew,18,2017-06-30,-0.0153954610706593
usa,low_risk,monthly,ew,18,2017-07-31,0.0100266239240282
usa,low_risk,monthly,ew,18,2017-08-31,0.0115859995051183
usa,low_risk,monthly,ew,18,2017-09-30,-0.0260139299770595
usa,low_risk,monthly,ew,18,2017-10-31,0.0172787011505366
usa,low_risk,monthly,ew,18,2017-11-30,-0.00491583765606787
usa,low_risk,monthly,ew,18,2017-12-31,-0.0128538450622313
usa,low_risk,monthly,ew,18,2018-01-31,-0.00263526551148459
usa,low_risk,monthly,ew,18,2018-02-28,0.0146345630037075
usa,low_risk,monthly,ew,18,2018-03-31,0.0114096732598553
usa,low_risk,monthly,ew,18,2018-04-30,-0.00152051006364746
usa,low_risk,monthly,ew,18,2018-05-31,-0.0247196099476203
usa,low_risk,monthly,ew,18,2018-06-30,0.00543005192821153
usa,low_risk,monthly,ew,18,2018-07-31,0.0261847005288081
usa,low_risk,monthly,ew,18,2018-08-31,-0.0130585806630743
usa,low_risk,monthly,ew,18,2018-09-30,0.00217501467426273
usa,low_risk,monthly,ew,18,2018-10-31,0.0382805117442161
usa,low_risk,monthly,ew,18,2018-11-30,0.0260506879000638
usa,low_risk,monthly,ew,18,2018-12-31,0.0531859983842848
usa,low_risk,monthly,ew,18,2019-01-31,-0.0723042079479019
usa,low_risk,monthly,ew,18,2019-02-28,-0.00812678134237213
usa,low_risk,monthly,ew,18,2019-03-31,-0.00439434395622872
usa,low_risk,monthly,ew,18,2019-04-30,0.0154053577031206
usa,low_risk,monthly,ew,18,2019-05-31,0.0476667492298904
usa,low_risk,monthly,ew,18,2019-06-30,0.00130402694817116
usa,low_risk,monthly,ew,18,2019-07-31,0.0263588309515489
usa,low_risk,monthly,ew,18,2019-08-31,0.0319235519477495
usa,low_risk,monthly,ew,18,2019-09-30,0.0124890114968166
usa,low_risk,monthly,ew,18,2019-10-31,0.0108368324756734
usa,low_risk,monthly,ew,18,2019-11-30,-0.00981879635864518
usa,low_risk,monthly,ew,18,2019-12-31,-0.0368272845455735
usa,low_risk,monthly,ew,18,2020-01-31,0.00909441208308102
usa,low_risk,monthly,ew,18,2020-02-29,-0.00479797849462939
usa,low_risk,monthly,ew,18,2020-03-31,0.0568288921789247
usa,low_risk,monthly,ew,18,2020-04-30,-0.119901695110113
usa,low_risk,monthly,ew,18,2020-05-31,-0.0357749879019473
usa,low_risk,monthly,ew,18,2020-06-30,-0.0460566834619062
usa,low_risk,monthly,ew,18,2020-07-31,-0.008898608174164
usa,low_risk,monthly,ew,18,2020-08-31,-0.00183929365199658
usa,low_risk,monthly,ew,18,2020-09-30,0.00822873419004673
usa,low_risk,monthly,ew,18,2020-10-31,0.01905705249059
usa,low_risk,monthly,ew,18,2020-11-30,-0.110641100827554
usa,low_risk,monthly,ew,18,2020-12-31,-0.0336237055021027
usa,low_risk,monthly,ew,18,2021-01-31,-0.13629545695114
usa,low_risk,monthly,ew,18,2021-02-28,-0.0346477999742312
usa,low_risk,monthly,ew,18,2021-03-31,0.0442214395611982
usa,low_risk,monthly,ew,18,2021-04-30,0.0332510398031271
usa,low_risk,monthly,ew,18,2021-05-31,0.00225275917548051
usa,low_risk,monthly,ew,18,2021-06-30,-0.0469564275791108
usa,low_risk,monthly,ew,18,2021-07-31,0.0721154450213864
usa,low_risk,monthly,ew,18,2021-08-31,-0.00958056722213384
usa,low_risk,monthly,ew,18,2021-09-30,0.0111870574289501
usa,low_risk,monthly,ew,18,2021-10-31,0.0119698632836626
usa,low_risk,monthly,ew,18,2021-11-30,0.0514793951341041
usa,low_risk,monthly,ew,18,2021-12-31,0.0686553097114072
usa,low_risk,monthly,ew,18,2022-01-31,0.076586370632305
usa,low_risk,monthly,ew,18,2022-02-28,0.00303597932087521
usa,low_risk,monthly,ew,18,2022-03-31,-0.0132031357100408
usa,low_risk,monthly,ew,18,2022-04-30,0.0962126739846524
usa,low_risk,monthly,ew,18,2022-05-31,0.0378231407653767
usa,low_risk,monthly,ew,18,2022-06-30,0.0436571769457
usa,low_risk,monthly,ew,18,2022-07-31,-0.0381177991512997
usa,low_risk,monthly,ew,18,2022-08-31,-0.0213905595584759
usa,low_risk,monthly,ew,18,2022-09-30,0.0713897616618199
usa,low_risk,monthly,ew,18,2022-10-31,0.0124941442460382
usa,low_risk,monthly,ew,18,2022-11-30,0.0315840682768429
usa,low_risk,monthly,ew,18,2022-12-31,0.0456421461234343
usa,low_risk,monthly,ew,18,2023-01-31,-0.124165585699361
usa,low_risk,monthly,ew,18,2023-02-28,0.0405922981723182
usa,low_risk,monthly,ew,18,2023-03-31,0.0380547394398706
usa,low_risk,monthly,ew,18,2023-04-30,0.0147471373807523
usa,low_risk,monthly,ew,18,2023-05-31,-0.0161744734334495
usa,low_risk,monthly,ew,18,2023-06-30,-0.00121081722317828
usa,low_risk,monthly,ew,18,2023-07-31,-0.02346831234069
usa,low_risk,monthly,ew,18,2023-08-31,0.0643393299880879
usa,low_risk,monthly,ew,18,2023-09-30,0.0482927666938809
usa,low_risk,monthly,ew,18,2023-10-31,0.0612520030860186
usa,low_risk,monthly,ew,18,2023-11-30,-0.022772464361717
usa,low_risk,monthly,ew,18,2023-12-31,-0.053021947618647
usa,low_risk,monthly,ew,18,2024-01-31,0.0362206136443207
usa,low_risk,monthly,ew,18,2024-02-29,-0.0293783465710726
usa,low_risk,monthly,ew,18,2024-03-31,0.0139312257245168
usa,low_risk,monthly,ew,18,2024-04-30,0.0412147407269569
usa,low_risk,monthly,ew,18,2024-05-31,-0.0214734828624688
usa,low_risk,monthly,ew,18,2024-06-30,0.0277743393500173
usa,low_risk,monthly,ew,18,2024-07-31,0.0100434718898063
usa,low_risk,monthly,ew,18,2024-08-31,0.0482828493498526
usa,low_risk,monthly,ew,18,2024-09-30,0.00572632356038701
usa,low_risk,monthly,ew,18,2024-10-31,-0.00628739520274099
usa,low_risk,monthly,ew,18,2024-11-30,-0.0294744756883229
usa,low_risk,monthly,ew,18,2024-12-31,-0.0393019656580632
usa,momentum,monthly,ew,1,1926-04-30,-0.0251150477857138
usa,momentum,monthly,ew,1,1926-05-31,0.0320914650801836
usa,momentum,monthly,ew,2,1926-06-30,-0.029298481006704
usa,momentum,monthly,ew,3,1926-07-31,0.0131226611362617
usa,momentum,monthly,ew,3,1926-08-31,0.00881866264861295
usa,momentum,monthly,ew,3,1926-09-30,0.0345975916726833
usa,momentum,monthly,ew,4,1926-10-31,0.0117414653029077
usa,momentum,monthly,ew,4,1926-11-30,0.0227791975064942
usa,momentum,monthly,ew,4,1926-12-31,-0.00326435998302282
usa,momentum,monthly,ew,6,1927-01-31,0.00471551862492348
usa,momentum,monthly,ew,6,1927-02-28,0.00524287204636107
usa,momentum,monthly,ew,6,1927-03-31,0.0352393812282884
usa,momentum,monthly,ew,6,1927-04-30,0.0203014937617166
usa,momentum,monthly,ew,6,1927-05-31,0.0401714852360644
usa,momentum,monthly,ew,6,1927-06-30,0.019283752705828
usa,momentum,monthly,ew,6,1927-07-31,0.0106988220121576
usa,momentum,monthly,ew,6,1927-08-31,0.00739708805101875
usa,momentum,monthly,ew,6,1927-09-30,0.0329322688064542
usa,momentum,monthly,ew,6,1927-10-31,0.0160713312416005
usa,momentum,monthly,ew,6,1927-11-30,-0.0338260192997929
usa,momentum,monthly,ew,6,1927-12-31,0.0153069849501685
usa,momentum,monthly,ew,6,1928-01-31,0.00791034288294734
usa,momentum,monthly,ew,6,1928-02-29,-0.0119883291867241
usa,momentum,monthly,ew,6,1928-03-31,0.0152246358760302
usa,momentum,monthly,ew,6,1928-04-30,-0.00651513035403787
usa,momentum,monthly,ew,6,1928-05-31,0.0123323511978366
usa,momentum,monthly,ew,6,1928-06-30,0.00352384829707382
usa,momentum,monthly,ew,6,1928-07-31,0.0118713652483332
usa,momentum,monthly,ew,6,1928-08-31,0.0295272215909727
usa,momentum,monthly,ew,6,1928-09-30,0.0148872658740854
usa,momentum,monthly,ew,6,1928-10-31,0.0350881373581609
usa,momentum,monthly,ew,6,1928-11-30,0.0284414848767922
usa,momentum,monthly,ew,6,1928-12-31,0.0229192513699782
usa,momentum,monthly,ew,6,1929-01-31,0.0207754291064589
usa,momentum,monthly,ew,6,1929-02-28,0.0293934782822224
usa,momentum,monthly,ew,6,1929-03-31,0.00381271375884866
usa,momentum,monthly,ew,6,1929-04-30,0.0252697138023148
usa,momentum,monthly,ew,6,1929-05-31,0.0256722244742086
usa,momentum,monthly,ew,6,1929-06-30,0.052130915622804
usa,momentum,monthly,ew,6,1929-07-31,0.0378660617922357
usa,momentum,monthly,ew,6,1929-08-31,0.0624579146381011
usa,momentum,monthly,ew,6,1929-09-30,0.0304299356868238
usa,momentum,monthly,ew,6,1929-10-31,0.0144142551676823
usa,momentum,monthly,ew,6,1929-11-30,0.0102707063366751
usa,momentum,monthly,ew,6,1929-12-31,0.0625711062662053
usa,momentum,monthly,ew,6,1930-01-31,-0.120791594095156
usa,momentum,monthly,ew,6,1930-02-28,-0.0240239847911647
usa,momentum,monthly,ew,6,1930-03-31,-0.0599537777561175
usa,momentum,monthly,ew,6,1930-04-30,0.011711671732724
usa,momentum,monthly,ew,6,1930-05-31,0.0174294540559397
usa,momentum,monthly,ew,6,1930-06-30,0.0401233995583094
usa,momentum,monthly,ew,6,1930-07-31,-0.0104411226451087
usa,momentum,monthly,ew,6,1930-08-31,0.0372315046858359
usa,momentum,monthly,ew,6,1930-09-30,0.0738503131620796
usa,momentum,monthly,ew,6,1930-10-31,0.0356324751215659
usa,momentum,monthly,ew,6,1930-11-30,-0.00260549108040278
usa,momentum,monthly,ew,6,1930-12-31,0.105698635579447
usa,momentum,monthly,ew,6,1931-01-31,-0.151505826262428
usa,momentum,monthly,ew,6,1931-02-28,-0.124318594169303
usa,momentum,monthly,ew,6,1931-03-31,0.0634580564424315
usa,momentum,monthly,ew,6,1931-04-30,0.0547334629424099
usa,momentum,monthly,ew,6,1931-05-31,0.0470638401025646
usa,momentum,monthly,ew,6,1931-06-30,-0.146938569563444
usa,momentum,monthly,ew,6,1931-07-31,0.0748509418462517
usa,momentum,monthly,ew,6,1931-08-31,0.00081078472148178
usa,momentum,monthly,ew,6,1931-09-30,0.0498671341397752
usa,momentum,monthly,ew,6,1931-10-31,-0.0225770240068916
usa,momentum,monthly,ew,6,1931-11-30,0.0546480212094199
usa,momentum,monthly,ew,6,1931-12-31,0.100337062225101
usa,momentum,monthly,ew,6,1932-01-31,-0.149789961767784
usa,momentum,monthly,ew,6,1932-02-29,0.018435929295623
usa,momentum,monthly,ew,6,1932-03-31,0.0783005134049923
usa,momentum,monthly,ew,6,1932-04-30,0.0351624341037809
usa,momentum,monthly,ew,6,1932-05-31,0.0588744380014434
usa,momentum,monthly,ew,6,1932-06-30,-0.0400684248280291
usa,momentum,monthly,ew,6,1932-07-31,-0.37122487458139
usa,momentum,monthly,ew,6,1932-08-31,-0.459778013990363
usa,momentum,monthly,ew,6,1932-09-30,-0.0186237918106582
usa,momentum,monthly,ew,6,1932-10-31,-0.0652417105006573
usa,momentum,monthly,ew,6,1932-11-30,-0.0164951074520959
usa,momentum,monthly,ew,6,1932-12-31,0.0261860129973194
usa,momentum,monthly,ew,6,1933-01-31,-0.0332000923046155
usa,momentum,monthly,ew,6,1933-02-28,0.0155378589202503
usa,momentum,monthly,ew,6,1933-03-31,-0.0146775844767479
usa,momentum,monthly,ew,6,1933-04-30,-0.156118758586247
usa,momentum,monthly,ew,6,1933-05-31,-0.218380195245466
usa,momentum,monthly,ew,6,1933-06-30,-0.05632955878347
usa,momentum,monthly,ew,6,1933-07-31,-0.00386209348614248
usa,momentum,monthly,ew,6,1933-08-31,0.0166809331341926
usa,momentum,monthly,ew,6,1933-09-30,-0.00722766325187783
usa,momentum,monthly,ew,6,1933-10-31,-0.0183517407551258
usa,momentum,monthly,ew,6,1933-11-30,0.0175868216703345
usa,momentum,monthly,ew,6,1933-12-31,0.0185448348152515
usa,momentum,monthly,ew,6,1934-01-31,-0.158122213044636
usa,momentum,monthly,ew,6,1934-02-28,0.00429282228297679
usa,momentum,monthly,ew,6,1934-03-31,0.00891772686477513
usa,momentum,monthly,ew,6,1934-04-30,-0.0220672227052131
usa,momentum,monthly,ew,6,1934-05-31,0.00368533550928185
usa,momentum,monthly,ew,6,1934-06-30,0.0103367553215783
usa,momentum,monthly,ew,6,1934-07-31,0.0582615036920589
usa,momentum,monthly,ew,6,1934-08-31,-0.0180880393387689
usa,momentum,monthly,ew,6,1934-09-30,0.00834427268563099
usa,momentum,monthly,ew,6,1934-10-31,0.049567673906051
usa,momentum,monthly,ew,6,1934-11-30,-0.0230144212129899
usa,momentum,monthly,ew,6,1934-12-31,0.0302439536831764
usa,momentum,monthly,ew,6,1935-01-31,0.00775950815141942
usa,momentum,monthly,ew,6,1935-02-28,0.108566134319775
usa,momentum,monthly,ew,6,1935-03-31,0.0333802396046933
usa,momentum,monthly,ew,6,1935-04-30,-0.0492833802556829
usa,momentum,monthly,ew,6,1935-05-31,-0.00959542968661854
usa,momentum,monthly,ew,6,1935-06-30,0.0375381407784549
usa,momentum,monthly,ew,6,1935-07-31,-0.0305503662607935
usa,momentum,monthly,ew,6,1935-08-31,-0.0897826875450931
usa,momentum,monthly,ew,6,1935-09-30,0.0614746410720728
usa,momentum,monthly,ew,6,1935-10-31,0.00970495228411881
usa,momentum,monthly,ew,6,1935-11-30,-0.0823277599975302
usa,momentum,monthly,ew,6,1935-12-31,0.027191992283336
usa,momentum,monthly,ew,6,1936-01-31,0.0406162894052214
usa,momentum,monthly,ew,6,1936-02-29,0.0193535778386126
usa,momentum,monthly,ew,6,1936-03-31,0.00998620254870395
usa,momentum,monthly,ew,6,1936-04-30,-0.0639970024909593
usa,momentum,monthly,ew,6,1936-05-31,0.0151817428556203
usa,momentum,monthly,ew,6,1936-06-30,0.0101389959264135
usa,momentum,monthly,ew,6,1936-07-31,0.00496143310817215
usa,momentum,monthly,ew,6,1936-08-31,0.0142590561728024
usa,momentum,monthly,ew,6,1936-09-30,-0.00179916894637675
usa,momentum,monthly,ew,6,1936-10-31,-0.00145846566452454
usa,momentum,monthly,ew,6,1936-11-30,-0.00602545389834322
usa,momentum,monthly,ew,6,1936-12-31,-0.000378230513820537
usa,momentum,monthly,ew,6,1937-01-31,-0.00796713543750339
usa,momentum,monthly,ew,6,1937-02-28,0.0204042649485352
usa,momentum,monthly,ew,6,1937-03-31,0.0345548819338324
usa,momentum,monthly,ew,6,1937-04-30,-0.0330239122604466
usa,momentum,monthly,ew,6,1937-05-31,0.00738986162916816
usa,momentum,monthly,ew,6,1937-06-30,0.0109763652061034
usa,momentum,monthly,ew,6,1937-07-31,-0.0331720490499208
usa,momentum,monthly,ew,6,1937-08-31,0.0137239438630349
usa,momentum,monthly,ew,6,1937-09-30,-0.000685344287314052
usa,momentum,monthly,ew,6,1937-10-31,-0.00244415596529723
usa,momentum,monthly,ew,6,1937-11-30,0.0285418098050029
usa,momentum,monthly,ew,6,1937-12-31,0.0782339912607795
usa,momentum,monthly,ew,6,1938-01-31,-0.0423407197020053
usa,momentum,monthly,ew,6,1938-02-28,-0.0216808196220661
usa,momentum,monthly,ew,6,1938-03-31,0.133620931495131
usa,momentum,monthly,ew,6,1938-04-30,-0.0753493869809972
usa,momentum,monthly,ew,6,1938-05-31,0.0639422185151135
usa,momentum,monthly,ew,6,1938-06-30,-0.215068639846112
usa,momentum,monthly,ew,6,1938-07-31,-0.0553123494399212
usa,momentum,monthly,ew,6,1938-08-31,0.04984385489166
usa,momentum,monthly,ew,6,1938-09-30,0.0111835651633354
usa,momentum,monthly,ew,6,1938-10-31,-0.0412633064547798
usa,momentum,monthly,ew,6,1938-11-30,0.0308655564036266
usa,momentum,monthly,ew,6,1938-12-31,0.0284915831196021
usa,momentum,monthly,ew,6,1939-01-31,-0.0356765276113661
usa,momentum,monthly,ew,6,1939-02-28,0.0197939687125516
usa,momentum,monthly,ew,6,1939-03-31,-0.0270813243753629
usa,momentum,monthly,ew,6,1939-04-30,0.012053695770352
usa,momentum,monthly,ew,6,1939-05-31,0.00877475573728088
usa,momentum,monthly,ew,6,1939-06-30,0.0679926973959523
usa,momentum,monthly,ew,6,1939-07-31,-0.0285925013969302
usa,momentum,monthly,ew,6,1939-08-31,0.0445835463552459
usa,momentum,monthly,ew,6,1939-09-30,-0.449106744051198
usa,momentum,monthly,ew,6,1939-10-31,0.0142196744093647
usa,momentum,monthly,ew,6,1939-11-30,-0.0440907235288599
usa,momentum,monthly,ew,6,1939-12-31,0.0271974852447522
usa,momentum,monthly,ew,6,1940-01-31,-0.00285705740699288
usa,momentum,monthly,ew,6,1940-02-29,0.016350128749837
usa,momentum,monthly,ew,6,1940-03-31,0.00846567369454363
usa,momentum,monthly,ew,6,1940-04-30,0.0271961735800666
usa,momentum,monthly,ew,6,1940-05-31,0.0157286410104155
usa,momentum,monthly,ew,6,1940-06-30,-0.0205514748709664
usa,momentum,monthly,ew,6,1940-07-31,0.00515143179378109
usa,momentum,monthly,ew,6,1940-08-31,-0.0118457510083712
usa,momentum,monthly,ew,6,1940-09-30,-0.0137999525336014
usa,momentum,monthly,ew,6,1940-10-31,-0.0206824012403774
usa,momentum,monthly,ew,6,1940-11-30,-0.00588372578682368
usa,momentum,monthly,ew,6,1940-12-31,0.0417309392546571
usa,momentum,monthly,ew,6,1941-01-31,-0.0734788479145056
usa,momentum,monthly,ew,6,1941-02-28,0.00373801344893583
usa,momentum,monthly,ew,6,1941-03-31,0.00622166961776652
usa,momentum,monthly,ew,6,1941-04-30,0.0295547131976255
usa,momentum,monthly,ew,6,1941-05-31,0.0118175373942717
usa,momentum,monthly,ew,6,1941-06-30,-0.0154959725489129
usa,momentum,monthly,ew,6,1941-07-31,-0.041118958817065
usa,momentum,monthly,ew,6,1941-08-31,0.0142181854931995
usa,momentum,monthly,ew,6,1941-09-30,-0.00547988279559322
usa,momentum,monthly,ew,6,1941-10-31,0.0348061356167956
usa,momentum,monthly,ew,6,1941-11-30,0.0377894241860133
usa,momentum,monthly,ew,6,1941-12-31,0.0170853837136018
usa,momentum,monthly,ew,6,1942-01-31,-0.124652553977063
usa,momentum,monthly,ew,6,1942-02-28,-0.00195107358376471
usa,momentum,monthly,ew,6,1942-03-31,-0.00919346852798596
usa,momentum,monthly,ew,6,1942-04-30,-0.00399557757573571
usa,momentum,monthly,ew,6,1942-05-31,-0.0339270957041983
usa,momentum,monthly,ew,6,1942-06-30,-0.0151394024195199
usa,momentum,monthly,ew,6,1942-07-31,0.00643470205953598
usa,momentum,monthly,ew,6,1942-08-31,-0.00503020441878974
usa,momentum,monthly,ew,6,1942-09-30,0.0020729474511651
usa,momentum,monthly,ew,6,1942-10-31,-0.0258815654847726
usa,momentum,monthly,ew,6,1942-11-30,-0.00208879430493983
usa,momentum,monthly,ew,6,1942-12-31,0.0096495031326364
usa,momentum,monthly,ew,6,1943-01-31,-0.0347498982131456
usa,momentum,monthly,ew,6,1943-02-28,-0.0563189575011922
usa,momentum,monthly,ew,6,1943-03-31,0.0326123888589704
usa,momentum,monthly,ew,6,1943-04-30,0.0544667802574177
usa,momentum,monthly,ew,6,1943-05-31,0.0514972730800758
usa,momentum,monthly,ew,6,1943-06-30,-0.0114985156987464
usa,momentum,monthly,ew,6,1943-07-31,-0.0389625373068879
usa,momentum,monthly,ew,6,1943-08-31,0.000941569511591919
usa,momentum,monthly,ew,6,1943-09-30,0.0120613266313541
usa,momentum,monthly,ew,6,1943-10-31,-0.00557781237161185
usa,momentum,monthly,ew,6,1943-11-30,-0.00251047389878801
usa,momentum,monthly,ew,6,1943-12-31,0.0085877183304198
usa,momentum,monthly,ew,6,1944-01-31,-0.0206312223039099
usa,momentum,monthly,ew,6,1944-02-29,-0.00122781013617419
usa,momentum,monthly,ew,6,1944-03-31,0.0108717900959152
usa,momentum,monthly,ew,6,1944-04-30,0.00593446045119939
usa,momentum,monthly,ew,6,1944-05-31,0.014870928109384
usa,momentum,monthly,ew,6,1944-06-30,-0.03378323940702
usa,momentum,monthly,ew,6,1944-07-31,-0.0111068811170123
usa,momentum,monthly,ew,6,1944-08-31,0.0302927496504192
usa,momentum,monthly,ew,6,1944-09-30,-0.0111868664776514
usa,momentum,monthly,ew,6,1944-10-31,-0.00473618213036842
usa,momentum,monthly,ew,6,1944-11-30,0.00125319448048693
usa,momentum,monthly,ew,6,1944-12-31,-0.00137285555084575
usa,momentum,monthly,ew,6,1945-01-31,-0.0122912254139091
usa,momentum,monthly,ew,6,1945-02-28,0.0158824453261459
usa,momentum,monthly,ew,6,1945-03-31,-0.0270641513398742
usa,momentum,monthly,ew,6,1945-04-30,0.0200508155700205
usa,momentum,monthly,ew,6,1945-05-31,-0.0150071342583501
usa,momentum,monthly,ew,6,1945-06-30,0.00577441624225181
usa,momentum,monthly,ew,6,1945-07-31,-0.0154172536961844
usa,momentum,monthly,ew,6,1945-08-31,-0.0152132635609966
usa,momentum,monthly,ew,6,1945-09-30,-0.00176855505193853
usa,momentum,monthly,ew,6,1945-10-31,-0.0132511737180211
usa,momentum,monthly,ew,6,1945-11-30,0.0123951924427194
usa,momentum,monthly,ew,6,1945-12-31,0.00695035534188956
usa,momentum,monthly,ew,6,1946-01-31,0.0166231147406598
usa,momentum,monthly,ew,6,1946-02-28,-0.00981409354049626
usa,momentum,monthly,ew,6,1946-03-31,0.00495988962557156
usa,momentum,monthly,ew,6,1946-04-30,0.0339566754555358
usa,momentum,monthly,ew,6,1946-05-31,-0.00765079164735081
usa,momentum,monthly,ew,6,1946-06-30,-0.0172223966039298
usa,momentum,monthly,ew,6,1946-07-31,0.005794855908035
usa,momentum,monthly,ew,6,1946-08-31,0.000117899189466903
usa,momentum,monthly,ew,6,1946-09-30,0.0312033999848542
usa,momentum,monthly,ew,6,1946-10-31,0.0117299501308344
usa,momentum,monthly,ew,6,1946-11-30,0.01102873929117
usa,momentum,monthly,ew,6,1946-12-31,0.00722282214413939
usa,momentum,monthly,ew,6,1947-01-31,-0.0561087268506086
usa,momentum,monthly,ew,6,1947-02-28,-0.0055413285263411
usa,momentum,monthly,ew,6,1947-03-31,0.0272363808559658
usa,momentum,monthly,ew,6,1947-04-30,0.0377590141608925
usa,momentum,monthly,ew,6,1947-05-31,0.0299618984141669
usa,momentum,monthly,ew,6,1947-06-30,-0.0141651710589957
usa,momentum,monthly,ew,6,1947-07-31,-0.0194368287683939
usa,momentum,monthly,ew,6,1947-08-31,0.0215501238333611
usa,momentum,monthly,ew,6,1947-09-30,0.0140608611709365
usa,momentum,monthly,ew,6,1947-10-31,-0.00456990958467637
usa,momentum,monthly,ew,6,1947-11-30,0.0318472269972614
usa,momentum,monthly,ew,6,1947-12-31,0.0305851761787278
usa,momentum,monthly,ew,6,1948-01-31,-0.0497460430849099
usa,momentum,monthly,ew,6,1948-02-29,0.0116948549919829
usa,momentum,monthly,ew,6,1948-03-31,0.00587201878526835
usa,momentum,monthly,ew,6,1948-04-30,0.0299075190771484
usa,momentum,monthly,ew,6,1948-05-31,-0.0100715748478915
usa,momentum,monthly,ew,6,1948-06-30,0.0334582720949229
usa,momentum,monthly,ew,6,1948-07-31,-0.0137529472742372
usa,momentum,monthly,ew,6,1948-08-31,0.00739396094795303
usa,momentum,monthly,ew,6,1948-09-30,0.00172965371339164
usa,momentum,monthly,ew,6,1948-10-31,0.00829535022328921
usa,momentum,monthly,ew,6,1948-11-30,0.0182810113287878
usa,momentum,monthly,ew,6,1948-12-31,0.0285739463744127
usa,momentum,monthly,ew,6,1949-01-31,-0.0289329627678341
usa,momentum,monthly,ew,6,1949-02-28,0.015463614437958
usa,momentum,monthly,ew,6,1949-03-31,-0.0158484987639239
usa,momentum,monthly,ew,6,1949-04-30,0.0333185361649304
usa,momentum,monthly,ew,6,1949-05-31,0.0359382502693673
usa,momentum,monthly,ew,6,1949-06-30,0.00473494151290441
usa,momentum,monthly,ew,6,1949-07-31,-0.019656404425589
usa,momentum,monthly,ew,6,1949-08-31,0.00119482963956049
usa,momentum,monthly,ew,6,1949-09-30,-0.00919396802092315
usa,momentum,monthly,ew,6,1949-10-31,-0.0116649088990761
usa,momentum,monthly,ew,6,1949-11-30,0.0219662185170942
usa,momentum,monthly,ew,6,1949-12-31,-0.00953273264916642
usa,momentum,monthly,ew,6,1950-01-31,-0.0226726650044413
usa,momentum,monthly,ew,6,1950-02-28,0.0122688548838287
usa,momentum,monthly,ew,6,1950-03-31,0.0102594344353706
usa,momentum,monthly,ew,6,1950-04-30,0.000952443525178783
usa,momentum,monthly,ew,6,1950-05-31,-0.00291520550040019
usa,momentum,monthly,ew,6,1950-06-30,-0.0217699988003863
usa,momentum,monthly,ew,6,1950-07-31,0.0130488369890846
usa,momentum,monthly,ew,6,1950-08-31,0.0040967374673487
usa,momentum,monthly,ew,6,1950-09-30,-0.0206148927298375
usa,momentum,monthly,ew,6,1950-10-31,0.0130320756923554
usa,momentum,monthly,ew,6,1950-11-30,0.0316033922233705
usa,momentum,monthly,ew,6,1950-12-31,0.0283661614722421
usa,momentum,monthly,ew,6,1951-01-31,-0.00764535138318995
usa,momentum,monthly,ew,6,1951-02-28,-0.0179186767525638
usa,momentum,monthly,ew,6,1951-03-31,-0.0288807545457525
usa,momentum,monthly,ew,6,1951-04-30,0.0289389589297463
usa,momentum,monthly,ew,6,1951-05-31,-0.00342933482444264
usa,momentum,monthly,ew,6,1951-06-30,-0.0131490297874744
usa,momentum,monthly,ew,6,1951-07-31,0.034684703568541
usa,momentum,monthly,ew,6,1951-08-31,-0.00662930790893969
usa,momentum,monthly,ew,6,1951-09-30,0.000835148474520033
usa,momentum,monthly,ew,6,1951-10-31,-0.00434868860949566
usa,momentum,monthly,ew,6,1951-11-30,0.00391368880712355
usa,momentum,monthly,ew,6,1951-12-31,0.00918808917254866
usa,momentum,monthly,ew,6,1952-01-31,0.00798951726660178
usa,momentum,monthly,ew,6,1952-02-29,-0.00498545969169143
usa,momentum,monthly,ew,6,1952-03-31,0.012000908307646
usa,momentum,monthly,ew,6,1952-04-30,0.000742579703086432
usa,momentum,monthly,ew,6,1952-05-31,0.00858820266465979
usa,momentum,monthly,ew,6,1952-06-30,0.00259459917298295
usa,momentum,monthly,ew,6,1952-07-31,0.00307191339890261
usa,momentum,monthly,ew,6,1952-08-31,0.0014061200616962
usa,momentum,monthly,ew,6,1952-09-30,0.0134468404251965
usa,momentum,monthly,ew,6,1952-10-31,0.0162203010185493
usa,momentum,monthly,ew,6,1952-11-30,0.00440292482563015
usa,momentum,monthly,ew,6,1952-12-31,0.0093291391104501
usa,momentum,monthly,ew,6,1953-01-31,-0.00555981423711361
usa,momentum,monthly,ew,6,1953-02-28,0.00358320045413925
usa,momentum,monthly,ew,6,1953-03-31,-0.00966780250330698
usa,momentum,monthly,ew,6,1953-04-30,0.0113807109177714
usa,momentum,monthly,ew,8,1953-05-31,0.00687304060847301
usa,momentum,monthly,ew,8,1953-06-30,0.00551637300327895
usa,momentum,monthly,ew,8,1953-07-31,0.00391739148867624
usa,momentum,monthly,ew,8,1953-08-31,0.00637511534307033
usa,momentum,monthly,ew,8,1953-09-30,0.0185016400252646
usa,momentum,monthly,ew,8,1953-10-31,0.00402995548543625
usa,momentum,monthly,ew,8,1953-11-30,0.0145600891392615
usa,momentum,monthly,ew,8,1953-12-31,0.0442620117106638
usa,momentum,monthly,ew,8,1954-01-31,-0.0473872373777294
usa,momentum,monthly,ew,8,1954-02-28,0.0152333776881634
usa,momentum,monthly,ew,8,1954-03-31,0.0195077952696664
usa,momentum,monthly,ew,8,1954-04-30,0.0305665490725055
usa,momentum,monthly,ew,8,1954-05-31,-0.0106191940928201
usa,momentum,monthly,ew,8,1954-06-30,0.0130379231149815
usa,momentum,monthly,ew,8,1954-07-31,-0.00240475861707458
usa,momentum,monthly,ew,8,1954-08-31,-0.011866016229046
usa,momentum,monthly,ew,8,1954-09-30,0.00808899376045773
usa,momentum,monthly,ew,8,1954-10-31,0.00864791776466725
usa,momentum,monthly,ew,8,1954-11-30,0.0105839023242111
usa,momentum,monthly,ew,8,1954-12-31,-0.0152655335983507
usa,momentum,monthly,ew,8,1955-01-31,0.00646196079994826
usa,momentum,monthly,ew,8,1955-02-28,0.0123324815132461
usa,momentum,monthly,ew,8,1955-03-31,0.00741313364803649
usa,momentum,monthly,ew,8,1955-04-30,-0.000923332007132651
usa,momentum,monthly,ew,8,1955-05-31,-0.00025606682170819
usa,momentum,monthly,ew,8,1955-06-30,0.0097864165125134
usa,momentum,monthly,ew,8,1955-07-31,-0.0027490532465842
usa,momentum,monthly,ew,8,1955-08-31,0.0097102900467573
usa,momentum,monthly,ew,8,1955-09-30,0.00904618317072798
usa,momentum,monthly,ew,8,1955-10-31,0.00338981753814195
usa,momentum,monthly,ew,8,1955-11-30,0.00554494527189357
usa,momentum,monthly,ew,8,1955-12-31,-0.00503336625496769
usa,momentum,monthly,ew,8,1956-01-31,-0.0128958310320717
usa,momentum,monthly,ew,8,1956-02-29,0.0106824635575342
usa,momentum,monthly,ew,8,1956-03-31,0.0261297307604627
usa,momentum,monthly,ew,8,1956-04-30,0.0186460761781683
usa,momentum,monthly,ew,8,1956-05-31,-0.0100813335514968
usa,momentum,monthly,ew,8,1956-06-30,0.0217634960660085
usa,momentum,monthly,ew,8,1956-07-31,0.0171745452823179
usa,momentum,monthly,ew,8,1956-08-31,-0.0102541878867629
usa,momentum,monthly,ew,8,1956-09-30,-0.00898300725176895
usa,momentum,monthly,ew,8,1956-10-31,0.0197955535519511
usa,momentum,monthly,ew,8,1956-11-30,0.0244167172898394
usa,momentum,monthly,ew,8,1956-12-31,0.0268468437640029
usa,momentum,monthly,ew,8,1957-01-31,-0.025760953220653
usa,momentum,monthly,ew,8,1957-02-28,0.00189840249733548
usa,momentum,monthly,ew,8,1957-03-31,0.00331937351635926
usa,momentum,monthly,ew,8,1957-04-30,0.0133368751777063
usa,momentum,monthly,ew,8,1957-05-31,0.00529421587529076
usa,momentum,monthly,ew,8,1957-06-30,0.00609123161508585
usa,momentum,monthly,ew,8,1957-07-31,0.00075285186527787
usa,momentum,monthly,ew,8,1957-08-31,-0.000177468608237529
usa,momentum,monthly,ew,8,1957-09-30,0.0126351344337121
usa,momentum,monthly,ew,8,1957-10-31,0.0274858586654311
usa,momentum,monthly,ew,8,1957-11-30,0.0142000402084614
usa,momentum,monthly,ew,8,1957-12-31,0.0692842745097033
usa,momentum,monthly,ew,8,1958-01-31,-0.0763765410469332
usa,momentum,monthly,ew,8,1958-02-28,0.0421866052482106
usa,momentum,monthly,ew,8,1958-03-31,-0.00437749206123774
usa,momentum,monthly,ew,8,1958-04-30,0.0118438611439238
usa,momentum,monthly,ew,8,1958-05-31,-0.00433763125876697
usa,momentum,monthly,ew,8,1958-06-30,-0.00947476930490294
usa,momentum,monthly,ew,8,1958-07-31,-0.0373320379448192
usa,momentum,monthly,ew,8,1958-08-31,0.00577674497139536
usa,momentum,monthly,ew,8,1958-09-30,0.00227724350916682
usa,momentum,monthly,ew,8,1958-10-31,0.0155139164107977
usa,momentum,monthly,ew,8,1958-11-30,0.00766092152182779
usa,momentum,monthly,ew,8,1958-12-31,-0.0056391453710939
usa,momentum,monthly,ew,8,1959-01-31,-0.0107049879351632
usa,momentum,monthly,ew,8,1959-02-28,0.0193062472357213
usa,momentum,monthly,ew,8,1959-03-31,0.00290553755940376
usa,momentum,monthly,ew,8,1959-04-30,0.0268359194070327
usa,momentum,monthly,ew,8,1959-05-31,0.00177728304528262
usa,momentum,monthly,ew,8,1959-06-30,0.0187405511471492
usa,momentum,monthly,ew,8,1959-07-31,0.0042722784214427
usa,momentum,monthly,ew,8,1959-08-31,-0.00672470106903772
usa,momentum,monthly,ew,8,1959-09-30,-0.0021439853549423
usa,momentum,monthly,ew,8,1959-10-31,0.0205095349897772
usa,momentum,monthly,ew,8,1959-11-30,0.00775333726191219
usa,momentum,monthly,ew,8,1959-12-31,0.00120424658556304
usa,momentum,monthly,ew,8,1960-01-31,-0.0278655636043289
usa,momentum,monthly,ew,8,1960-02-29,0.0156529345267184
usa,momentum,monthly,ew,8,1960-03-31,0.00773246650876556
usa,momentum,monthly,ew,8,1960-04-30,0.0222827094418288
usa,momentum,monthly,ew,8,1960-05-31,0.0266748888737467
usa,momentum,monthly,ew,8,1960-06-30,0.012655651800184
usa,momentum,monthly,ew,8,1960-07-31,-0.00706603732395641
usa,momentum,monthly,ew,8,1960-08-31,0.0119245951273028
usa,momentum,monthly,ew,8,1960-09-30,0.0110150970581663
usa,momentum,monthly,ew,8,1960-10-31,0.0264273130286669
usa,momentum,monthly,ew,8,1960-11-30,0.0214310428342856
usa,momentum,monthly,ew,8,1960-12-31,0.00246256196260498
usa,momentum,monthly,ew,8,1961-01-31,-0.0347591287606566
usa,momentum,monthly,ew,8,1961-02-28,0.00441236766057606
usa,momentum,monthly,ew,8,1961-03-31,0.0087693101182681
usa,momentum,monthly,ew,8,1961-04-30,0.014337040436528
usa,momentum,monthly,ew,8,1961-05-31,-0.0163089209358282
usa,momentum,monthly,ew,8,1961-06-30,-0.00165190789583654
usa,momentum,monthly,ew,8,1961-07-31,0.00155657235570972
usa,momentum,monthly,ew,8,1961-08-31,0.00883424504860606
usa,momentum,monthly,ew,8,1961-09-30,0.0114589885382654
usa,momentum,monthly,ew,8,1961-10-31,0.0191640454643419
usa,momentum,monthly,ew,8,1961-11-30,0.00976119376548536
usa,momentum,monthly,ew,8,1961-12-31,-0.0225415416537725
usa,momentum,monthly,ew,8,1962-01-31,-0.0276949762521877
usa,momentum,monthly,ew,8,1962-02-28,0.00449924002594057
usa,momentum,monthly,ew,8,1962-03-31,0.0115280198863089
usa,momentum,monthly,ew,8,1962-04-30,0.0126840512445626
usa,momentum,monthly,ew,8,1962-05-31,-0.0019415458389633
usa,momentum,monthly,ew,8,1962-06-30,0.0484246794068743
usa,momentum,monthly,ew,8,1962-07-31,-0.0106891681094087
usa,momentum,monthly,ew,8,1962-08-31,-0.0124241904474509
usa,momentum,monthly,ew,8,1962-09-30,0.0263076920074711
usa,momentum,monthly,ew,8,1962-10-31,0.0111583252707108
usa,momentum,monthly,ew,8,1962-11-30,-0.0598538177426276
usa,momentum,monthly,ew,8,1962-12-31,0.0423785975062187
usa,momentum,monthly,ew,8,1963-01-31,-0.0216735915027205
usa,momentum,monthly,ew,8,1963-02-28,0.0175042317692888
usa,momentum,monthly,ew,8,1963-03-31,0.016657963807581
usa,momentum,monthly,ew,8,1963-04-30,0.0169853388196129
usa,momentum,monthly,ew,8,1963-05-31,0.0103276881392231
usa,momentum,monthly,ew,8,1963-06-30,-0.0038298925024022
usa,momentum,monthly,ew,8,1963-07-31,0.00359418098850499
usa,momentum,monthly,ew,8,1963-08-31,0.0218369614844433
usa,momentum,monthly,ew,8,1963-09-30,-0.00353925409292934
usa,momentum,monthly,ew,8,1963-10-31,0.018484543989855
usa,momentum,monthly,ew,8,1963-11-30,0.000922592112314483
usa,momentum,monthly,ew,8,1963-12-31,0.0150761918778131
usa,momentum,monthly,ew,8,1964-01-31,-0.0024111819785697
usa,momentum,monthly,ew,8,1964-02-29,-0.00155903439160071
usa,momentum,monthly,ew,8,1964-03-31,0.0161408276704157
usa,momentum,monthly,ew,8,1964-04-30,-0.00484325341973998
usa,momentum,monthly,ew,8,1964-05-31,0.0156123912811971
usa,momentum,monthly,ew,8,1964-06-30,0.00296603924720781
usa,momentum,monthly,ew,8,1964-07-31,0.00153365593928939
usa,momentum,monthly,ew,8,1964-08-31,-0.00171052692207815
usa,momentum,monthly,ew,8,1964-09-30,0.000260805586827446
usa,momentum,monthly,ew,8,1964-10-31,0.0116085510881046
usa,momentum,monthly,ew,8,1964-11-30,0.00882628036780327
usa,momentum,monthly,ew,8,1964-12-31,0.0034932716360372
usa,momentum,monthly,ew,8,1965-01-31,-0.0174971992312331
usa,momentum,monthly,ew,8,1965-02-28,0.00239735466076167
usa,momentum,monthly,ew,8,1965-03-31,-0.00215639285838085
usa,momentum,monthly,ew,8,1965-04-30,0.0161725392445831
usa,momentum,monthly,ew,8,1965-05-31,0.0128587578437846
usa,momentum,monthly,ew,8,1965-06-30,-0.0184874359634226
usa,momentum,monthly,ew,8,1965-07-31,0.0197980082371708
usa,momentum,monthly,ew,8,1965-08-31,0.0090487158186785
usa,momentum,monthly,ew,8,1965-09-30,0.0217755559398605
usa,momentum,monthly,ew,8,1965-10-31,0.0177457832420423
usa,momentum,monthly,ew,8,1965-11-30,0.0368038446313793
usa,momentum,monthly,ew,8,1965-12-31,-0.00205122008153952
usa,momentum,monthly,ew,8,1966-01-31,0.0168244726477859
usa,momentum,monthly,ew,8,1966-02-28,0.0350997677060184
usa,momentum,monthly,ew,8,1966-03-31,0.0085863715689238
usa,momentum,monthly,ew,8,1966-04-30,0.0463289312750437
usa,momentum,monthly,ew,8,1966-05-31,-0.0454932975384661
usa,momentum,monthly,ew,8,1966-06-30,0.0151649042422985
usa,momentum,monthly,ew,8,1966-07-31,0.00271346058604097
usa,momentum,monthly,ew,8,1966-08-31,-0.00668216735577492
usa,momentum,monthly,ew,8,1966-09-30,0.00677968271640223
usa,momentum,monthly,ew,8,1966-10-31,-0.0077822354422688
usa,momentum,monthly,ew,8,1966-11-30,-0.000826204061392459
usa,momentum,monthly,ew,8,1966-12-31,0.0142332713002263
usa,momentum,monthly,ew,8,1967-01-31,-0.0880442908073936
usa,momentum,monthly,ew,8,1967-02-28,0.00186591350947263
usa,momentum,monthly,ew,8,1967-03-31,0.0254447620528208
usa,momentum,monthly,ew,8,1967-04-30,0.0190611912139841
usa,momentum,monthly,ew,8,1967-05-31,-0.00407471755132739
usa,momentum,monthly,ew,8,1967-06-30,0.0489555494121582
usa,momentum,monthly,ew,8,1967-07-31,0.00515890579473682
usa,momentum,monthly,ew,8,1967-08-31,-0.00869095117202929
usa,momentum,monthly,ew,8,1967-09-30,0.0286241230563582
usa,momentum,monthly,ew,8,1967-10-31,0.0221269309760799
usa,momentum,monthly,ew,8,1967-11-30,-0.0016718094203397
usa,momentum,monthly,ew,8,1967-12-31,0.0408056472937581
usa,momentum,monthly,ew,8,1968-01-31,0.00204703686736608
usa,momentum,monthly,ew,8,1968-02-29,-0.0197024475749079
usa,momentum,monthly,ew,8,1968-03-31,-0.0008082529360291
usa,momentum,monthly,ew,8,1968-04-30,0.0200097547679835
usa,momentum,monthly,ew,8,1968-05-31,0.0216610220664085
usa,momentum,monthly,ew,8,1968-06-30,-0.0118156788752131
usa,momentum,monthly,ew,8,1968-07-31,0.0152793032813903
usa,momentum,monthly,ew,8,1968-08-31,0.0271130060856525
usa,momentum,monthly,ew,8,1968-09-30,0.0057416202677162
usa,momentum,monthly,ew,8,1968-10-31,0.00400727631618283
usa,momentum,monthly,ew,8,1968-11-30,0.000654261656782138
usa,momentum,monthly,ew,8,1968-12-31,-0.00212368866304654
usa,momentum,monthly,ew,8,1969-01-31,-0.00643010219764378
usa,momentum,monthly,ew,8,1969-02-28,-0.0092246982207711
usa,momentum,monthly,ew,8,1969-03-31,0.0239682113052146
usa,momentum,monthly,ew,8,1969-04-30,0.0141402320480818
usa,momentum,monthly,ew,8,1969-05-31,0.0154813613674111
usa,momentum,monthly,ew,8,1969-06-30,0.00214833565376744
usa,momentum,monthly,ew,8,1969-07-31,0.0161613894300994
usa,momentum,monthly,ew,8,1969-08-31,0.011579657482427
usa,momentum,monthly,ew,8,1969-09-30,0.0186653540052521
usa,momentum,monthly,ew,8,1969-10-31,-0.0247538423822969
usa,momentum,monthly,ew,8,1969-11-30,0.030840243690249
usa,momentum,monthly,ew,8,1969-12-31,0.0663566075404475
usa,momentum,monthly,ew,8,1970-01-31,-0.0304498264264946
usa,momentum,monthly,ew,8,1970-02-28,0.00790357348705113
usa,momentum,monthly,ew,8,1970-03-31,0.00203340415111264
usa,momentum,monthly,ew,8,1970-04-30,0.0186001490028932
usa,momentum,monthly,ew,8,1970-05-31,0.0039802298351327
usa,momentum,monthly,ew,8,1970-06-30,0.0625289721399537
usa,momentum,monthly,ew,8,1970-07-31,0.00136230603311701
usa,momentum,monthly,ew,8,1970-08-31,-0.0395074922814738
usa,momentum,monthly,ew,8,1970-09-30,-0.0915584493143792
usa,momentum,monthly,ew,8,1970-10-31,0.0576660437326189
usa,momentum,monthly,ew,8,1970-11-30,0.0276114500989474
usa,momentum,monthly,ew,8,1970-12-31,-0.00511239151900254
usa,momentum,monthly,ew,8,1971-01-31,-0.0812456095247787
usa,momentum,monthly,ew,8,1971-02-28,-0.0124366013689533
usa,momentum,monthly,ew,8,1971-03-31,0.0155797352201437
usa,momentum,monthly,ew,8,1971-04-30,0.0132377555841047
usa,momentum,monthly,ew,8,1971-05-31,0.0080646027841769
usa,momentum,monthly,ew,8,1971-06-30,0.0181830824542222
usa,momentum,monthly,ew,8,1971-07-31,-0.00531415502477276
usa,momentum,monthly,ew,8,1971-08-31,0.0248159475460299
usa,momentum,monthly,ew,8,1971-09-30,0.0304161231152024
usa,momentum,monthly,ew,8,1971-10-31,0.010253927359931
usa,momentum,monthly,ew,8,1971-11-30,0.0130400938505022
usa,momentum,monthly,ew,8,1971-12-31,-0.0149129456445175
usa,momentum,monthly,ew,8,1972-01-31,-0.0353200177357316
usa,momentum,monthly,ew,8,1972-02-29,0.015412067204778
usa,momentum,monthly,ew,8,1972-03-31,0.0109444264545688
usa,momentum,monthly,ew,8,1972-04-30,0.0230438962099473
usa,momentum,monthly,ew,8,1972-05-31,0.0265879424341939
usa,momentum,monthly,ew,8,1972-06-30,0.0128648553678805
usa,momentum,monthly,ew,8,1972-07-31,0.0124175707788445
usa,momentum,monthly,ew,8,1972-08-31,-0.00907414326993656
usa,momentum,monthly,ew,8,1972-09-30,0.0133851106041743
usa,momentum,monthly,ew,8,1972-10-31,0.0161478755803555
usa,momentum,monthly,ew,8,1972-11-30,-0.0155513555159561
usa,momentum,monthly,ew,8,1972-12-31,0.037944877205493
usa,momentum,monthly,ew,8,1973-01-31,0.00515653854042203
usa,momentum,monthly,ew,8,1973-02-28,0.0129636787793641
usa,momentum,monthly,ew,8,1973-03-31,0.0253806972228849
usa,momentum,monthly,ew,8,1973-04-30,0.0493127870981673
usa,momentum,monthly,ew,8,1973-05-31,0.0476277452370065
usa,momentum,monthly,ew,8,1973-06-30,0.0314391233422785
usa,momentum,monthly,ew,8,1973-07-31,-0.0801967289704669
usa,momentum,monthly,ew,8,1973-08-31,0.0355589903457294
usa,momentum,monthly,ew,8,1973-09-30,-0.0138979168599765
usa,momentum,monthly,ew,8,1973-10-31,0.0382728561464301
usa,momentum,monthly,ew,8,1973-11-30,0.0287579946311771
usa,momentum,monthly,ew,8,1973-12-31,0.0827904238342402
usa,momentum,monthly,ew,8,1974-01-31,-0.109927799105155
usa,momentum,monthly,ew,8,1974-02-28,-0.00110398658683732
usa,momentum,monthly,ew,8,1974-03-31,-0.0309872287562556
usa,momentum,monthly,ew,8,1974-04-30,0.0142000632493172
usa,momentum,monthly,ew,8,1974-05-31,0.00732114244423491
usa,momentum,monthly,ew,8,1974-06-30,0.0175096242496193
usa,momentum,monthly,ew,8,1974-07-31,0.00792095661233716
usa,momentum,monthly,ew,8,1974-08-31,0.023221246424884
usa,momentum,monthly,ew,8,1974-09-30,0.0127522151649724
usa,momentum,monthly,ew,8,1974-10-31,-0.00919516714795147
usa,momentum,monthly,ew,8,1974-11-30,0.0250909330297137
usa,momentum,monthly,ew,8,1974-12-31,0.02695004402359
usa,momentum,monthly,ew,8,1975-01-31,-0.178854508170529
usa,momentum,monthly,ew,8,1975-02-28,-0.0141725703696332
usa,momentum,monthly,ew,8,1975-03-31,-0.0238131126649846
usa,momentum,monthly,ew,8,1975-04-30,0.0124883094933139
usa,momentum,monthly,ew,8,1975-05-31,0.000351614130103137
usa,momentum,monthly,ew,8,1975-06-30,-0.0118786144521436
usa,momentum,monthly,ew,8,1975-07-31,-0.0205182442883254
usa,momentum,monthly,ew,8,1975-08-31,-0.00523554726534876
usa,momentum,monthly,ew,8,1975-09-30,-0.0000859842478702407
usa,momentum,monthly,ew,8,1975-10-31,0.0127431514971715
usa,momentum,monthly,ew,8,1975-11-30,0.00715059360205273
usa,momentum,monthly,ew,8,1975-12-31,-0.0156139083725551
usa,momentum,monthly,ew,8,1976-01-31,-0.0231175868889412
usa,momentum,monthly,ew,8,1976-02-29,-0.0318691929991713
usa,momentum,monthly,ew,8,1976-03-31,0.00180486084911409
usa,momentum,monthly,ew,8,1976-04-30,-0.0111227998199252
usa,momentum,monthly,ew,8,1976-05-31,-0.0217695020020658
usa,momentum,monthly,ew,8,1976-06-30,-0.00181678582646591
usa,momentum,monthly,ew,8,1976-07-31,0.000204939340843547
usa,momentum,monthly,ew,8,1976-08-31,0.0022254765935181
usa,momentum,monthly,ew,8,1976-09-30,0.00576063407274762
usa,momentum,monthly,ew,8,1976-10-31,0.0079405517650667
usa,momentum,monthly,ew,8,1976-11-30,0.00626120314946685
usa,momentum,monthly,ew,8,1976-12-31,-0.0242910982166869
usa,momentum,monthly,ew,8,1977-01-31,0.00600116361808759
usa,momentum,monthly,ew,8,1977-02-28,0.00152962191706
usa,momentum,monthly,ew,8,1977-03-31,-0.00101504535903746
usa,momentum,monthly,ew,8,1977-04-30,0.0152297082436325
usa,momentum,monthly,ew,8,1977-05-31,0.00339987297092018
usa,momentum,monthly,ew,8,1977-06-30,0.00491512447093316
usa,momentum,monthly,ew,8,1977-07-31,-0.00445935207751276
usa,momentum,monthly,ew,8,1977-08-31,0.00496926357123209
usa,momentum,monthly,ew,8,1977-09-30,0.00702681581238972
usa,momentum,monthly,ew,8,1977-10-31,-0.00139133592279593
usa,momentum,monthly,ew,8,1977-11-30,0.00561481112841386
usa,momentum,monthly,ew,8,1977-12-31,0.0110220735736287
usa,momentum,monthly,ew,8,1978-01-31,-0.0147610180350836
usa,momentum,monthly,ew,8,1978-02-28,0.00969594448346408
usa,momentum,monthly,ew,8,1978-03-31,0.00782897912121753
usa,momentum,monthly,ew,8,1978-04-30,-0.00321692652595416
usa,momentum,monthly,ew,8,1978-05-31,0.0125350342464486
usa,momentum,monthly,ew,8,1978-06-30,0.00796653520105898
usa,momentum,monthly,ew,8,1978-07-31,0.021591865774869
usa,momentum,monthly,ew,8,1978-08-31,0.0228343931395542
usa,momentum,monthly,ew,8,1978-09-30,-0.0118705824966706
usa,momentum,monthly,ew,8,1978-10-31,-0.0556185649146257
usa,momentum,monthly,ew,8,1978-11-30,0.0106044543332426
usa,momentum,monthly,ew,8,1978-12-31,0.00805902394452794
usa,momentum,monthly,ew,8,1979-01-31,-0.0255871668867788
usa,momentum,monthly,ew,8,1979-02-28,-0.00236780782400423
usa,momentum,monthly,ew,8,1979-03-31,0.00305116539167485
usa,momentum,monthly,ew,8,1979-04-30,0.00155484953797971
usa,momentum,monthly,ew,8,1979-05-31,0.0000255120166814551
usa,momentum,monthly,ew,8,1979-06-30,0.0147332859945235
usa,momentum,monthly,ew,8,1979-07-31,-0.00765836131898763
usa,momentum,monthly,ew,8,1979-08-31,0.00149562953095009
usa,momentum,monthly,ew,8,1979-09-30,0.0174040877549354
usa,momentum,monthly,ew,8,1979-10-31,0.00503684282632717
usa,momentum,monthly,ew,8,1979-11-30,0.0459637333171743
usa,momentum,monthly,ew,8,1979-12-31,0.0341455662179823
usa,momentum,monthly,ew,8,1980-01-31,0.02628914015669
usa,momentum,monthly,ew,8,1980-02-29,0.0317471591500644
usa,momentum,monthly,ew,8,1980-03-31,-0.0567819799866413
usa,momentum,monthly,ew,8,1980-04-30,-0.00165430762498507
usa,momentum,monthly,ew,8,1980-05-31,-0.0196912401367695
usa,momentum,monthly,ew,8,1980-06-30,0.00263208985724531
usa,momentum,monthly,ew,8,1980-07-31,0.0109174623688994
usa,momentum,monthly,ew,8,1980-08-31,0.00833904689275671
usa,momentum,monthly,ew,8,1980-09-30,0.00365103275525986
usa,momentum,monthly,ew,8,1980-10-31,0.0370967432075513
usa,momentum,monthly,ew,8,1980-11-30,0.0469155084756702
usa,momentum,monthly,ew,8,1980-12-31,-0.0183508562648857
usa,momentum,monthly,ew,8,1981-01-31,-0.0450879035784147
usa,momentum,monthly,ew,8,1981-02-28,-0.00676543595135389
usa,momentum,monthly,ew,8,1981-03-31,-0.00510184276617116
usa,momentum,monthly,ew,8,1981-04-30,0.0122431023377831
usa,momentum,monthly,ew,8,1981-05-31,0.0236192149724207
usa,momentum,monthly,ew,8,1981-06-30,-0.00249703114760105
usa,momentum,monthly,ew,8,1981-07-31,-0.0131530736200035
usa,momentum,monthly,ew,8,1981-08-31,0.0010993580977844
usa,momentum,monthly,ew,8,1981-09-30,0.0322116899002272
usa,momentum,monthly,ew,8,1981-10-31,0.0137186407317957
usa,momentum,monthly,ew,8,1981-11-30,0.0233026616633393
usa,momentum,monthly,ew,8,1981-12-31,0.0158643828248658
usa,momentum,monthly,ew,8,1982-01-31,-0.00606533186872151
usa,momentum,monthly,ew,8,1982-02-28,0.0319957005121104
usa,momentum,monthly,ew,8,1982-03-31,0.0197818749929427
usa,momentum,monthly,ew,8,1982-04-30,-0.000828981226925379
usa,momentum,monthly,ew,8,1982-05-31,0.0203451125594806
usa,momentum,monthly,ew,8,1982-06-30,0.0431850083427083
usa,momentum,monthly,ew,8,1982-07-31,0.0267161354914231
usa,momentum,monthly,ew,8,1982-08-31,-0.0178657935401283
usa,momentum,monthly,ew,8,1982-09-30,0.0409698206086588
usa,momentum,monthly,ew,8,1982-10-31,0.0135747569149979
usa,momentum,monthly,ew,8,1982-11-30,0.0400301003581801
usa,momentum,monthly,ew,8,1982-12-31,0.000132119720745225
usa,momentum,monthly,ew,8,1983-01-31,-0.0392038547598185
usa,momentum,monthly,ew,8,1983-02-28,0.02842635749612
usa,momentum,monthly,ew,8,1983-03-31,0.00562348026366901
usa,momentum,monthly,ew,8,1983-04-30,0.00912440131099468
usa,momentum,monthly,ew,8,1983-05-31,-0.0195259243482217
usa,momentum,monthly,ew,8,1983-06-30,0.00639235943611943
usa,momentum,monthly,ew,8,1983-07-31,-0.0102412522360726
usa,momentum,monthly,ew,8,1983-08-31,-0.0159072626729651
usa,momentum,monthly,ew,8,1983-09-30,0.00306685866040098
usa,momentum,monthly,ew,8,1983-10-31,0.00569646164601674
usa,momentum,monthly,ew,8,1983-11-30,-0.00635444441751753
usa,momentum,monthly,ew,8,1983-12-31,0.0171255890945016
usa,momentum,monthly,ew,8,1984-01-31,-0.0138830804126745
usa,momentum,monthly,ew,8,1984-02-29,0.00805994517599758
usa,momentum,monthly,ew,8,1984-03-31,0.014164164229749
usa,momentum,monthly,ew,8,1984-04-30,0.0174667932742007
usa,momentum,monthly,ew,8,1984-05-31,0.00944521421946461
usa,momentum,monthly,ew,8,1984-06-30,0.00881932745627372
usa,momentum,monthly,ew,8,1984-07-31,0.0261064075925126
usa,momentum,monthly,ew,8,1984-08-31,-0.0201160724435785
usa,momentum,monthly,ew,8,1984-09-30,0.0201799477090924
usa,momentum,monthly,ew,8,1984-10-31,0.0279219638225423
usa,momentum,monthly,ew,8,1984-11-30,0.022556825839044
usa,momentum,monthly,ew,8,1984-12-31,0.0176410894132308
usa,momentum,monthly,ew,8,1985-01-31,-0.0525310720612111
usa,momentum,monthly,ew,8,1985-02-28,-0.0134574346128136
usa,momentum,monthly,ew,8,1985-03-31,0.000583590360471955
usa,momentum,monthly,ew,8,1985-04-30,0.0215421053852123
usa,momentum,monthly,ew,8,1985-05-31,0.0226001723798285
usa,momentum,monthly,ew,8,1985-06-30,0.0275126208598428
usa,momentum,monthly,ew,8,1985-07-31,-0.0100091217677607
usa,momentum,monthly,ew,8,1985-08-31,0.0127493976428917
usa,momentum,monthly,ew,8,1985-09-30,0.0128877936832934
usa,momentum,monthly,ew,8,1985-10-31,0.0286466205556352
usa,momentum,monthly,ew,8,1985-11-30,0.010155566216234
usa,momentum,monthly,ew,8,1985-12-31,0.00876135308838251
usa,momentum,monthly,ew,8,1986-01-31,0.00898633580049766
usa,momentum,monthly,ew,8,1986-02-28,0.0186314841090604
usa,momentum,monthly,ew,8,1986-03-31,0.0121715856957394
usa,momentum,monthly,ew,8,1986-04-30,0.00581967814864204
usa,momentum,monthly,ew,8,1986-05-31,0.0147951134567427
usa,momentum,monthly,ew,8,1986-06-30,0.0238216895936234
usa,momentum,monthly,ew,8,1986-07-31,0.00681942831467969
usa,momentum,monthly,ew,8,1986-08-31,-0.00986234805439115
usa,momentum,monthly,ew,8,1986-09-30,-0.0137008702561219
usa,momentum,monthly,ew,8,1986-10-31,0.00977005650030368
usa,momentum,monthly,ew,8,1986-11-30,0.00321383812503509
usa,momentum,monthly,ew,8,1986-12-31,0.00522924150428924
usa,momentum,monthly,ew,8,1987-01-31,0.000644982497079432
usa,momentum,monthly,ew,8,1987-02-28,-0.0121425397215078
usa,momentum,monthly,ew,8,1987-03-31,0.0134698459258208
usa,momentum,monthly,ew,8,1987-04-30,0.0192618343924392
usa,momentum,monthly,ew,8,1987-05-31,0.00609535506393821
usa,momentum,monthly,ew,8,1987-06-30,0.00105543242784198
usa,momentum,monthly,ew,8,1987-07-31,0.0316480837220371
usa,momentum,monthly,ew,8,1987-08-31,-0.00424297811757721
usa,momentum,monthly,ew,8,1987-09-30,0.00692647464528081
usa,momentum,monthly,ew,8,1987-10-31,-0.0253569276248147
usa,momentum,monthly,ew,8,1987-11-30,0.0210387363344213
usa,momentum,monthly,ew,8,1987-12-31,0.0245573603616158
usa,momentum,monthly,ew,8,1988-01-31,-0.0605873304363422
usa,momentum,monthly,ew,8,1988-02-29,-0.0159517696971209
usa,momentum,monthly,ew,8,1988-03-31,-0.00699840265619048
usa,momentum,monthly,ew,8,1988-04-30,0.0109132739284968
usa,momentum,monthly,ew,8,1988-05-31,0.00542367842638412
usa,momentum,monthly,ew,8,1988-06-30,0.0112556158711247
usa,momentum,monthly,ew,8,1988-07-31,-0.00133839411905821
usa,momentum,monthly,ew,8,1988-08-31,0.0000199247492524346
usa,momentum,monthly,ew,8,1988-09-30,0.00812891853799582
usa,momentum,monthly,ew,8,1988-10-31,0.0169851105527195
usa,momentum,monthly,ew,8,1988-11-30,0.00991229511569523
usa,momentum,monthly,ew,8,1988-12-31,0.00841592835833943
usa,momentum,monthly,ew,8,1989-01-31,-0.0111458374075921
usa,momentum,monthly,ew,8,1989-02-28,0.00372341567281863
usa,momentum,monthly,ew,8,1989-03-31,0.018281872264498
usa,momentum,monthly,ew,8,1989-04-30,0.0171760946423287
usa,momentum,monthly,ew,8,1989-05-31,0.0163182558455689
usa,momentum,monthly,ew,8,1989-06-30,0.00438326804145073
usa,momentum,monthly,ew,8,1989-07-31,0.0312065181650072
usa,momentum,monthly,ew,8,1989-08-31,0.0119810482229344
usa,momentum,monthly,ew,8,1989-09-30,0.00915478895476566
usa,momentum,monthly,ew,8,1989-10-31,0.0102218256154675
usa,momentum,monthly,ew,8,1989-11-30,0.0197996833142703
usa,momentum,monthly,ew,8,1989-12-31,0.024819821938703
usa,momentum,monthly,ew,8,1990-01-31,-0.017907049421602
usa,momentum,monthly,ew,8,1990-02-28,0.0063881613815507
usa,momentum,monthly,ew,8,1990-03-31,0.00267151825984901
usa,momentum,monthly,ew,8,1990-04-30,0.00944787183749338
usa,momentum,monthly,ew,8,1990-05-31,0.0327026999881604
usa,momentum,monthly,ew,8,1990-06-30,0.0158265122310452
usa,momentum,monthly,ew,8,1990-07-31,0.0148571081045863
usa,momentum,monthly,ew,8,1990-08-31,-0.0035469421398941
usa,momentum,monthly,ew,8,1990-09-30,0.0265796436488002
usa,momentum,monthly,ew,8,1990-10-31,0.0381909438959731
usa,momentum,monthly,ew,8,1990-11-30,-0.0184411711609231
usa,momentum,monthly,ew,8,1990-12-31,0.0297632582018755
usa,momentum,monthly,ew,8,1991-01-31,-0.0388671034593213
usa,momentum,monthly,ew,8,1991-02-28,-0.0633637655807412
usa,momentum,monthly,ew,8,1991-03-31,0.00622964286219158
usa,momentum,monthly,ew,8,1991-04-30,-0.0133624891698805
usa,momentum,monthly,ew,8,1991-05-31,0.0206187112727311
usa,momentum,monthly,ew,8,1991-06-30,-0.00448460868645477
usa,momentum,monthly,ew,8,1991-07-31,0.0173035502210753
usa,momentum,monthly,ew,8,1991-08-31,0.0141587991846639
usa,momentum,monthly,ew,8,1991-09-30,0.0182660358909086
usa,momentum,monthly,ew,8,1991-10-31,0.0184417343969581
usa,momentum,monthly,ew,8,1991-11-30,0.00280674492080421
usa,momentum,monthly,ew,8,1991-12-31,0.0491747390466694
usa,momentum,monthly,ew,8,1992-01-31,-0.0842766413540601
usa,momentum,monthly,ew,8,1992-02-29,-0.0161909048673251
usa,momentum,monthly,ew,8,1992-03-31,-0.00545068244163419
usa,momentum,monthly,ew,8,1992-04-30,0.00106024336878752
usa,momentum,monthly,ew,8,1992-05-31,0.0019430015810827
usa,momentum,monthly,ew,8,1992-06-30,0.0165547044797462
usa,momentum,monthly,ew,8,1992-07-31,0.0166037711778047
usa,momentum,monthly,ew,8,1992-08-31,0.00590754360688725
usa,momentum,monthly,ew,8,1992-09-30,0.0136709077524703
usa,momentum,monthly,ew,8,1992-10-31,0.00907921233076861
usa,momentum,monthly,ew,8,1992-11-30,-0.00673349801574996
usa,momentum,monthly,ew,8,1992-12-31,0.0173138860233463
usa,momentum,monthly,ew,8,1993-01-31,-0.00774361588009469
usa,momentum,monthly,ew,8,1993-02-28,0.00627104348099485
usa,momentum,monthly,ew,8,1993-03-31,0.0211403558750253
usa,momentum,monthly,ew,8,1993-04-30,0.00667901151032936
usa,momentum,monthly,ew,8,1993-05-31,-0.00695991408144095
usa,momentum,monthly,ew,8,1993-06-30,0.0191998927769228
usa,momentum,monthly,ew,8,1993-07-31,0.0191544092767832
usa,momentum,monthly,ew,8,1993-08-31,0.00866294735045768
usa,momentum,monthly,ew,8,1993-09-30,0.0139648936650598
usa,momentum,monthly,ew,8,1993-10-31,-0.0106370211400737
usa,momentum,monthly,ew,8,1993-11-30,-0.0164102894030098
usa,momentum,monthly,ew,8,1993-12-31,0.015070953805919
usa,momentum,monthly,ew,8,1994-01-31,-0.00653101211653903
usa,momentum,monthly,ew,8,1994-02-28,0.00436181082085616
usa,momentum,monthly,ew,8,1994-03-31,-0.00657815592233381
usa,momentum,monthly,ew,8,1994-04-30,0.0238748804698185
usa,momentum,monthly,ew,8,1994-05-31,-0.00242087539856602
usa,momentum,monthly,ew,8,1994-06-30,0.015477854238745
usa,momentum,monthly,ew,8,1994-07-31,0.00628862124908722
usa,momentum,monthly,ew,8,1994-08-31,-0.00356334213109623
usa,momentum,monthly,ew,8,1994-09-30,0.00893290822467817
usa,momentum,monthly,ew,8,1994-10-31,0.0196414353576999
usa,momentum,monthly,ew,8,1994-11-30,0.0155157446813065
usa,momentum,monthly,ew,8,1994-12-31,0.0367474879104546
usa,momentum,monthly,ew,8,1995-01-31,-0.0284559051379772
usa,momentum,monthly,ew,8,1995-02-28,0.00322045973147112
usa,momentum,monthly,ew,8,1995-03-31,0.00791421368780056
usa,momentum,monthly,ew,8,1995-04-30,0.00653385238417455
usa,momentum,monthly,ew,8,1995-05-31,0.0060739888788455
usa,momentum,monthly,ew,8,1995-06-30,0.0112875747308715
usa,momentum,monthly,ew,8,1995-07-31,0.0171890900504832
usa,momentum,monthly,ew,8,1995-08-31,0.0067999374947421
usa,momentum,monthly,ew,8,1995-09-30,0.0117524756914323
usa,momentum,monthly,ew,8,1995-10-31,0.0203302574023514
usa,momentum,monthly,ew,8,1995-11-30,0.0236269397007342
usa,momentum,monthly,ew,8,1995-12-31,0.0302699557619783
usa,momentum,monthly,ew,8,1996-01-31,-0.024286955795908
usa,momentum,monthly,ew,8,1996-02-29,-0.00455626708277055
usa,momentum,monthly,ew,8,1996-03-31,-0.00457033450398579
usa,momentum,monthly,ew,8,1996-04-30,0.00091375867563312
usa,momentum,monthly,ew,8,1996-05-31,-0.0000891404764853951
usa,momentum,monthly,ew,8,1996-06-30,-0.0015884834363628
usa,momentum,monthly,ew,8,1996-07-31,-0.00821905902604088
usa,momentum,monthly,ew,8,1996-08-31,0.00747443452792399
usa,momentum,monthly,ew,8,1996-09-30,0.0140994440541019
usa,momentum,monthly,ew,8,1996-10-31,0.0368231403085534
usa,momentum,monthly,ew,8,1996-11-30,0.00470789176472529
usa,momentum,monthly,ew,8,1996-12-31,0.0356316277815419
usa,momentum,monthly,ew,8,1997-01-31,-0.036503177749407
usa,momentum,monthly,ew,8,1997-02-28,0.00133756122272842
usa,momentum,monthly,ew,8,1997-03-31,0.0249092741495593
usa,momentum,monthly,ew,8,1997-04-30,0.031003046102591
usa,momentum,monthly,ew,8,1997-05-31,-0.0228586151873967
usa,momentum,monthly,ew,8,1997-06-30,0.0252716493216304
usa,momentum,monthly,ew,8,1997-07-31,0.0342764359320248
usa,momentum,monthly,ew,8,1997-08-31,-0.00823308593152558
usa,momentum,monthly,ew,8,1997-09-30,0.00529811501025604
usa,momentum,monthly,ew,8,1997-10-31,-0.0033999528342588
usa,momentum,monthly,ew,8,1997-11-30,0.0311157757201959
usa,momentum,monthly,ew,8,1997-12-31,0.0711798353135081
usa,momentum,monthly,ew,8,1998-01-31,-0.0406091681136254
usa,momentum,monthly,ew,8,1998-02-28,0.0014781524221624
usa,momentum,monthly,ew,8,1998-03-31,0.0151764077338145
usa,momentum,monthly,ew,8,1998-04-30,-0.00641317757546926
usa,momentum,monthly,ew,8,1998-05-31,0.0112496793456127
usa,momentum,monthly,ew,8,1998-06-30,0.0546212127809316
usa,momentum,monthly,ew,8,1998-07-31,0.02288676574422
usa,momentum,monthly,ew,8,1998-08-31,0.0273105045843845
usa,momentum,monthly,ew,8,1998-09-30,0.0120128611372075
usa,momentum,monthly,ew,8,1998-10-31,-0.0278280369509859
usa,momentum,monthly,ew,8,1998-11-30,-0.0209933349554311
usa,momentum,monthly,ew,8,1998-12-31,0.0644976815726229
usa,momentum,monthly,ew,8,1999-01-31,-0.0258882170701674
usa,momentum,monthly,ew,8,1999-02-28,-0.0101304571231887
usa,momentum,monthly,ew,8,1999-03-31,0.0171230544140648
usa,momentum,monthly,ew,8,1999-04-30,-0.00965618279214101
usa,momentum,monthly,ew,8,1999-05-31,-0.0306956056879809
usa,momentum,monthly,ew,8,1999-06-30,0.0303601790527764
usa,momentum,monthly,ew,8,1999-07-31,0.00212159258359663
usa,momentum,monthly,ew,8,1999-08-31,0.0262541077660955
usa,momentum,monthly,ew,8,1999-09-30,0.0329246097691349
usa,momentum,monthly,ew,8,1999-10-31,0.0405332349621404
usa,momentum,monthly,ew,8,1999-11-30,0.0258662706953488
usa,momentum,monthly,ew,8,1999-12-31,0.0824889335153702
usa,momentum,monthly,ew,8,2000-01-31,-0.00174873124024445
usa,momentum,monthly,ew,8,2000-02-29,0.173197923923204
usa,momentum,monthly,ew,8,2000-03-31,-0.047179936066912
usa,momentum,monthly,ew,8,2000-04-30,-0.0913370311345045
usa,momentum,monthly,ew,8,2000-05-31,-0.0357217034240398
usa,momentum,monthly,ew,8,2000-06-30,0.0679280173907941
usa,momentum,monthly,ew,8,2000-07-31,-0.00353719956769942
usa,momentum,monthly,ew,8,2000-08-31,0.0523905970948757
usa,momentum,monthly,ew,8,2000-09-30,0.0475682222131419
usa,momentum,monthly,ew,8,2000-10-31,0.0253537755242763
usa,momentum,monthly,ew,8,2000-11-30,0.0550382803050574
usa,momentum,monthly,ew,8,2000-12-31,0.116229230027027
usa,momentum,monthly,ew,8,2001-01-31,-0.349203098221539
usa,momentum,monthly,ew,8,2001-02-28,0.103200956596691
usa,momentum,monthly,ew,8,2001-03-31,0.0767460019112259
usa,momentum,monthly,ew,8,2001-04-30,-0.0433723923281974
usa,momentum,monthly,ew,8,2001-05-31,-0.00154400254898789
usa,momentum,monthly,ew,8,2001-06-30,0.0311830197988108
usa,momentum,monthly,ew,8,2001-07-31,0.0517207278000177
usa,momentum,monthly,ew,8,2001-08-31,0.0534010321062593
usa,momentum,monthly,ew,8,2001-09-30,0.0752770622308926
usa,momentum,monthly,ew,8,2001-10-31,-0.0709516817942822
usa,momentum,monthly,ew,8,2001-11-30,-0.0661973821421646
usa,momentum,monthly,ew,8,2001-12-31,-0.0257621569444295
usa,momentum,monthly,ew,8,2002-01-31,0.0154462840237936
usa,momentum,monthly,ew,8,2002-02-28,0.0371675737408947
usa,momentum,monthly,ew,8,2002-03-31,-0.0172107917442884
usa,momentum,monthly,ew,8,2002-04-30,0.0591932496387106
usa,momentum,monthly,ew,8,2002-05-31,0.0476508622076983
usa,momentum,monthly,ew,8,2002-06-30,0.0838078841438157
usa,momentum,monthly,ew,8,2002-07-31,0.0305205698589479
usa,momentum,monthly,ew,8,2002-08-31,0.00786143704503427
usa,momentum,monthly,ew,8,2002-09-30,0.0711903760701972
usa,momentum,monthly,ew,8,2002-10-31,-0.0391163218092868
usa,momentum,monthly,ew,8,2002-11-30,-0.16439789251108
usa,momentum,monthly,ew,8,2002-12-31,0.0624417463513667
usa,momentum,monthly,ew,8,2003-01-31,0.00390713570888381
usa,momentum,monthly,ew,8,2003-02-28,0.022996203743159
usa,momentum,monthly,ew,8,2003-03-31,0.0104135348311299
usa,momentum,monthly,ew,8,2003-04-30,-0.0345343970159957
usa,momentum,monthly,ew,8,2003-05-31,-0.0559663263473338
usa,momentum,monthly,ew,8,2003-06-30,-0.0149406406512871
usa,momentum,monthly,ew,8,2003-07-31,0.0169749492102747
usa,momentum,monthly,ew,8,2003-08-31,0.00721405947393509
usa,momentum,monthly,ew,8,2003-09-30,0.00169176848652034
usa,momentum,monthly,ew,8,2003-10-31,0.0293434228932561
usa,momentum,monthly,ew,8,2003-11-30,0.0144523939841049
usa,momentum,monthly,ew,8,2003-12-31,-0.0219840421782866
usa,momentum,monthly,ew,8,2004-01-31,0.00455818921457169
usa,momentum,monthly,ew,8,2004-02-29,0.00234258111061163
usa,momentum,monthly,ew,8,2004-03-31,0.00389355815450446
usa,momentum,monthly,ew,8,2004-04-30,-0.0121283613916073
usa,momentum,monthly,ew,8,2004-05-31,0.00815181432261398
usa,momentum,monthly,ew,8,2004-06-30,0.0150993358537732
usa,momentum,monthly,ew,8,2004-07-31,0.0154151261316828
usa,momentum,monthly,ew,8,2004-08-31,-0.00254506395599989
usa,momentum,monthly,ew,8,2004-09-30,0.0188415482382341
usa,momentum,monthly,ew,8,2004-10-31,-0.00181882366845432
usa,momentum,monthly,ew,8,2004-11-30,-0.0112047569985904
usa,momentum,monthly,ew,8,2004-12-31,-0.0311030092938291
usa,momentum,monthly,ew,8,2005-01-31,0.0242135882908828
usa,momentum,monthly,ew,8,2005-02-28,0.0229451809087384
usa,momentum,monthly,ew,8,2005-03-31,0.0118952587372555
usa,momentum,monthly,ew,8,2005-04-30,0.00972607122592865
usa,momentum,monthly,ew,8,2005-05-31,0.00584980821624062
usa,momentum,monthly,ew,8,2005-06-30,0.00542561749711101
usa,momentum,monthly,ew,8,2005-07-31,-0.00232837676723043
usa,momentum,monthly,ew,8,2005-08-31,0.0130144188449025
usa,momentum,monthly,ew,8,2005-09-30,0.0186241336301039
usa,momentum,monthly,ew,8,2005-10-31,-0.00215646921427907
usa,momentum,monthly,ew,8,2005-11-30,0.00758071534747723
usa,momentum,monthly,ew,8,2005-12-31,0.00399154482560752
usa,momentum,monthly,ew,8,2006-01-31,0.0148922706574141
usa,momentum,monthly,ew,8,2006-02-28,-0.00846287533343479
usa,momentum,monthly,ew,8,2006-03-31,0.0196326491432983
usa,momentum,monthly,ew,8,2006-04-30,0.00896907771242654
usa,momentum,monthly,ew,8,2006-05-31,-0.0109250903327029
usa,momentum,monthly,ew,8,2006-06-30,0.00929852181665197
usa,momentum,monthly,ew,8,2006-07-31,0.00758483102372239
usa,momentum,monthly,ew,8,2006-08-31,-0.0144248981784047
usa,momentum,monthly,ew,8,2006-09-30,0.00109909687615214
usa,momentum,monthly,ew,8,2006-10-31,-0.00988358288810554
usa,momentum,monthly,ew,8,2006-11-30,-0.00392394269473813
usa,momentum,monthly,ew,8,2006-12-31,0.00761315558613817
usa,momentum,monthly,ew,8,2007-01-31,0.00573684332576426
usa,momentum,monthly,ew,8,2007-02-28,-0.00620664684170836
usa,momentum,monthly,ew,8,2007-03-31,0.0174535922582593
usa,momentum,monthly,ew,8,2007-04-30,0.0134451262637282
usa,momentum,monthly,ew,8,2007-05-31,0.00917245855580113
usa,momentum,monthly,ew,8,2007-06-30,0.00544558724385122
usa,momentum,monthly,ew,8,2007-07-31,0.018240984310189
usa,momentum,monthly,ew,8,2007-08-31,0.00558271166191457
usa,momentum,monthly,ew,8,2007-09-30,0.0309323090312695
usa,momentum,monthly,ew,8,2007-10-31,0.038542839474953
usa,momentum,monthly,ew,8,2007-11-30,0.0259763461116326
usa,momentum,monthly,ew,8,2007-12-31,0.0351356783616148
usa,momentum,monthly,ew,8,2008-01-31,-0.0484992548972419
usa,momentum,monthly,ew,8,2008-02-29,0.0184015028427577
usa,momentum,monthly,ew,8,2008-03-31,0.0192438596364445
usa,momentum,monthly,ew,8,2008-04-30,0.0159823799807242
usa,momentum,monthly,ew,8,2008-05-31,0.0139140972370871
usa,momentum,monthly,ew,8,2008-06-30,0.0641380517141832
usa,momentum,monthly,ew,8,2008-07-31,-0.0152890994443167
usa,momentum,monthly,ew,8,2008-08-31,-0.0252461012429276
usa,momentum,monthly,ew,8,2008-09-30,0.0277374237506813
usa,momentum,monthly,ew,8,2008-10-31,0.0589112280765097
usa,momentum,monthly,ew,8,2008-11-30,0.0598711073438529
usa,momentum,monthly,ew,8,2008-12-31,-0.0125782114030453
usa,momentum,monthly,ew,8,2009-01-31,-0.0839448394417612
usa,momentum,monthly,ew,8,2009-02-28,0.024251291187702
usa,momentum,monthly,ew,8,2009-03-31,-0.0945981268971658
usa,momentum,monthly,ew,8,2009-04-30,-0.194722825440045
usa,momentum,monthly,ew,8,2009-05-31,-0.0719307120067718
usa,momentum,monthly,ew,8,2009-06-30,-0.00350498908876055
usa,momentum,monthly,ew,8,2009-07-31,-0.00478451460957326
usa,momentum,monthly,ew,8,2009-08-31,-0.0493878630289068
usa,momentum,monthly,ew,8,2009-09-30,-0.00462559975581281
usa,momentum,monthly,ew,8,2009-10-31,-0.00348137992188789
usa,momentum,monthly,ew,8,2009-11-30,0.0333858973022129
usa,momentum,monthly,ew,8,2009-12-31,0.00464864328067884
usa,momentum,monthly,ew,8,2010-01-31,-0.0258624876527801
usa,momentum,monthly,ew,8,2010-02-28,0.0269592976155019
usa,momentum,monthly,ew,8,2010-03-31,-0.000659711051335852
usa,momentum,monthly,ew,8,2010-04-30,-0.0103598070516758
usa,momentum,monthly,ew,8,2010-05-31,0.00806804422486676
usa,momentum,monthly,ew,8,2010-06-30,-0.00333309947434147
usa,momentum,monthly,ew,8,2010-07-31,-0.00673491805340425
usa,momentum,monthly,ew,8,2010-08-31,0.0165674352802796
usa,momentum,monthly,ew,8,2010-09-30,-0.0106813798104673
usa,momentum,monthly,ew,8,2010-10-31,0.00486944978718458
usa,momentum,monthly,ew,8,2010-11-30,0.0283560278675694
usa,momentum,monthly,ew,8,2010-12-31,-0.0182209644261063
usa,momentum,monthly,ew,8,2011-01-31,-0.012187669459272
usa,momentum,monthly,ew,8,2011-02-28,0.0150805360577288
usa,momentum,monthly,ew,8,2011-03-31,0.0182537306185364
usa,momentum,monthly,ew,8,2011-04-30,0.00644907754215575
usa,momentum,monthly,ew,8,2011-05-31,0.00134967804862538
usa,momentum,monthly,ew,8,2011-06-30,0.0173203960093309
usa,momentum,monthly,ew,8,2011-07-31,0.00261710630333643
usa,momentum,monthly,ew,8,2011-08-31,0.0172192107044966
usa,momentum,monthly,ew,8,2011-09-30,0.0176435915280954
usa,momentum,monthly,ew,8,2011-10-31,-0.0253074687650205
usa,momentum,monthly,ew,8,2011-11-30,0.0397238001384162
usa,momentum,monthly,ew,8,2011-12-31,0.0190446893446494
usa,momentum,monthly,ew,8,2012-01-31,-0.0707925310066384
usa,momentum,monthly,ew,8,2012-02-29,-0.0161609385234107
usa,momentum,monthly,ew,8,2012-03-31,0.0141526541041621
usa,momentum,monthly,ew,8,2012-04-30,0.0153359555346133
usa,momentum,monthly,ew,8,2012-05-31,0.0301935121649485
usa,momentum,monthly,ew,8,2012-06-30,0.00596998707528331
usa,momentum,monthly,ew,8,2012-07-31,0.0139763696266243
usa,momentum,monthly,ew,8,2012-08-31,-0.0029492702726513
usa,momentum,monthly,ew,8,2012-09-30,-0.0124785831126159
usa,momentum,monthly,ew,8,2012-10-31,0.01823467168857
usa,momentum,monthly,ew,8,2012-11-30,0.00338465201759221
usa,momentum,monthly,ew,8,2012-12-31,-0.0142040015617418
usa,momentum,monthly,ew,8,2013-01-31,-0.0063268386841613
usa,momentum,monthly,ew,8,2013-02-28,0.0143899709862759
usa,momentum,monthly,ew,8,2013-03-31,0.0177267172456218
usa,momentum,monthly,ew,8,2013-04-30,0.0151240163359658
usa,momentum,monthly,ew,8,2013-05-31,-0.00592557033895142
usa,momentum,monthly,ew,8,2013-06-30,0.0211800987732914
usa,momentum,monthly,ew,8,2013-07-31,-0.00520850249313925
usa,momentum,monthly,ew,8,2013-08-31,-0.00694263848030199
usa,momentum,monthly,ew,8,2013-09-30,0.0118724128122678
usa,momentum,monthly,ew,8,2013-10-31,-0.0000285467586392469
usa,momentum,monthly,ew,8,2013-11-30,0.00710984741458124
usa,momentum,monthly,ew,8,2013-12-31,0.00721462968078928
usa,momentum,monthly,ew,8,2014-01-31,-0.0188770654611244
usa,momentum,monthly,ew,8,2014-02-28,0.00753243246425795
usa,momentum,monthly,ew,8,2014-03-31,-0.00587485086288839
usa,momentum,monthly,ew,8,2014-04-30,-0.0127431290082424
usa,momentum,monthly,ew,8,2014-05-31,-0.000237453702149437
usa,momentum,monthly,ew,8,2014-06-30,-0.0011752075874714
usa,momentum,monthly,ew,8,2014-07-31,0.000591670866938949
usa,momentum,monthly,ew,8,2014-08-31,0.0102168086733982
usa,momentum,monthly,ew,8,2014-09-30,0.0122072214310692
usa,momentum,monthly,ew,8,2014-10-31,-0.00166697420448494
usa,momentum,monthly,ew,8,2014-11-30,0.0295753506516782
usa,momentum,monthly,ew,8,2014-12-31,0.0168411009090475
usa,momentum,monthly,ew,8,2015-01-31,0.0186175001524575
usa,momentum,monthly,ew,8,2015-02-28,-0.0309856242426774
usa,momentum,monthly,ew,8,2015-03-31,0.0349401128527982
usa,momentum,monthly,ew,8,2015-04-30,-0.0593570963033462
usa,momentum,monthly,ew,8,2015-05-31,0.0331377680634428
usa,momentum,monthly,ew,8,2015-06-30,0.0190384461378891
usa,momentum,monthly,ew,8,2015-07-31,0.0499019146161117
usa,momentum,monthly,ew,8,2015-08-31,-0.0151945958860864
usa,momentum,monthly,ew,8,2015-09-30,0.0489299350881996
usa,momentum,monthly,ew,8,2015-10-31,-0.0172029155947866
usa,momentum,monthly,ew,8,2015-11-30,0.0202605936632286
usa,momentum,monthly,ew,8,2015-12-31,0.0223595492191508
usa,momentum,monthly,ew,8,2016-01-31,0.0273154987566588
usa,momentum,monthly,ew,8,2016-02-29,-0.020944660627549
usa,momentum,monthly,ew,8,2016-03-31,-0.0539188549000572
usa,momentum,monthly,ew,8,2016-04-30,-0.0384166540738053
usa,momentum,monthly,ew,8,2016-05-31,0.0135185745142165
usa,momentum,monthly,ew,8,2016-06-30,0.0271849374995369
usa,momentum,monthly,ew,8,2016-07-31,-0.0206659040014449
usa,momentum,monthly,ew,8,2016-08-31,-0.0197553782672544
usa,momentum,monthly,ew,8,2016-09-30,-0.00281037688489404
usa,momentum,monthly,ew,8,2016-10-31,0.0133534279470269
usa,momentum,monthly,ew,8,2016-11-30,0.0146437973345169
usa,momentum,monthly,ew,8,2016-12-31,0.00526788432132342
usa,momentum,monthly,ew,8,2017-01-31,-0.0117099163198794
usa,momentum,monthly,ew,8,2017-02-28,-0.00368600226364618
usa,momentum,monthly,ew,8,2017-03-31,0.000554310800158726
usa,momentum,monthly,ew,8,2017-04-30,0.0170012498776197
usa,momentum,monthly,ew,8,2017-05-31,0.0225817752127192
usa,momentum,monthly,ew,8,2017-06-30,-0.0184234053852472
usa,momentum,monthly,ew,8,2017-07-31,0.0187838114009283
usa,momentum,monthly,ew,8,2017-08-31,0.0276230525959447
usa,momentum,monthly,ew,8,2017-09-30,-0.0190837890303038
usa,momentum,monthly,ew,8,2017-10-31,0.031132295563306
usa,momentum,monthly,ew,8,2017-11-30,-0.00537869726661916
usa,momentum,monthly,ew,8,2017-12-31,-0.0030972485342239
usa,momentum,monthly,ew,8,2018-01-31,0.00411694785954451
usa,momentum,monthly,ew,8,2018-02-28,0.00888725840027121
usa,momentum,monthly,ew,8,2018-03-31,-0.00567453520872269
usa,momentum,monthly,ew,8,2018-04-30,0.00125956261325475
usa,momentum,monthly,ew,8,2018-05-31,0.0170333934537879
usa,momentum,monthly,ew,8,2018-06-30,0.00225913255693735
usa,momentum,monthly,ew,8,2018-07-31,0.00840029468134822
usa,momentum,monthly,ew,8,2018-08-31,0.0374239956106627
usa,momentum,monthly,ew,8,2018-09-30,0.00378714211367249
usa,momentum,monthly,ew,8,2018-10-31,-0.00176913495731202
usa,momentum,monthly,ew,8,2018-11-30,0.00842346297759241
usa,momentum,monthly,ew,8,2018-12-31,0.0418977927080149
usa,momentum,monthly,ew,8,2019-01-31,-0.0810725499005049
usa,momentum,monthly,ew,8,2019-02-28,-0.00901835187592056
usa,momentum,monthly,ew,8,2019-03-31,0.00749834089548298
usa,momentum,monthly,ew,8,2019-04-30,-0.00262414956088589
usa,momentum,monthly,ew,8,2019-05-31,0.0445704239129898
usa,momentum,monthly,ew,8,2019-06-30,0.00943069894310473
usa,momentum,monthly,ew,8,2019-07-31,0.0223501110157973
usa,momentum,monthly,ew,8,2019-08-31,0.0448844844603953
usa,momentum,monthly,ew,8,2019-09-30,-0.0396468959817379
usa,momentum,monthly,ew,8,2019-10-31,0.0185534127134233
usa,momentum,monthly,ew,8,2019-11-30,-0.000799918407465232
usa,momentum,monthly,ew,8,2019-12-31,-0.0279989226636848
usa,momentum,monthly,ew,8,2020-01-31,-0.00792342786372
usa,momentum,monthly,ew,8,2020-02-29,0.000208843988676392
usa,momentum,monthly,ew,8,2020-03-31,0.0225456681284594
usa,momentum,monthly,ew,8,2020-04-30,-0.0681889446048288
usa,momentum,monthly,ew,8,2020-05-31,0.0068294264516031
usa,momentum,monthly,ew,8,2020-06-30,-0.0231310154028319
usa,momentum,monthly,ew,8,2020-07-31,0.0619056088394499
usa,momentum,monthly,ew,8,2020-08-31,-0.0214989668447538
usa,momentum,monthly,ew,8,2020-09-30,0.0240069850665635
usa,momentum,monthly,ew,8,2020-10-31,-0.0293908823290261
usa,momentum,monthly,ew,8,2020-11-30,-0.0443486298328948
usa,momentum,monthly,ew,8,2020-12-31,-0.00676984243021557
usa,momentum,monthly,ew,8,2021-01-31,0.0175785433204954
usa,momentum,monthly,ew,8,2021-02-28,0.011366302174388
usa,momentum,monthly,ew,8,2021-03-31,-0.00591098125257256
usa,momentum,monthly,ew,8,2021-04-30,0.0103769200351738
usa,momentum,monthly,ew,8,2021-05-31,0.0267927157101444
usa,momentum,monthly,ew,8,2021-06-30,-0.0110672886511212
usa,momentum,monthly,ew,8,2021-07-31,0.00769659942537879
usa,momentum,monthly,ew,8,2021-08-31,0.0105781599193198
usa,momentum,monthly,ew,8,2021-09-30,0.0132126801098065
usa,momentum,monthly,ew,8,2021-10-31,0.0228569347509783
usa,momentum,monthly,ew,8,2021-11-30,0.0290769062027752
usa,momentum,monthly,ew,8,2021-12-31,0.0294090493838281
usa,momentum,monthly,ew,8,2022-01-31,0.0193161614278156
usa,momentum,monthly,ew,8,2022-02-28,0.0232241866356134
usa,momentum,monthly,ew,8,2022-03-31,0.00521535753582465
usa,momentum,monthly,ew,8,2022-04-30,0.0859362222108882
usa,momentum,monthly,ew,8,2022-05-31,0.0406324132814837
usa,momentum,monthly,ew,8,2022-06-30,0.000353829920342467
usa,momentum,monthly,ew,8,2022-07-31,-0.0224598577528527
usa,momentum,monthly,ew,8,2022-08-31,-0.00301985773747909
usa,momentum,monthly,ew,8,2022-09-30,0.06212997167737
usa,momentum,monthly,ew,8,2022-10-31,0.0336471799326443
usa,momentum,monthly,ew,8,2022-11-30,0.0200009845937643
usa,momentum,monthly,ew,8,2022-12-31,0.0379228705937784
usa,momentum,monthly,ew,8,2023-01-31,-0.151028487225972
usa,momentum,monthly,ew,8,2023-02-28,0.0483419891754235
usa,momentum,monthly,ew,8,2023-03-31,0.0541848466226998
usa,momentum,monthly,ew,8,2023-04-30,0.00945143409023455
usa,momentum,monthly,ew,8,2023-05-31,-0.000168964742443655
usa,momentum,monthly,ew,8,2023-06-30,0.0128193395965141
usa,momentum,monthly,ew,8,2023-07-31,-0.0334681289975323
usa,momentum,monthly,ew,8,2023-08-31,0.0377631596414697
usa,momentum,monthly,ew,8,2023-09-30,0.0193254825167448
usa,momentum,monthly,ew,8,2023-10-31,0.0236813592876442
usa,momentum,monthly,ew,8,2023-11-30,0.00522304452195413
usa,momentum,monthly,ew,8,2023-12-31,-0.0397645754492409
usa,momentum,monthly,ew,8,2024-01-31,0.0337558981768049
usa,momentum,monthly,ew,8,2024-02-29,0.011732006080539
usa,momentum,monthly,ew,8,2024-03-31,0.0106506403559124
usa,momentum,monthly,ew,8,2024-04-30,-0.00186427026427
usa,momentum,monthly,ew,8,2024-05-31,-0.0197369984411722
usa,momentum,monthly,ew,8,2024-06-30,0.00993157343798926
usa,momentum,monthly,ew,8,2024-07-31,0.000158398580868937
usa,momentum,monthly,ew,8,2024-08-31,0.0501030168210436
usa,momentum,monthly,ew,8,2024-09-30,0.00945923072564718
usa,momentum,monthly,ew,8,2024-10-31,0.00320059969126637
usa,momentum,monthly,ew,8,2024-11-30,0.0233739210157368
usa,momentum,monthly,ew,8,2024-12-31,-0.0575359739909728
usa,profit_growth,monthly,ew,2,1927-01-31,0.0034146462441089
usa,profit_growth,monthly,ew,2,1927-02-28,-0.0194539162729251
usa,profit_growth,monthly,ew,2,1927-03-31,0.0248719420038864
usa,profit_growth,monthly,ew,2,1927-04-30,0.00108490679104523
usa,profit_growth,monthly,ew,2,1927-05-31,0.0161691506638833
usa,profit_growth,monthly,ew,2,1927-06-30,-0.0200944198757524
usa,profit_growth,monthly,ew,2,1927-07-31,0.0186725831458915
usa,profit_growth,monthly,ew,2,1927-08-31,-0.00626653070721573
usa,profit_growth,monthly,ew,2,1927-09-30,-0.000161049417765624
usa,profit_growth,monthly,ew,2,1927-10-31,0.0120542806359235
usa,profit_growth,monthly,ew,2,1927-11-30,-0.0658515917430565
usa,profit_growth,monthly,ew,2,1927-12-31,-0.0109907243391743
usa,profit_growth,monthly,ew,2,1928-01-31,-0.00962599041313904
usa,profit_growth,monthly,ew,2,1928-02-29,-0.0248840399333568
usa,profit_growth,monthly,ew,2,1928-03-31,-0.00305960840999219
usa,profit_growth,monthly,ew,2,1928-04-30,-0.0502069845579527
usa,profit_growth,monthly,ew,2,1928-05-31,-0.0351656184743667
usa,profit_growth,monthly,ew,2,1928-06-30,0.0225834975182326
usa,profit_growth,monthly,ew,2,1928-07-31,0.0158929116406055
usa,profit_growth,monthly,ew,2,1928-08-31,0.0266203448272203
usa,profit_growth,monthly,ew,2,1928-09-30,-0.0233914342354269
usa,profit_growth,monthly,ew,2,1928-10-31,0.024580349593984
usa,profit_growth,monthly,ew,2,1928-11-30,0.0346297182837207
usa,profit_growth,monthly,ew,2,1928-12-31,0.0159361416109683
usa,profit_growth,monthly,ew,2,1929-01-31,0.018943906204136
usa,profit_growth,monthly,ew,2,1929-02-28,-0.00217605531274753
usa,profit_growth,monthly,ew,2,1929-03-31,0.00583296740469246
usa,profit_growth,monthly,ew,2,1929-04-30,0.00876937299032968
usa,profit_growth,monthly,ew,2,1929-05-31,-0.0142414454609852
usa,profit_growth,monthly,ew,2,1929-06-30,0.0223040870380849
usa,profit_growth,monthly,ew,2,1929-07-31,-0.0110263121638033
usa,profit_growth,monthly,ew,2,1929-08-31,0.026756206639492
usa,profit_growth,monthly,ew,2,1929-09-30,0.00625971442435806
usa,profit_growth,monthly,ew,2,1929-10-31,-0.0284017784944242
usa,profit_growth,monthly,ew,2,1929-11-30,-0.0378679807581269
usa,profit_growth,monthly,ew,2,1929-12-31,0.0495473773925008
usa,profit_growth,monthly,ew,2,1930-01-31,-0.0418984168071669
usa,profit_growth,monthly,ew,2,1930-02-28,0.0211735800346263
usa,profit_growth,monthly,ew,2,1930-03-31,-0.0289978961818261
usa,profit_growth,monthly,ew,2,1930-04-30,0.0371294866813516
usa,profit_growth,monthly,ew,2,1930-05-31,0.0243609115350735
usa,profit_growth,monthly,ew,2,1930-06-30,0.021866501855001
usa,profit_growth,monthly,ew,2,1930-07-31,-0.0127087810188421
usa,profit_growth,monthly,ew,2,1930-08-31,0.0149386589356731
usa,profit_growth,monthly,ew,2,1930-09-30,0.070435316606708
usa,profit_growth,monthly,ew,2,1930-10-31,0.0397066936930623
usa,profit_growth,monthly,ew,2,1930-11-30,-0.0191343609814474
usa,profit_growth,monthly,ew,2,1930-12-31,0.0661483972557562
usa,profit_growth,monthly,ew,2,1931-01-31,0.0244480929994786
usa,profit_growth,monthly,ew,2,1931-02-28,-0.0225166678162465
usa,profit_growth,monthly,ew,2,1931-03-31,0.00501938402279654
usa,profit_growth,monthly,ew,2,1931-04-30,0.0536825213512541
usa,profit_growth,monthly,ew,2,1931-05-31,0.0480523380034667
usa,profit_growth,monthly,ew,2,1931-06-30,-0.111568393826627
usa,profit_growth,monthly,ew,2,1931-07-31,0.0145817328027458
usa,profit_growth,monthly,ew,2,1931-08-31,0.0115323798838914
usa,profit_growth,monthly,ew,2,1931-09-30,0.0980728232610223
usa,profit_growth,monthly,ew,2,1931-10-31,0.0287828144037425
usa,profit_growth,monthly,ew,2,1931-11-30,0.0278770592728876
usa,profit_growth,monthly,ew,2,1931-12-31,0.0865859483644694
usa,profit_growth,monthly,ew,2,1932-01-31,0.0177176953101755
usa,profit_growth,monthly,ew,2,1932-02-29,0.0242838764459852
usa,profit_growth,monthly,ew,2,1932-03-31,0.0450656907897132
usa,profit_growth,monthly,ew,2,1932-04-30,0.076172606300318
usa,profit_growth,monthly,ew,2,1932-05-31,0.0622921498008041
usa,profit_growth,monthly,ew,2,1932-06-30,0.0638212497685123
usa,profit_growth,monthly,ew,2,1932-07-31,-0.291500265282786
usa,profit_growth,monthly,ew,2,1932-08-31,-0.426452483942574
usa,profit_growth,monthly,ew,2,1932-09-30,0.0529052078845428
usa,profit_growth,monthly,ew,2,1932-10-31,0.0250961461816045
usa,profit_growth,monthly,ew,2,1932-11-30,0.0565867977902504
usa,profit_growth,monthly,ew,2,1932-12-31,0.0811401421862428
usa,profit_growth,monthly,ew,2,1933-01-31,-0.0106399053366671
usa,profit_growth,monthly,ew,2,1933-02-28,0.0491487508301349
usa,profit_growth,monthly,ew,2,1933-03-31,-0.00569160290594755
usa,profit_growth,monthly,ew,2,1933-04-30,0.0487582915575996
usa,profit_growth,monthly,ew,2,1933-05-31,0.157043920275741
usa,profit_growth,monthly,ew,2,1933-06-30,0.00446695395657029
usa,profit_growth,monthly,ew,2,1933-07-31,-0.00701554706831333
usa,profit_growth,monthly,ew,2,1933-08-31,0.00512607909962841
usa,profit_growth,monthly,ew,2,1933-09-30,0.0795854668099232
usa,profit_growth,monthly,ew,2,1933-10-31,0.0444578256126732
usa,profit_growth,monthly,ew,2,1933-11-30,0.00109319487874284
usa,profit_growth,monthly,ew,2,1933-12-31,0.0333725451553387
usa,profit_growth,monthly,ew,2,1934-01-31,0.0553757760572668
usa,profit_growth,monthly,ew,2,1934-02-28,0.0185803805341914
usa,profit_growth,monthly,ew,2,1934-03-31,0.00328752855568703
usa,profit_growth,monthly,ew,2,1934-04-30,-0.0384533856877162
usa,profit_growth,monthly,ew,2,1934-05-31,-0.0446866645276574
usa,profit_growth,monthly,ew,2,1934-06-30,0.0015360302893935
usa,profit_growth,monthly,ew,2,1934-07-31,0.0681841839026189
usa,profit_growth,monthly,ew,2,1934-08-31,-0.000125328146842428
usa,profit_growth,monthly,ew,2,1934-09-30,0.0023423793031189
usa,profit_growth,monthly,ew,2,1934-10-31,0.0401036351572337
usa,profit_growth,monthly,ew,2,1934-11-30,0.078753548470355
usa,profit_growth,monthly,ew,2,1934-12-31,0.0181274103033805
usa,profit_growth,monthly,ew,2,1935-01-31,0.00230464510575021
usa,profit_growth,monthly,ew,2,1935-02-28,0.0774989362534074
usa,profit_growth,monthly,ew,2,1935-03-31,0.043169003815938
usa,profit_growth,monthly,ew,2,1935-04-30,-0.0310801132455968
usa,profit_growth,monthly,ew,2,1935-05-31,-0.0113428693882037
usa,profit_growth,monthly,ew,2,1935-06-30,0.040096039441849
usa,profit_growth,monthly,ew,2,1935-07-31,-0.0503260509244143
usa,profit_growth,monthly,ew,2,1935-08-31,-0.0182194840719102
usa,profit_growth,monthly,ew,2,1935-09-30,0.0330083374822722
usa,profit_growth,monthly,ew,2,1935-10-31,-0.00397712858645749
usa,profit_growth,monthly,ew,2,1935-11-30,-0.0886138087345059
usa,profit_growth,monthly,ew,2,1935-12-31,0.0233729129859904
usa,profit_growth,monthly,ew,2,1936-01-31,-0.033930613741384
usa,profit_growth,monthly,ew,2,1936-02-29,-0.0222956518198427
usa,profit_growth,monthly,ew,2,1936-03-31,0.0260154028574364
usa,profit_growth,monthly,ew,2,1936-04-30,-0.0441571530612579
usa,profit_growth,monthly,ew,2,1936-05-31,0.0228128472126818
usa,profit_growth,monthly,ew,2,1936-06-30,0.00527195951550124
usa,profit_growth,monthly,ew,2,1936-07-31,0.0586352389244429
usa,profit_growth,monthly,ew,2,1936-08-31,0.00757478855662978
usa,profit_growth,monthly,ew,2,1936-09-30,0.00587222044513302
usa,profit_growth,monthly,ew,2,1936-10-31,0.0194348173875294
usa,profit_growth,monthly,ew,2,1936-11-30,0.0395268335059013
usa,profit_growth,monthly,ew,2,1936-12-31,0.0341071367022294
usa,profit_growth,monthly,ew,2,1937-01-31,0.0353909751416989
usa,profit_growth,monthly,ew,2,1937-02-28,0.00935051793396102
usa,profit_growth,monthly,ew,2,1937-03-31,-0.017129704435223
usa,profit_growth,monthly,ew,2,1937-04-30,0.0455990931695718
usa,profit_growth,monthly,ew,2,1937-05-31,0.000354327566225394
usa,profit_growth,monthly,ew,2,1937-06-30,0.0168868486981267
usa,profit_growth,monthly,ew,2,1937-07-31,0.00834420659504552
usa,profit_growth,monthly,ew,2,1937-08-31,-0.00876647132969756
usa,profit_growth,monthly,ew,2,1937-09-30,-0.055695651363291
usa,profit_growth,monthly,ew,2,1937-10-31,-0.0208631382819881
usa,profit_growth,monthly,ew,2,1937-11-30,-0.0131768561980297
usa,profit_growth,monthly,ew,2,1937-12-31,0.00205179266854172
usa,profit_growth,monthly,ew,2,1938-01-31,-0.00964466981318676
usa,profit_growth,monthly,ew,2,1938-02-28,0.0102827169113596
usa,profit_growth,monthly,ew,2,1938-03-31,0.00516564237502043
usa,profit_growth,monthly,ew,2,1938-04-30,-0.101045374147714
usa,profit_growth,monthly,ew,2,1938-05-31,0.0374825266483508
usa,profit_growth,monthly,ew,2,1938-06-30,-0.13687846428374
usa,profit_growth,monthly,ew,2,1938-07-31,-0.0399307881241997
usa,profit_growth,monthly,ew,2,1938-08-31,0.0448393339723333
usa,profit_growth,monthly,ew,2,1938-09-30,0.0149505192181572
usa,profit_growth,monthly,ew,2,1938-10-31,-0.0384915757402022
usa,profit_growth,monthly,ew,2,1938-11-30,0.0432883090880994
usa,profit_growth,monthly,ew,2,1938-12-31,0.0200273487881374
usa,profit_growth,monthly,ew,2,1939-01-31,0.0315977878306917
usa,profit_growth,monthly,ew,2,1939-02-28,0.0135594866697074
usa,profit_growth,monthly,ew,2,1939-03-31,0.0690378575388668
usa,profit_growth,monthly,ew,2,1939-04-30,0.0251653441152372
usa,profit_growth,monthly,ew,2,1939-05-31,0.0141828457103719
usa,profit_growth,monthly,ew,2,1939-06-30,-0.0734939432875994
usa,profit_growth,monthly,ew,2,1939-07-31,0.0495249490492917
usa,profit_growth,monthly,ew,2,1939-08-31,0.00386831241539915
usa,profit_growth,monthly,ew,2,1939-09-30,-0.198198542211408
usa,profit_growth,monthly,ew,2,1939-10-31,0.0157929614629438
usa,profit_growth,monthly,ew,2,1939-11-30,0.083589389500988
usa,profit_growth,monthly,ew,2,1939-12-31,0.0236681896797775
usa,profit_growth,monthly,ew,2,1940-01-31,0.0477950897912433
usa,profit_growth,monthly,ew,2,1940-02-29,0.00746397145218212
usa,profit_growth,monthly,ew,2,1940-03-31,-0.00322365028856375
usa,profit_growth,monthly,ew,2,1940-04-30,-0.00948532069630125
usa,profit_growth,monthly,ew,2,1940-05-31,-0.0368662798756517
usa,profit_growth,monthly,ew,2,1940-06-30,-0.00575550658105843
usa,profit_growth,monthly,ew,2,1940-07-31,0.013731931930995
usa,profit_growth,monthly,ew,2,1940-08-31,-0.00720877717446202
usa,profit_growth,monthly,ew,2,1940-09-30,0.0139159109481045
usa,profit_growth,monthly,ew,2,1940-10-31,-0.0328943229926921
usa,profit_growth,monthly,ew,2,1940-11-30,0.0211728978747409
usa,profit_growth,monthly,ew,2,1940-12-31,0.0366769438035004
usa,profit_growth,monthly,ew,2,1941-01-31,-0.00596601331580481
usa,profit_growth,monthly,ew,2,1941-02-28,0.00344175572367848
usa,profit_growth,monthly,ew,2,1941-03-31,-0.0186646929027293
usa,profit_growth,monthly,ew,2,1941-04-30,0.0193444064752317
usa,profit_growth,monthly,ew,2,1941-05-31,-0.000503077295617386
usa,profit_growth,monthly,ew,2,1941-06-30,0.0114403427702107
usa,profit_growth,monthly,ew,2,1941-07-31,-0.03157080687324
usa,profit_growth,monthly,ew,2,1941-08-31,0.000975337646980505
usa,profit_growth,monthly,ew,2,1941-09-30,-0.0116744020343107
usa,profit_growth,monthly,ew,2,1941-10-31,0.0207969250804293
usa,profit_growth,monthly,ew,2,1941-11-30,0.0358830657685577
usa,profit_growth,monthly,ew,2,1941-12-31,0.0334150309971413
usa,profit_growth,monthly,ew,2,1942-01-31,0.0586124278913593
usa,profit_growth,monthly,ew,2,1942-02-28,0.00788370954617054
usa,profit_growth,monthly,ew,2,1942-03-31,-0.000931255099697229
usa,profit_growth,monthly,ew,2,1942-04-30,0.00737111225917679
usa,profit_growth,monthly,ew,2,1942-05-31,-0.0131278017339405
usa,profit_growth,monthly,ew,2,1942-06-30,-0.0019132176220007
usa,profit_growth,monthly,ew,2,1942-07-31,0.0187218904374674
usa,profit_growth,monthly,ew,2,1942-08-31,0.000431740489318853
usa,profit_growth,monthly,ew,2,1942-09-30,-0.00883966075983656
usa,profit_growth,monthly,ew,2,1942-10-31,-0.056124804658191
usa,profit_growth,monthly,ew,2,1942-11-30,-0.0211470535075165
usa,profit_growth,monthly,ew,2,1942-12-31,0.00407844066132829
usa,profit_growth,monthly,ew,2,1943-01-31,0.127354264606811
usa,profit_growth,monthly,ew,2,1943-02-28,-0.0313825553593765
usa,profit_growth,monthly,ew,2,1943-03-31,-0.00822117455172805
usa,profit_growth,monthly,ew,2,1943-04-30,0.012034184740146
usa,profit_growth,monthly,ew,2,1943-05-31,-0.0131364556503277
usa,profit_growth,monthly,ew,2,1943-06-30,-0.0162320700560278
usa,profit_growth,monthly,ew,2,1943-07-31,-0.00531151597504058
usa,profit_growth,monthly,ew,2,1943-08-31,0.0155976681998967
usa,profit_growth,monthly,ew,2,1943-09-30,0.00474828343556794
usa,profit_growth,monthly,ew,2,1943-10-31,-0.0133648254102414
usa,profit_growth,monthly,ew,2,1943-11-30,0.00428497466002822
usa,profit_growth,monthly,ew,2,1943-12-31,0.0239194171240762
usa,profit_growth,monthly,ew,2,1944-01-31,0.0409282616455444
usa,profit_growth,monthly,ew,2,1944-02-29,0.0106305696372555
usa,profit_growth,monthly,ew,2,1944-03-31,0.0278950443045783
usa,profit_growth,monthly,ew,2,1944-04-30,0.00432636491320978
usa,profit_growth,monthly,ew,2,1944-05-31,0.0141205898479344
usa,profit_growth,monthly,ew,2,1944-06-30,-0.0597377560134834
usa,profit_growth,monthly,ew,2,1944-07-31,0.0221305725754968
usa,profit_growth,monthly,ew,2,1944-08-31,0.00695053670793159
usa,profit_growth,monthly,ew,2,1944-09-30,-0.00220536535388663
usa,profit_growth,monthly,ew,2,1944-10-31,0.0086644384956126
usa,profit_growth,monthly,ew,2,1944-11-30,0.00639727928395493
usa,profit_growth,monthly,ew,2,1944-12-31,0.0360720893704392
usa,profit_growth,monthly,ew,2,1945-01-31,0.0149768316322041
usa,profit_growth,monthly,ew,2,1945-02-28,0.0230237714926863
usa,profit_growth,monthly,ew,2,1945-03-31,-0.01234891843424
usa,profit_growth,monthly,ew,2,1945-04-30,0.0000214974136965029
usa,profit_growth,monthly,ew,2,1945-05-31,0.0106559556325634
usa,profit_growth,monthly,ew,2,1945-06-30,0.0309193886983631
usa,profit_growth,monthly,ew,2,1945-07-31,0.0107989341823892
usa,profit_growth,monthly,ew,2,1945-08-31,0.00821426478451603
usa,profit_growth,monthly,ew,2,1945-09-30,0.00540628783548782
usa,profit_growth,monthly,ew,2,1945-10-31,0.0147022141678066
usa,profit_growth,monthly,ew,2,1945-11-30,0.026989085293773
usa,profit_growth,monthly,ew,2,1945-12-31,0.000170177555156898
usa,profit_growth,monthly,ew,2,1946-01-31,0.0115566430089547
usa,profit_growth,monthly,ew,2,1946-02-28,-0.029237754704493
usa,profit_growth,monthly,ew,2,1946-03-31,0.0217021153541648
usa,profit_growth,monthly,ew,2,1946-04-30,-0.00398107505415441
usa,profit_growth,monthly,ew,2,1946-05-31,-0.0166293475402763
usa,profit_growth,monthly,ew,2,1946-06-30,-0.00229358970557878
usa,profit_growth,monthly,ew,2,1946-07-31,0.0119103902722548
usa,profit_growth,monthly,ew,2,1946-08-31,-0.0128363304697822
usa,profit_growth,monthly,ew,2,1946-09-30,-0.0150551410160124
usa,profit_growth,monthly,ew,2,1946-10-31,-0.00572893799072529
usa,profit_growth,monthly,ew,2,1946-11-30,-0.00611213674099725
usa,profit_growth,monthly,ew,2,1946-12-31,0.00722617970201135
usa,profit_growth,monthly,ew,2,1947-01-31,-0.00887711251445973
usa,profit_growth,monthly,ew,2,1947-02-28,0.002354241740445
usa,profit_growth,monthly,ew,2,1947-03-31,0.0151635934938288
usa,profit_growth,monthly,ew,2,1947-04-30,0.0214825536184323
usa,profit_growth,monthly,ew,2,1947-05-31,0.00893052145331393
usa,profit_growth,monthly,ew,2,1947-06-30,-0.0112346063291044
usa,profit_growth,monthly,ew,2,1947-07-31,-0.0237601490027254
usa,profit_growth,monthly,ew,2,1947-08-31,0.0168562602588035
usa,profit_growth,monthly,ew,2,1947-09-30,-0.0095157519334225
usa,profit_growth,monthly,ew,2,1947-10-31,0.0042734992602974
usa,profit_growth,monthly,ew,2,1947-11-30,0.0232957177165728
usa,profit_growth,monthly,ew,2,1947-12-31,0.0251425800757259
usa,profit_growth,monthly,ew,2,1948-01-31,-0.0000573236529697891
usa,profit_growth,monthly,ew,2,1948-02-29,0.0179117691675437
usa,profit_growth,monthly,ew,2,1948-03-31,-0.00816213757675596
usa,profit_growth,monthly,ew,2,1948-04-30,0.00538467560562358
usa,profit_growth,monthly,ew,2,1948-05-31,-0.00253742700611877
usa,profit_growth,monthly,ew,2,1948-06-30,0.0178721510865001
usa,profit_growth,monthly,ew,2,1948-07-31,-0.00189505449014491
usa,profit_growth,monthly,ew,2,1948-08-31,0.0052894635733111
usa,profit_growth,monthly,ew,2,1948-09-30,0.00248505392325975
usa,profit_growth,monthly,ew,2,1948-10-31,0.00809892703026905
usa,profit_growth,monthly,ew,2,1948-11-30,0.0188460193951171
usa,profit_growth,monthly,ew,2,1948-12-31,0.0316622634530821
usa,profit_growth,monthly,ew,2,1949-01-31,-0.00768005997189363
usa,profit_growth,monthly,ew,2,1949-02-28,-0.00113958800315629
usa,profit_growth,monthly,ew,2,1949-03-31,0.0172173158606219
usa,profit_growth,monthly,ew,2,1949-04-30,0.00174089399085775
usa,profit_growth,monthly,ew,2,1949-05-31,0.00539643172472799
usa,profit_growth,monthly,ew,2,1949-06-30,-0.0134404341620735
usa,profit_growth,monthly,ew,2,1949-07-31,-0.00490849921466834
usa,profit_growth,monthly,ew,2,1949-08-31,0.0014788868656682
usa,profit_growth,monthly,ew,2,1949-09-30,-0.00906889594848752
usa,profit_growth,monthly,ew,2,1949-10-31,-0.000693643208883862
usa,profit_growth,monthly,ew,2,1949-11-30,0.0162345995886144
usa,profit_growth,monthly,ew,2,1949-12-31,-0.00598487786499367
usa,profit_growth,monthly,ew,2,1950-01-31,-0.00689795123659603
usa,profit_growth,monthly,ew,2,1950-02-28,0.00314333386739504
usa,profit_growth,monthly,ew,2,1950-03-31,0.00567188034132061
usa,profit_growth,monthly,ew,2,1950-04-30,-0.0525991621712278
usa,profit_growth,monthly,ew,2,1950-05-31,0.00468700972801611
usa,profit_growth,monthly,ew,2,1950-06-30,0.000150853845128952
usa,profit_growth,monthly,ew,2,1950-07-31,-0.0286221981622359
usa,profit_growth,monthly,ew,2,1950-08-31,0.0174835354287382
usa,profit_growth,monthly,ew,2,1950-09-30,0.0161007654621079
usa,profit_growth,monthly,ew,2,1950-10-31,0.0032066399070041
usa,profit_growth,monthly,ew,2,1950-11-30,0.00524935788378541
usa,profit_growth,monthly,ew,2,1950-12-31,0.0375232433724439
usa,profit_growth,monthly,ew,2,1951-01-31,0.0115642775897566
usa,profit_growth,monthly,ew,2,1951-02-28,0.00484722145131249
usa,profit_growth,monthly,ew,2,1951-03-31,-0.00681680273350766
usa,profit_growth,monthly,ew,2,1951-04-30,0.039401718851459
usa,profit_growth,monthly,ew,2,1951-05-31,0.00151354005470238
usa,profit_growth,monthly,ew,2,1951-06-30,-0.00360181988999224
usa,profit_growth,monthly,ew,2,1951-07-31,0.0498143747468346
usa,profit_growth,monthly,ew,2,1951-08-31,0.0155747323749272
usa,profit_growth,monthly,ew,2,1951-09-30,0.0152900467908053
usa,profit_growth,monthly,ew,2,1951-10-31,-0.00526167448379156
usa,profit_growth,monthly,ew,5,1951-11-30,-0.00907815994940039
usa,profit_growth,monthly,ew,5,1951-12-31,0.00848074709625925
usa,profit_growth,monthly,ew,5,1952-01-31,0.0202614616928699
usa,profit_growth,monthly,ew,5,1952-02-29,0.00790751414517823
usa,profit_growth,monthly,ew,5,1952-03-31,-0.00199703658130876
usa,profit_growth,monthly,ew,5,1952-04-30,-0.00485922971990127
usa,profit_growth,monthly,ew,5,1952-05-31,-0.00346776141139836
usa,profit_growth,monthly,ew,5,1952-06-30,-0.00130890512944075
usa,profit_growth,monthly,ew,5,1952-07-31,0.00261554133501203
usa,profit_growth,monthly,ew,5,1952-08-31,-0.00489922958981616
usa,profit_growth,monthly,ew,5,1952-09-30,-0.000652774113681754
usa,profit_growth,monthly,ew,5,1952-10-31,0.00321991836571341
usa,profit_growth,monthly,ew,8,1952-11-30,0.0101595124375089
usa,profit_growth,monthly,ew,8,1952-12-31,-0.00935182123891758
usa,profit_growth,monthly,ew,8,1953-01-31,-0.00598582732294895
usa,profit_growth,monthly,ew,8,1953-02-28,0.00390761295049234
usa,profit_growth,monthly,ew,8,1953-03-31,-0.00480007986348762
usa,profit_growth,monthly,ew,8,1953-04-30,-0.000625849716580967
usa,profit_growth,monthly,ew,8,1953-05-31,0.00689463536358957
usa,profit_growth,monthly,ew,8,1953-06-30,0.00369794631372506
usa,profit_growth,monthly,ew,8,1953-07-31,-0.00323229742183743
usa,profit_growth,monthly,ew,8,1953-08-31,0.0113628711517909
usa,profit_growth,monthly,ew,8,1953-09-30,0.00585954100141157
usa,profit_growth,monthly,ew,8,1953-10-31,-0.000993250280605127
usa,profit_growth,monthly,ew,8,1953-11-30,0.00360802635185136
usa,profit_growth,monthly,ew,8,1953-12-31,0.00956603375150541
usa,profit_growth,monthly,ew,8,1954-01-31,-0.0112231991644893
usa,profit_growth,monthly,ew,8,1954-02-28,0.00544762892356015
usa,profit_growth,monthly,ew,8,1954-03-31,0.00268185460802061
usa,profit_growth,monthly,ew,8,1954-04-30,0.00388193672424115
usa,profit_growth,monthly,ew,8,1954-05-31,-0.00507805160080766
usa,profit_growth,monthly,ew,8,1954-06-30,0.0050145811068744
usa,profit_growth,monthly,ew,8,1954-07-31,0.011853717946479
usa,profit_growth,monthly,ew,8,1954-08-31,0.00101867708767044
usa,profit_growth,monthly,ew,8,1954-09-30,-0.00161962415033299
usa,profit_growth,monthly,ew,8,1954-10-31,0.00664170133458813
usa,profit_growth,monthly,ew,8,1954-11-30,0.00958741775599234
usa,profit_growth,monthly,ew,8,1954-12-31,-0.0163715857783225
usa,profit_growth,monthly,ew,8,1955-01-31,0.00796923755881522
usa,profit_growth,monthly,ew,8,1955-02-28,-0.000204386464739669
usa,profit_growth,monthly,ew,8,1955-03-31,0.00457655312094046
usa,profit_growth,monthly,ew,8,1955-04-30,0.0000279887586571775
usa,profit_growth,monthly,ew,8,1955-05-31,0.00439318826945791
usa,profit_growth,monthly,ew,8,1955-06-30,-0.00299690635014237
usa,profit_growth,monthly,ew,8,1955-07-31,-0.00449638347852318
usa,profit_growth,monthly,ew,8,1955-08-31,0.00126286253179009
usa,profit_growth,monthly,ew,8,1955-09-30,-0.00479823451011308
usa,profit_growth,monthly,ew,8,1955-10-31,-0.0054754545690489
usa,profit_growth,monthly,ew,8,1955-11-30,0.00770588895454304
usa,profit_growth,monthly,ew,8,1955-12-31,0.0024238952515356
usa,profit_growth,monthly,ew,8,1956-01-31,0.000575148490669933
usa,profit_growth,monthly,ew,8,1956-02-29,0.0030823374890857
usa,profit_growth,monthly,ew,8,1956-03-31,0.00411853107602117
usa,profit_growth,monthly,ew,8,1956-04-30,0.00380761606773202
usa,profit_growth,monthly,ew,8,1956-05-31,-0.00578319713771179
usa,profit_growth,monthly,ew,8,1956-06-30,0.0103754309039981
usa,profit_growth,monthly,ew,8,1956-07-31,0.0156483589401998
usa,profit_growth,monthly,ew,8,1956-08-31,-0.00111931226963194
usa,profit_growth,monthly,ew,8,1956-09-30,-0.00426544848524317
usa,profit_growth,monthly,ew,8,1956-10-31,0.00790006685319663
usa,profit_growth,monthly,ew,8,1956-11-30,0.00474205947661611
usa,profit_growth,monthly,ew,8,1956-12-31,0.0137542912562069
usa,profit_growth,monthly,ew,8,1957-01-31,-0.0188587769746971
usa,profit_growth,monthly,ew,8,1957-02-28,-0.000933856141091087
usa,profit_growth,monthly,ew,8,1957-03-31,0.00377423746860415
usa,profit_growth,monthly,ew,8,1957-04-30,-0.000418403712740459
usa,profit_growth,monthly,ew,8,1957-05-31,0.00140233012229777
usa,profit_growth,monthly,ew,8,1957-06-30,-0.000278642239526815
usa,profit_growth,monthly,ew,8,1957-07-31,-0.00251858950588654
usa,profit_growth,monthly,ew,8,1957-08-31,0.00459931995163907
usa,profit_growth,monthly,ew,8,1957-09-30,0.00243576058256531
usa,profit_growth,monthly,ew,8,1957-10-31,0.0000911036572957529
usa,profit_growth,monthly,ew,8,1957-11-30,0.00414982486055313
usa,profit_growth,monthly,ew,8,1957-12-31,0.0046359393882005
usa,profit_growth,monthly,ew,8,1958-01-31,-0.0029638412060675
usa,profit_growth,monthly,ew,8,1958-02-28,0.00192295558469071
usa,profit_growth,monthly,ew,8,1958-03-31,0.00389880789961564
usa,profit_growth,monthly,ew,8,1958-04-30,0.00224336132789477
usa,profit_growth,monthly,ew,8,1958-05-31,-0.00569202640952257
usa,profit_growth,monthly,ew,8,1958-06-30,-0.00203688664384737
usa,profit_growth,monthly,ew,8,1958-07-31,-0.018046420445979
usa,profit_growth,monthly,ew,8,1958-08-31,-0.0000263835913994971
usa,profit_growth,monthly,ew,8,1958-09-30,-0.00608545738009309
usa,profit_growth,monthly,ew,8,1958-10-31,0.00721581211165643
usa,profit_growth,monthly,ew,8,1958-11-30,0.00192788415471766
usa,profit_growth,monthly,ew,8,1958-12-31,0.0079964675735
usa,profit_growth,monthly,ew,8,1959-01-31,0.00324558762196602
usa,profit_growth,monthly,ew,8,1959-02-28,0.004877386981683
usa,profit_growth,monthly,ew,8,1959-03-31,0.0117199965684913
usa,profit_growth,monthly,ew,8,1959-04-30,0.00268260064958967
usa,profit_growth,monthly,ew,8,1959-05-31,-0.000715602176569791
usa,profit_growth,monthly,ew,8,1959-06-30,-0.00158549270456519
usa,profit_growth,monthly,ew,8,1959-07-31,0.00595890841380739
usa,profit_growth,monthly,ew,8,1959-08-31,-0.00321011139973793
usa,profit_growth,monthly,ew,8,1959-09-30,0.00560543545872749
usa,profit_growth,monthly,ew,8,1959-10-31,0.0129233358522233
usa,profit_growth,monthly,ew,8,1959-11-30,0.0084846794509354
usa,profit_growth,monthly,ew,8,1959-12-31,-0.000998356460000471
usa,profit_growth,monthly,ew,8,1960-01-31,-0.00125516115463428
usa,profit_growth,monthly,ew,8,1960-02-29,0.0132350099031904
usa,profit_growth,monthly,ew,8,1960-03-31,0.00487281502812827
usa,profit_growth,monthly,ew,8,1960-04-30,0.0157867438168107
usa,profit_growth,monthly,ew,8,1960-05-31,0.00152188269903652
usa,profit_growth,monthly,ew,8,1960-06-30,0.00138884129404191
usa,profit_growth,monthly,ew,8,1960-07-31,-0.00432127954315402
usa,profit_growth,monthly,ew,8,1960-08-31,0.0032347616788363
usa,profit_growth,monthly,ew,8,1960-09-30,-0.00279258579059045
usa,profit_growth,monthly,ew,8,1960-10-31,-0.00401602416289686
usa,profit_growth,monthly,ew,8,1960-11-30,0.00506926197002316
usa,profit_growth,monthly,ew,8,1960-12-31,0.00103083936142491
usa,profit_growth,monthly,ew,8,1961-01-31,-0.0116511676705672
usa,profit_growth,monthly,ew,8,1961-02-28,0.0122749778918348
usa,profit_growth,monthly,ew,8,1961-03-31,-0.000140816251906812
usa,profit_growth,monthly,ew,8,1961-04-30,0.00628723667853916
usa,profit_growth,monthly,ew,8,1961-05-31,-0.00920451919980016
usa,profit_growth,monthly,ew,8,1961-06-30,0.00624607424578749
usa,profit_growth,monthly,ew,8,1961-07-31,0.00529543280591674
usa,profit_growth,monthly,ew,8,1961-08-31,0.00648450854340119
usa,profit_growth,monthly,ew,8,1961-09-30,0.0114583093173962
usa,profit_growth,monthly,ew,8,1961-10-31,0.0171212999753713
usa,profit_growth,monthly,ew,8,1961-11-30,0.00415151718288756
usa,profit_growth,monthly,ew,8,1961-12-31,-0.00169672417108418
usa,profit_growth,monthly,ew,8,1962-01-31,0.0031648470360141
usa,profit_growth,monthly,ew,8,1962-02-28,0.00045371502051646
usa,profit_growth,monthly,ew,8,1962-03-31,0.00080706234140261
usa,profit_growth,monthly,ew,8,1962-04-30,0.00249440090137573
usa,profit_growth,monthly,ew,8,1962-05-31,-0.00280377514420898
usa,profit_growth,monthly,ew,8,1962-06-30,0.015713235132493
usa,profit_growth,monthly,ew,8,1962-07-31,0.00709600393217681
usa,profit_growth,monthly,ew,8,1962-08-31,-0.00110372361852084
usa,profit_growth,monthly,ew,8,1962-09-30,0.0063731028050748
usa,profit_growth,monthly,ew,8,1962-10-31,0.00242385050461014
usa,profit_growth,monthly,ew,8,1962-11-30,-0.00283567758386307
usa,profit_growth,monthly,ew,8,1962-12-31,0.0104699927468385
usa,profit_growth,monthly,ew,8,1963-01-31,-0.00137022251639571
usa,profit_growth,monthly,ew,8,1963-02-28,0.00355590848604957
usa,profit_growth,monthly,ew,8,1963-03-31,0.00396025822744705
usa,profit_growth,monthly,ew,8,1963-04-30,0.0024561365879347
usa,profit_growth,monthly,ew,8,1963-05-31,0.0026721452257391
usa,profit_growth,monthly,ew,8,1963-06-30,0.00500802819042995
usa,profit_growth,monthly,ew,8,1963-07-31,0.00323544245081142
usa,profit_growth,monthly,ew,8,1963-08-31,0.00743714012111507
usa,profit_growth,monthly,ew,8,1963-09-30,0.00185721483636164
usa,profit_growth,monthly,ew,8,1963-10-31,0.00581138927560187
usa,profit_growth,monthly,ew,8,1963-11-30,0.00445380388584891
usa,profit_growth,monthly,ew,8,1963-12-31,0.0104778812250543
usa,profit_growth,monthly,ew,8,1964-01-31,0.00464628636271504
usa,profit_growth,monthly,ew,8,1964-02-29,0.0019615713937612
usa,profit_growth,monthly,ew,8,1964-03-31,0.00234091766103911
usa,profit_growth,monthly,ew,8,1964-04-30,-0.00608216539486613
usa,profit_growth,monthly,ew,8,1964-05-31,0.00670445173263099
usa,profit_growth,monthly,ew,8,1964-06-30,-0.00121831786528426
usa,profit_growth,monthly,ew,8,1964-07-31,0.00105072856384552
usa,profit_growth,monthly,ew,8,1964-08-31,-0.000352777099497857
usa,profit_growth,monthly,ew,8,1964-09-30,0.000560835513994633
usa,profit_growth,monthly,ew,8,1964-10-31,-0.000772071956734729
usa,profit_growth,monthly,ew,10,1964-11-30,0.00133783274749425
usa,profit_growth,monthly,ew,10,1964-12-31,0.000134982906630117
usa,profit_growth,monthly,ew,10,1965-01-31,-0.00643686398995861
usa,profit_growth,monthly,ew,10,1965-02-28,-0.00327509450126933
usa,profit_growth,monthly,ew,10,1965-03-31,0.00433445436745654
usa,profit_growth,monthly,ew,10,1965-04-30,0.0000978802900568756
usa,profit_growth,monthly,ew,10,1965-05-31,0.00257525779261384
usa,profit_growth,monthly,ew,10,1965-06-30,-0.00605425134543902
usa,profit_growth,monthly,ew,10,1965-07-31,0.00466991016056574
usa,profit_growth,monthly,ew,10,1965-08-31,0.00369674593323175
usa,profit_growth,monthly,ew,10,1965-09-30,0.00858962674447685
usa,profit_growth,monthly,ew,10,1965-10-31,0.0110836977904565
usa,profit_growth,monthly,ew,10,1965-11-30,0.00513478807127361
usa,profit_growth,monthly,ew,10,1965-12-31,0.00564151303824562
usa,profit_growth,monthly,ew,10,1966-01-31,0.00473128611844061
usa,profit_growth,monthly,ew,10,1966-02-28,0.00527492473571166
usa,profit_growth,monthly,ew,10,1966-03-31,0.00119707094380509
usa,profit_growth,monthly,ew,10,1966-04-30,0.00942295296343281
usa,profit_growth,monthly,ew,10,1966-05-31,-0.00220586293924568
usa,profit_growth,monthly,ew,10,1966-06-30,0.00476169188613109
usa,profit_growth,monthly,ew,10,1966-07-31,-0.000635827655663768
usa,profit_growth,monthly,ew,10,1966-08-31,-0.000599054556265209
usa,profit_growth,monthly,ew,10,1966-09-30,-0.000797505400881809
usa,profit_growth,monthly,ew,10,1966-10-31,-0.0113546385135478
usa,profit_growth,monthly,ew,10,1966-11-30,0.0203137479922714
usa,profit_growth,monthly,ew,10,1966-12-31,0.00831140903970234
usa,profit_growth,monthly,ew,10,1967-01-31,0.00242170926665027
usa,profit_growth,monthly,ew,10,1967-02-28,0.00814111230358235
usa,profit_growth,monthly,ew,10,1967-03-31,0.00206617574417422
usa,profit_growth,monthly,ew,10,1967-04-30,0.00434564800272883
usa,profit_growth,monthly,ew,10,1967-05-31,0.005720346423638
usa,profit_growth,monthly,ew,10,1967-06-30,0.00604890090110233
usa,profit_growth,monthly,ew,10,1967-07-31,-0.00412638836490642
usa,profit_growth,monthly,ew,10,1967-08-31,-0.00570029589555436
usa,profit_growth,monthly,ew,10,1967-09-30,-0.00649872286237048
usa,profit_growth,monthly,ew,10,1967-10-31,0.00414910164672685
usa,profit_growth,monthly,ew,12,1967-11-30,0.00152579197841245
usa,profit_growth,monthly,ew,12,1967-12-31,0.0089136436027229
usa,profit_growth,monthly,ew,12,1968-01-31,-0.00952870191699967
usa,profit_growth,monthly,ew,12,1968-02-29,-0.0113811292769033
usa,profit_growth,monthly,ew,12,1968-03-31,0.0071557276909419
usa,profit_growth,monthly,ew,12,1968-04-30,0.0151814077686492
usa,profit_growth,monthly,ew,12,1968-05-31,0.00997313084253344
usa,profit_growth,monthly,ew,12,1968-06-30,-0.0021876367473521
usa,profit_growth,monthly,ew,12,1968-07-31,-0.00197793915390321
usa,profit_growth,monthly,ew,12,1968-08-31,0.00467835532674027
usa,profit_growth,monthly,ew,12,1968-09-30,0.00267703827450893
usa,profit_growth,monthly,ew,12,1968-10-31,-0.00770034756570176
usa,profit_growth,monthly,ew,12,1968-11-30,0.00896740217949531
usa,profit_growth,monthly,ew,12,1968-12-31,-0.00448168593107716
usa,profit_growth,monthly,ew,12,1969-01-31,0.00396470753040012
usa,profit_growth,monthly,ew,12,1969-02-28,0.00956287258614364
usa,profit_growth,monthly,ew,12,1969-03-31,0.0108372178621597
usa,profit_growth,monthly,ew,12,1969-04-30,0.000656156761186356
usa,profit_growth,monthly,ew,12,1969-05-31,0.00924654743917174
usa,profit_growth,monthly,ew,12,1969-06-30,0.00964124031687134
usa,profit_growth,monthly,ew,12,1969-07-31,0.0128468446029025
usa,profit_growth,monthly,ew,12,1969-08-31,0.00539996090882081
usa,profit_growth,monthly,ew,12,1969-09-30,0.012270768975976
usa,profit_growth,monthly,ew,12,1969-10-31,-0.00358046212561656
usa,profit_growth,monthly,ew,12,1969-11-30,0.00915147949625277
usa,profit_growth,monthly,ew,12,1969-12-31,0.0149149752092006
usa,profit_growth,monthly,ew,12,1970-01-31,-0.00849154063952711
usa,profit_growth,monthly,ew,12,1970-02-28,-0.00945895699702871
usa,profit_growth,monthly,ew,12,1970-03-31,0.00563915519810143
usa,profit_growth,monthly,ew,12,1970-04-30,0.00587698388939816
usa,profit_growth,monthly,ew,12,1970-05-31,0.000744956264334706
usa,profit_growth,monthly,ew,12,1970-06-30,0.023141897490532
usa,profit_growth,monthly,ew,12,1970-07-31,0.000729120095697312
usa,profit_growth,monthly,ew,12,1970-08-31,-0.00896788133657658
usa,profit_growth,monthly,ew,12,1970-09-30,-0.0116759815491173
usa,profit_growth,monthly,ew,12,1970-10-31,0.0150786339815295
usa,profit_growth,monthly,ew,12,1970-11-30,0.00847448925776292
usa,profit_growth,monthly,ew,12,1970-12-31,-0.00269185782267498
usa,profit_growth,monthly,ew,12,1971-01-31,-0.0276643814334704
usa,profit_growth,monthly,ew,12,1971-02-28,-0.00706060346588699
usa,profit_growth,monthly,ew,12,1971-03-31,-0.00431068994433587
usa,profit_growth,monthly,ew,12,1971-04-30,0.000976722067770066
usa,profit_growth,monthly,ew,12,1971-05-31,0.00612012567624902
usa,profit_growth,monthly,ew,12,1971-06-30,0.0155372596370212
usa,profit_growth,monthly,ew,12,1971-07-31,0.00665264728421705
usa,profit_growth,monthly,ew,12,1971-08-31,0.00924366777233102
usa,profit_growth,monthly,ew,12,1971-09-30,0.0136007650319869
usa,profit_growth,monthly,ew,12,1971-10-31,0.0108551695253241
usa,profit_growth,monthly,ew,12,1971-11-30,0.00476892086281286
usa,profit_growth,monthly,ew,12,1971-12-31,0.0086573818048601
usa,profit_growth,monthly,ew,12,1972-01-31,0.00473969075813365
usa,profit_growth,monthly,ew,12,1972-02-29,0.00346891618128663
usa,profit_growth,monthly,ew,12,1972-03-31,0.00851153041274742
usa,profit_growth,monthly,ew,12,1972-04-30,0.00708432446937264
usa,profit_growth,monthly,ew,12,1972-05-31,0.00908445662354651
usa,profit_growth,monthly,ew,12,1972-06-30,0.00218731164028935
usa,profit_growth,monthly,ew,12,1972-07-31,0.0105428906577781
usa,profit_growth,monthly,ew,12,1972-08-31,-0.00627346379900461
usa,profit_growth,monthly,ew,12,1972-09-30,0.000717295711149607
usa,profit_growth,monthly,ew,12,1972-10-31,0.00401179772035284
usa,profit_growth,monthly,ew,12,1972-11-30,-0.00184071309851024
usa,profit_growth,monthly,ew,12,1972-12-31,0.00730828745101774
usa,profit_growth,monthly,ew,12,1973-01-31,-0.00286827286274485
usa,profit_growth,monthly,ew,12,1973-02-28,-0.00390449387000105
usa,profit_growth,monthly,ew,12,1973-03-31,0.00541441952792948
usa,profit_growth,monthly,ew,12,1973-04-30,0.00799976430565131
usa,profit_growth,monthly,ew,12,1973-05-31,0.00942141341648574
usa,profit_growth,monthly,ew,12,1973-06-30,0.00937287641009189
usa,profit_growth,monthly,ew,12,1973-07-31,-0.00173548287857465
usa,profit_growth,monthly,ew,12,1973-08-31,0.0153088285492547
usa,profit_growth,monthly,ew,12,1973-09-30,0.00333447682498864
usa,profit_growth,monthly,ew,12,1973-10-31,0.0157680892855579
usa,profit_growth,monthly,ew,12,1973-11-30,0.00841643234189309
usa,profit_growth,monthly,ew,12,1973-12-31,0.0290710191632649
usa,profit_growth,monthly,ew,12,1974-01-31,-0.0241402927890712
usa,profit_growth,monthly,ew,12,1974-02-28,0.00833683143590583
usa,profit_growth,monthly,ew,12,1974-03-31,-0.00301741358220279
usa,profit_growth,monthly,ew,12,1974-04-30,0.0115603719323625
usa,profit_growth,monthly,ew,12,1974-05-31,0.00444921810937922
usa,profit_growth,monthly,ew,12,1974-06-30,0.0116476027426823
usa,profit_growth,monthly,ew,12,1974-07-31,0.0101306690834277
usa,profit_growth,monthly,ew,12,1974-08-31,0.00774111434024711
usa,profit_growth,monthly,ew,12,1974-09-30,0.00159529918461854
usa,profit_growth,monthly,ew,12,1974-10-31,0.0389669593369783
usa,profit_growth,monthly,ew,12,1974-11-30,0.0163896208691524
usa,profit_growth,monthly,ew,12,1974-12-31,0.0132338834023839
usa,profit_growth,monthly,ew,12,1975-01-31,-0.047324752506636
usa,profit_growth,monthly,ew,12,1975-02-28,0.0113321262653809
usa,profit_growth,monthly,ew,12,1975-03-31,-0.0200964558332
usa,profit_growth,monthly,ew,12,1975-04-30,0.0178738224497614
usa,profit_growth,monthly,ew,12,1975-05-31,-0.00089300589515493
usa,profit_growth,monthly,ew,12,1975-06-30,-0.00872522124946916
usa,profit_growth,monthly,ew,12,1975-07-31,0.00057371415778261
usa,profit_growth,monthly,ew,12,1975-08-31,0.00609451649786724
usa,profit_growth,monthly,ew,12,1975-09-30,0.00694082871019947
usa,profit_growth,monthly,ew,12,1975-10-31,0.00306048493633824
usa,profit_growth,monthly,ew,12,1975-11-30,0.00490425838061463
usa,profit_growth,monthly,ew,12,1975-12-31,-0.00317475819126755
usa,profit_growth,monthly,ew,12,1976-01-31,0.0114190019621383
usa,profit_growth,monthly,ew,12,1976-02-29,0.000727248552890916
usa,profit_growth,monthly,ew,12,1976-03-31,0.00669178176392865
usa,profit_growth,monthly,ew,12,1976-04-30,-0.00324639499822729
usa,profit_growth,monthly,ew,12,1976-05-31,-0.00675895630739674
usa,profit_growth,monthly,ew,12,1976-06-30,0.00647401902350097
usa,profit_growth,monthly,ew,12,1976-07-31,0.00281168762183345
usa,profit_growth,monthly,ew,12,1976-08-31,0.00214368322477923
usa,profit_growth,monthly,ew,12,1976-09-30,0.000291635488983243
usa,profit_growth,monthly,ew,12,1976-10-31,-0.00181104733776542
usa,profit_growth,monthly,ew,12,1976-11-30,0.00886537631878104
usa,profit_growth,monthly,ew,12,1976-12-31,0.00145367906100748
usa,profit_growth,monthly,ew,12,1977-01-31,-0.00347126153336503
usa,profit_growth,monthly,ew,12,1977-02-28,0.00039613844687334
usa,profit_growth,monthly,ew,12,1977-03-31,0.00176100194234396
usa,profit_growth,monthly,ew,12,1977-04-30,0.00471955651218869
usa,profit_growth,monthly,ew,12,1977-05-31,0.00540437173669385
usa,profit_growth,monthly,ew,12,1977-06-30,0.0103375691135092
usa,profit_growth,monthly,ew,12,1977-07-31,0.00278083855503426
usa,profit_growth,monthly,ew,12,1977-08-31,0.00316733712342579
usa,profit_growth,monthly,ew,12,1977-09-30,0.00504062233196124
usa,profit_growth,monthly,ew,12,1977-10-31,-0.0042302095304103
usa,profit_growth,monthly,ew,12,1977-11-30,0.00809630877635642
usa,profit_growth,monthly,ew,12,1977-12-31,0.00593795176506395
usa,profit_growth,monthly,ew,12,1978-01-31,-0.00395249194686636
usa,profit_growth,monthly,ew,12,1978-02-28,0.00627879465702845
usa,profit_growth,monthly,ew,12,1978-03-31,0.0123406640217492
usa,profit_growth,monthly,ew,12,1978-04-30,0.00583087818333447
usa,profit_growth,monthly,ew,12,1978-05-31,0.00600024922622495
usa,profit_growth,monthly,ew,12,1978-06-30,0.00462159450080062
usa,profit_growth,monthly,ew,12,1978-07-31,0.0101792586875741
usa,profit_growth,monthly,ew,12,1978-08-31,0.00489001465876702
usa,profit_growth,monthly,ew,12,1978-09-30,-0.0063027109306248
usa,profit_growth,monthly,ew,12,1978-10-31,-0.00305256655344256
usa,profit_growth,monthly,ew,12,1978-11-30,0.0158847334006888
usa,profit_growth,monthly,ew,12,1978-12-31,0.00943882484232474
usa,profit_growth,monthly,ew,12,1979-01-31,0.00441152977922335
usa,profit_growth,monthly,ew,12,1979-02-28,-0.000806479070443207
usa,profit_growth,monthly,ew,12,1979-03-31,0.0115052539861266
usa,profit_growth,monthly,ew,12,1979-04-30,0.00448653451753229
usa,profit_growth,monthly,ew,12,1979-05-31,0.00234200527874878
usa,profit_growth,monthly,ew,12,1979-06-30,-0.00732546456354389
usa,profit_growth,monthly,ew,12,1979-07-31,0.00281011150469868
usa,profit_growth,monthly,ew,12,1979-08-31,0.00978843592735391
usa,profit_growth,monthly,ew,12,1979-09-30,0.00623732709654618
usa,profit_growth,monthly,ew,12,1979-10-31,0.00629289941214304
usa,profit_growth,monthly,ew,12,1979-11-30,0.0229115909295528
usa,profit_growth,monthly,ew,12,1979-12-31,0.0196819471415027
usa,profit_growth,monthly,ew,12,1980-01-31,0.0166061244125778
usa,profit_growth,monthly,ew,12,1980-02-29,0.0140013300525767
usa,profit_growth,monthly,ew,12,1980-03-31,-0.0151528065283367
usa,profit_growth,monthly,ew,12,1980-04-30,0.0137356352426779
usa,profit_growth,monthly,ew,12,1980-05-31,0.00137844006487634
usa,profit_growth,monthly,ew,12,1980-06-30,0.00923068649483882
usa,profit_growth,monthly,ew,12,1980-07-31,0.00564180761432406
usa,profit_growth,monthly,ew,12,1980-08-31,0.0131884453246266
usa,profit_growth,monthly,ew,12,1980-09-30,0.0164648238747655
usa,profit_growth,monthly,ew,12,1980-10-31,0.0169573166202276
usa,profit_growth,monthly,ew,12,1980-11-30,0.0393138273442288
usa,profit_growth,monthly,ew,12,1980-12-31,-0.00325318178167705
usa,profit_growth,monthly,ew,12,1981-01-31,-0.0148200194323885
usa,profit_growth,monthly,ew,12,1981-02-28,-0.00189889770476632
usa,profit_growth,monthly,ew,12,1981-03-31,-0.000677216231324689
usa,profit_growth,monthly,ew,12,1981-04-30,-0.00149545539648098
usa,profit_growth,monthly,ew,12,1981-05-31,0.00952688277116408
usa,profit_growth,monthly,ew,12,1981-06-30,-0.00467373350729484
usa,profit_growth,monthly,ew,12,1981-07-31,0.00603780790776202
usa,profit_growth,monthly,ew,12,1981-08-31,-0.00360937641536069
usa,profit_growth,monthly,ew,12,1981-09-30,0.00324689167340369
usa,profit_growth,monthly,ew,12,1981-10-31,0.0236748070477189
usa,profit_growth,monthly,ew,12,1981-11-30,0.000940219765755384
usa,profit_growth,monthly,ew,12,1981-12-31,0.00560640507314175
usa,profit_growth,monthly,ew,12,1982-01-31,0.00263062097562205
usa,profit_growth,monthly,ew,12,1982-02-28,0.00805779667294981
usa,profit_growth,monthly,ew,12,1982-03-31,0.000585627089624492
usa,profit_growth,monthly,ew,12,1982-04-30,0.00424853530290201
usa,profit_growth,monthly,ew,12,1982-05-31,0.00416793898650108
usa,profit_growth,monthly,ew,12,1982-06-30,0.00892477985149568
usa,profit_growth,monthly,ew,12,1982-07-31,0.00317973463898695
usa,profit_growth,monthly,ew,12,1982-08-31,-0.00665240754054084
usa,profit_growth,monthly,ew,12,1982-09-30,0.0144143675299158
usa,profit_growth,monthly,ew,12,1982-10-31,0.00706430807111845
usa,profit_growth,monthly,ew,12,1982-11-30,0.00793881506886182
usa,profit_growth,monthly,ew,12,1982-12-31,0.0025881373287481
usa,profit_growth,monthly,ew,12,1983-01-31,-0.0129842529438202
usa,profit_growth,monthly,ew,12,1983-02-28,0.0174063581353807
usa,profit_growth,monthly,ew,12,1983-03-31,0.00828615276399955
usa,profit_growth,monthly,ew,12,1983-04-30,0.00672161870269967
usa,profit_growth,monthly,ew,12,1983-05-31,-0.0108094776528978
usa,profit_growth,monthly,ew,12,1983-06-30,0.00888124573690701
usa,profit_growth,monthly,ew,12,1983-07-31,-0.00396856964091484
usa,profit_growth,monthly,ew,12,1983-08-31,-0.00246055313082404
usa,profit_growth,monthly,ew,12,1983-09-30,0.00381972152200315
usa,profit_growth,monthly,ew,12,1983-10-31,-0.00591092383722912
usa,profit_growth,monthly,ew,12,1983-11-30,0.0175219500880828
usa,profit_growth,monthly,ew,12,1983-12-31,-0.00393361071879482
usa,profit_growth,monthly,ew,12,1984-01-31,-0.0145854966561122
usa,profit_growth,monthly,ew,12,1984-02-29,-0.00612839187381529
usa,profit_growth,monthly,ew,12,1984-03-31,0.00516230285297042
usa,profit_growth,monthly,ew,12,1984-04-30,0.00163146960146865
usa,profit_growth,monthly,ew,12,1984-05-31,0.00415362314193549
usa,profit_growth,monthly,ew,12,1984-06-30,0.010680906458621
usa,profit_growth,monthly,ew,12,1984-07-31,0.0134308908210669
usa,profit_growth,monthly,ew,12,1984-08-31,0.00989385776041683
usa,profit_growth,monthly,ew,12,1984-09-30,-0.0000486792840319501
usa,profit_growth,monthly,ew,12,1984-10-31,0.0142721348974985
usa,profit_growth,monthly,ew,12,1984-11-30,0.0103151043740919
usa,profit_growth,monthly,ew,12,1984-12-31,0.007240787151943
usa,profit_growth,monthly,ew,12,1985-01-31,-0.00871273604071628
usa,profit_growth,monthly,ew,12,1985-02-28,-0.00409589945208387
usa,profit_growth,monthly,ew,12,1985-03-31,0.0036215036423748
usa,profit_growth,monthly,ew,12,1985-04-30,0.00622747607016436
usa,profit_growth,monthly,ew,12,1985-05-31,0.00644534734130791
usa,profit_growth,monthly,ew,12,1985-06-30,0.00695882504612154
usa,profit_growth,monthly,ew,12,1985-07-31,0.00201087834998262
usa,profit_growth,monthly,ew,12,1985-08-31,0.000481984097567661
usa,profit_growth,monthly,ew,12,1985-09-30,0.00101561142570174
usa,profit_growth,monthly,ew,12,1985-10-31,0.00896381956041133
usa,profit_growth,monthly,ew,12,1985-11-30,0.00817998544403646
usa,profit_growth,monthly,ew,12,1985-12-31,0.00180419844614804
usa,profit_growth,monthly,ew,12,1986-01-31,0.0101641300323598
usa,profit_growth,monthly,ew,12,1986-02-28,0.00783656550828384
usa,profit_growth,monthly,ew,12,1986-03-31,0.0105830039422999
usa,profit_growth,monthly,ew,12,1986-04-30,0.00574710650936322
usa,profit_growth,monthly,ew,12,1986-05-31,0.00835441078569252
usa,profit_growth,monthly,ew,12,1986-06-30,0.0133226713985911
usa,profit_growth,monthly,ew,12,1986-07-31,0.00290577143859585
usa,profit_growth,monthly,ew,12,1986-08-31,-0.000224378053278476
usa,profit_growth,monthly,ew,12,1986-09-30,-0.00810318152039453
usa,profit_growth,monthly,ew,12,1986-10-31,0.0123549666615697
usa,profit_growth,monthly,ew,12,1986-11-30,0.0026593302032242
usa,profit_growth,monthly,ew,12,1986-12-31,0.00354200233756879
usa,profit_growth,monthly,ew,12,1987-01-31,0.000431224216492449
usa,profit_growth,monthly,ew,12,1987-02-28,0.0115818567266
usa,profit_growth,monthly,ew,12,1987-03-31,0.00316436078866885
usa,profit_growth,monthly,ew,12,1987-04-30,0.00310767154776934
usa,profit_growth,monthly,ew,12,1987-05-31,-0.00536391098003811
usa,profit_growth,monthly,ew,12,1987-06-30,0.00548858964894148
usa,profit_growth,monthly,ew,12,1987-07-31,-0.000493797802985196
usa,profit_growth,monthly,ew,12,1987-08-31,0.0101361249697934
usa,profit_growth,monthly,ew,12,1987-09-30,0.0059421265958878
usa,profit_growth,monthly,ew,12,1987-10-31,-0.00966394019230439
usa,profit_growth,monthly,ew,12,1987-11-30,0.0119269650736758
usa,profit_growth,monthly,ew,12,1987-12-31,0.0302193374417081
usa,profit_growth,monthly,ew,12,1988-01-31,-0.0144436618766513
usa,profit_growth,monthly,ew,12,1988-02-29,0.0098108183328064
usa,profit_growth,monthly,ew,12,1988-03-31,0.00610533610629493
usa,profit_growth,monthly,ew,12,1988-04-30,0.00887921683033553
usa,profit_growth,monthly,ew,12,1988-05-31,0.00338429079716521
usa,profit_growth,monthly,ew,12,1988-06-30,0.00814845180062965
usa,profit_growth,monthly,ew,12,1988-07-31,0.00263487139431129
usa,profit_growth,monthly,ew,12,1988-08-31,-0.00241001227912032
usa,profit_growth,monthly,ew,12,1988-09-30,0.00328540394129728
usa,profit_growth,monthly,ew,12,1988-10-31,0.00547767124323065
usa,profit_growth,monthly,ew,12,1988-11-30,0.00433164277296011
usa,profit_growth,monthly,ew,12,1988-12-31,0.0138521845395611
usa,profit_growth,monthly,ew,12,1989-01-31,0.00699160932042479
usa,profit_growth,monthly,ew,12,1989-02-28,0.00139692325174505
usa,profit_growth,monthly,ew,12,1989-03-31,0.00645400530745762
usa,profit_growth,monthly,ew,12,1989-04-30,0.00885376260387755
usa,profit_growth,monthly,ew,12,1989-05-31,0.00687519876826487
usa,profit_growth,monthly,ew,12,1989-06-30,-0.000839733597449782
usa,profit_growth,monthly,ew,12,1989-07-31,0.0107650473282469
usa,profit_growth,monthly,ew,12,1989-08-31,0.00979724798366441
usa,profit_growth,monthly,ew,12,1989-09-30,0.00753949789554376
usa,profit_growth,monthly,ew,12,1989-10-31,0.00247539292707657
usa,profit_growth,monthly,ew,12,1989-11-30,0.0104622381575652
usa,profit_growth,monthly,ew,12,1989-12-31,0.0107377152538592
usa,profit_growth,monthly,ew,12,1990-01-31,-0.00443513977377993
usa,profit_growth,monthly,ew,12,1990-02-28,0.00638422468806707
usa,profit_growth,monthly,ew,12,1990-03-31,0.00597862943497256
usa,profit_growth,monthly,ew,12,1990-04-30,0.0051806057786369
usa,profit_growth,monthly,ew,12,1990-05-31,0.0174297999935062
usa,profit_growth,monthly,ew,12,1990-06-30,0.00946454104946479
usa,profit_growth,monthly,ew,12,1990-07-31,0.0075062509788422
usa,profit_growth,monthly,ew,12,1990-08-31,0.00690198617304744
usa,profit_growth,monthly,ew,12,1990-09-30,0.00728980980418953
usa,profit_growth,monthly,ew,12,1990-10-31,0.00803878267031419
usa,profit_growth,monthly,ew,12,1990-11-30,0.00533668776946953
usa,profit_growth,monthly,ew,12,1990-12-31,0.017314474963856
usa,profit_growth,monthly,ew,12,1991-01-31,-0.00844727070124771
usa,profit_growth,monthly,ew,12,1991-02-28,-0.00113128301793403
usa,profit_growth,monthly,ew,12,1991-03-31,0.00296403563023021
usa,profit_growth,monthly,ew,12,1991-04-30,0.00230382261058422
usa,profit_growth,monthly,ew,12,1991-05-31,0.00853574009269653
usa,profit_growth,monthly,ew,12,1991-06-30,0.00198824317586582
usa,profit_growth,monthly,ew,12,1991-07-31,0.00504984242769707
usa,profit_growth,monthly,ew,12,1991-08-31,0.00787760197306726
usa,profit_growth,monthly,ew,12,1991-09-30,0.010124308595657
usa,profit_growth,monthly,ew,12,1991-10-31,0.00873873022446532
usa,profit_growth,monthly,ew,12,1991-11-30,0.00185701708815641
usa,profit_growth,monthly,ew,12,1991-12-31,0.0232534688654032
usa,profit_growth,monthly,ew,12,1992-01-31,-0.00844391052487764
usa,profit_growth,monthly,ew,12,1992-02-29,0.00117655124869146
usa,profit_growth,monthly,ew,12,1992-03-31,-0.00208980114370417
usa,profit_growth,monthly,ew,12,1992-04-30,-0.00264520565294923
usa,profit_growth,monthly,ew,12,1992-05-31,0.00138507961379304
usa,profit_growth,monthly,ew,12,1992-06-30,0.00126864901422905
usa,profit_growth,monthly,ew,12,1992-07-31,0.00981406417443093
usa,profit_growth,monthly,ew,12,1992-08-31,-0.00233400000615413
usa,profit_growth,monthly,ew,12,1992-09-30,0.00274112186065223
usa,profit_growth,monthly,ew,12,1992-10-31,0.0124944906571513
usa,profit_growth,monthly,ew,12,1992-11-30,0.0114803206477709
usa,profit_growth,monthly,ew,12,1992-12-31,0.00603788401501183
usa,profit_growth,monthly,ew,12,1993-01-31,0.0101380016999868
usa,profit_growth,monthly,ew,12,1993-02-28,0.00484226169178148
usa,profit_growth,monthly,ew,12,1993-03-31,0.0051817172428617
usa,profit_growth,monthly,ew,12,1993-04-30,0.00298519816697384
usa,profit_growth,monthly,ew,12,1993-05-31,-0.00038977287518119
usa,profit_growth,monthly,ew,12,1993-06-30,0.00269939303048135
usa,profit_growth,monthly,ew,12,1993-07-31,-0.00312093986799686
usa,profit_growth,monthly,ew,12,1993-08-31,0.00346287301343241
usa,profit_growth,monthly,ew,12,1993-09-30,0.00691562000338317
usa,profit_growth,monthly,ew,12,1993-10-31,-0.00747409402417878
usa,profit_growth,monthly,ew,12,1993-11-30,-0.000618146184134828
usa,profit_growth,monthly,ew,12,1993-12-31,0.0124005702977992
usa,profit_growth,monthly,ew,12,1994-01-31,0.00337386192712628
usa,profit_growth,monthly,ew,12,1994-02-28,0.00260444272678131
usa,profit_growth,monthly,ew,12,1994-03-31,-0.00532453497465507
usa,profit_growth,monthly,ew,12,1994-04-30,0.00923787769311409
usa,profit_growth,monthly,ew,12,1994-05-31,-0.00376908168041623
usa,profit_growth,monthly,ew,12,1994-06-30,-0.00122722542009733
usa,profit_growth,monthly,ew,12,1994-07-31,0.00527378868841479
usa,profit_growth,monthly,ew,12,1994-08-31,0.00806570339492864
usa,profit_growth,monthly,ew,12,1994-09-30,0.00241073089729525
usa,profit_growth,monthly,ew,12,1994-10-31,0.0064403484145483
usa,profit_growth,monthly,ew,12,1994-11-30,0.0075765205320396
usa,profit_growth,monthly,ew,12,1994-12-31,0.0145719410141002
usa,profit_growth,monthly,ew,12,1995-01-31,-0.0104049874530066
usa,profit_growth,monthly,ew,12,1995-02-28,0.00430909132261703
usa,profit_growth,monthly,ew,12,1995-03-31,0.00637970755813485
usa,profit_growth,monthly,ew,12,1995-04-30,0.00374733087765253
usa,profit_growth,monthly,ew,12,1995-05-31,0.00457671130232731
usa,profit_growth,monthly,ew,12,1995-06-30,0.00839845732838127
usa,profit_growth,monthly,ew,12,1995-07-31,0.0100500736445387
usa,profit_growth,monthly,ew,12,1995-08-31,0.00147003407232915
usa,profit_growth,monthly,ew,12,1995-09-30,0.00054628591950911
usa,profit_growth,monthly,ew,12,1995-10-31,0.00950790825445098
usa,profit_growth,monthly,ew,12,1995-11-30,0.0107651726537387
usa,profit_growth,monthly,ew,12,1995-12-31,0.00549033379547114
usa,profit_growth,monthly,ew,12,1996-01-31,-0.00833778428448601
usa,profit_growth,monthly,ew,12,1996-02-29,0.0036488505225464
usa,profit_growth,monthly,ew,12,1996-03-31,-0.00881086463143468
usa,profit_growth,monthly,ew,12,1996-04-30,0.00998632283726973
usa,profit_growth,monthly,ew,12,1996-05-31,-0.00424521022780412
usa,profit_growth,monthly,ew,12,1996-06-30,-0.00374199471495722
usa,profit_growth,monthly,ew,12,1996-07-31,-0.00128065177485823
usa,profit_growth,monthly,ew,12,1996-08-31,0.00521760383980939
usa,profit_growth,monthly,ew,12,1996-09-30,0.0126009292153594
usa,profit_growth,monthly,ew,12,1996-10-31,0.0102217618726184
usa,profit_growth,monthly,ew,12,1996-11-30,0.00390590924775245
usa,profit_growth,monthly,ew,12,1996-12-31,0.016317010361757
usa,profit_growth,monthly,ew,12,1997-01-31,-0.00181389597243667
usa,profit_growth,monthly,ew,12,1997-02-28,-0.0102880899034925
usa,profit_growth,monthly,ew,12,1997-03-31,0.00754829030757572
usa,profit_growth,monthly,ew,12,1997-04-30,0.00630052275530924
usa,profit_growth,monthly,ew,12,1997-05-31,0.00900511888078162
usa,profit_growth,monthly,ew,12,1997-06-30,0.0116878713236457
usa,profit_growth,monthly,ew,12,1997-07-31,0.00679766758868088
usa,profit_growth,monthly,ew,12,1997-08-31,0.00392456510960857
usa,profit_growth,monthly,ew,12,1997-09-30,0.0081987880110041
usa,profit_growth,monthly,ew,12,1997-10-31,0.00496800357229446
usa,profit_growth,monthly,ew,12,1997-11-30,0.0150949452575022
usa,profit_growth,monthly,ew,12,1997-12-31,0.027252579977776
usa,profit_growth,monthly,ew,12,1998-01-31,-0.0135423885195965
usa,profit_growth,monthly,ew,12,1998-02-28,0.000950966052854268
usa,profit_growth,monthly,ew,12,1998-03-31,0.00323696859189617
usa,profit_growth,monthly,ew,12,1998-04-30,-0.00318894492505673
usa,profit_growth,monthly,ew,12,1998-05-31,-0.00346740203754815
usa,profit_growth,monthly,ew,12,1998-06-30,0.0106328017128744
usa,profit_growth,monthly,ew,12,1998-07-31,-0.00229786909736161
usa,profit_growth,monthly,ew,12,1998-08-31,0.00103033095303901
usa,profit_growth,monthly,ew,12,1998-09-30,0.0125244565872106
usa,profit_growth,monthly,ew,12,1998-10-31,0.00434182061328179
usa,profit_growth,monthly,ew,12,1998-11-30,0.00954048838204628
usa,profit_growth,monthly,ew,12,1998-12-31,0.0248993348148801
usa,profit_growth,monthly,ew,12,1999-01-31,-0.010745366955182
usa,profit_growth,monthly,ew,12,1999-02-28,0.000744956751240353
usa,profit_growth,monthly,ew,12,1999-03-31,0.00592841778241389
usa,profit_growth,monthly,ew,12,1999-04-30,-0.0093639999357519
usa,profit_growth,monthly,ew,12,1999-05-31,-0.000666913240610629
usa,profit_growth,monthly,ew,12,1999-06-30,0.00623373460875347
usa,profit_growth,monthly,ew,12,1999-07-31,-0.00701595244908477
usa,profit_growth,monthly,ew,12,1999-08-31,-0.0000380893966541373
usa,profit_growth,monthly,ew,12,1999-09-30,0.00710819067536807
usa,profit_growth,monthly,ew,12,1999-10-31,0.0131974054762899
usa,profit_growth,monthly,ew,12,1999-11-30,0.00995739341578144
usa,profit_growth,monthly,ew,12,1999-12-31,0.019706896106064
usa,profit_growth,monthly,ew,12,2000-01-31,-0.00914407185044723
usa,profit_growth,monthly,ew,12,2000-02-29,0.00946689507795372
usa,profit_growth,monthly,ew,12,2000-03-31,0.00921451654029183
usa,profit_growth,monthly,ew,12,2000-04-30,0.00746262730207412
usa,profit_growth,monthly,ew,12,2000-05-31,0.00246678401545327
usa,profit_growth,monthly,ew,12,2000-06-30,0.0284147391337803
usa,profit_growth,monthly,ew,12,2000-07-31,-0.00707876445354863
usa,profit_growth,monthly,ew,12,2000-08-31,0.0198623916497548
usa,profit_growth,monthly,ew,12,2000-09-30,-0.00878793278704445
usa,profit_growth,monthly,ew,12,2000-10-31,-0.0108818662186817
usa,profit_growth,monthly,ew,12,2000-11-30,-0.0353864692736627
usa,profit_growth,monthly,ew,12,2000-12-31,0.0146207187639637
usa,profit_growth,monthly,ew,12,2001-01-31,-0.045838012938871
usa,profit_growth,monthly,ew,12,2001-02-28,-0.0268803895863205
usa,profit_growth,monthly,ew,12,2001-03-31,0.0100146362204947
usa,profit_growth,monthly,ew,12,2001-04-30,0.0191882564574211
usa,profit_growth,monthly,ew,12,2001-05-31,-0.00493089130077781
usa,profit_growth,monthly,ew,12,2001-06-30,-0.00640406451468077
usa,profit_growth,monthly,ew,12,2001-07-31,0.000624835842968349
usa,profit_growth,monthly,ew,12,2001-08-31,0.00126328732383785
usa,profit_growth,monthly,ew,12,2001-09-30,0.0240034360713328
usa,profit_growth,monthly,ew,12,2001-10-31,0.00289611165540531
usa,profit_growth,monthly,ew,12,2001-11-30,-0.0221467823549625
usa,profit_growth,monthly,ew,12,2001-12-31,0.00138331521828964
usa,profit_growth,monthly,ew,12,2002-01-31,-0.0016918333358375
usa,profit_growth,monthly,ew,12,2002-02-28,0.0310989785652544
usa,profit_growth,monthly,ew,12,2002-03-31,-0.00444742636719405
usa,profit_growth,monthly,ew,12,2002-04-30,0.0110796474309654
usa,profit_growth,monthly,ew,12,2002-05-31,0.0273656978944377
usa,profit_growth,monthly,ew,12,2002-06-30,0.0209914476621349
usa,profit_growth,monthly,ew,12,2002-07-31,0.0169315805532404
usa,profit_growth,monthly,ew,12,2002-08-31,0.00766482944892019
usa,profit_growth,monthly,ew,12,2002-09-30,0.0222460378300968
usa,profit_growth,monthly,ew,12,2002-10-31,0.00859202361935528
usa,profit_growth,monthly,ew,12,2002-11-30,-0.014314291495842
usa,profit_growth,monthly,ew,12,2002-12-31,0.017777367692876
usa,profit_growth,monthly,ew,12,2003-01-31,-0.00144516040264255
usa,profit_growth,monthly,ew,12,2003-02-28,0.00398445505151226
usa,profit_growth,monthly,ew,12,2003-03-31,0.00729889737569906
usa,profit_growth,monthly,ew,12,2003-04-30,-0.00842491541122872
usa,profit_growth,monthly,ew,12,2003-05-31,-0.0354587016682027
usa,profit_growth,monthly,ew,12,2003-06-30,0.0000319829222157481
usa,profit_growth,monthly,ew,12,2003-07-31,0.00946032556137475
usa,profit_growth,monthly,ew,12,2003-08-31,0.00545940323980644
usa,profit_growth,monthly,ew,12,2003-09-30,-0.00205843894696124
usa,profit_growth,monthly,ew,12,2003-10-31,0.0111171245343454
usa,profit_growth,monthly,ew,12,2003-11-30,0.00378486453510512
usa,profit_growth,monthly,ew,12,2003-12-31,-0.00129215912883097
usa,profit_growth,monthly,ew,12,2004-01-31,0.00400166489409699
usa,profit_growth,monthly,ew,12,2004-02-29,-0.000367462015179598
usa,profit_growth,monthly,ew,12,2004-03-31,0.000314862121849203
usa,profit_growth,monthly,ew,12,2004-04-30,-0.013600505048503
usa,profit_growth,monthly,ew,12,2004-05-31,0.00853438845026855
usa,profit_growth,monthly,ew,12,2004-06-30,0.00247308486797445
usa,profit_growth,monthly,ew,12,2004-07-31,-0.0138546395495167
usa,profit_growth,monthly,ew,12,2004-08-31,-0.0064473204667371
usa,profit_growth,monthly,ew,12,2004-09-30,0.0118870698518018
usa,profit_growth,monthly,ew,12,2004-10-31,0.00254557141770069
usa,profit_growth,monthly,ew,12,2004-11-30,0.00532666151354831
usa,profit_growth,monthly,ew,12,2004-12-31,-0.000600148410264411
usa,profit_growth,monthly,ew,12,2005-01-31,0.000626915538658227
usa,profit_growth,monthly,ew,12,2005-02-28,0.0166814269741528
usa,profit_growth,monthly,ew,12,2005-03-31,-0.00176465699610895
usa,profit_growth,monthly,ew,12,2005-04-30,-0.00145506268024717
usa,profit_growth,monthly,ew,12,2005-05-31,0.00995605622665354
usa,profit_growth,monthly,ew,12,2005-06-30,0.00279314667103874
usa,profit_growth,monthly,ew,12,2005-07-31,0.00882981455954468
usa,profit_growth,monthly,ew,12,2005-08-31,0.0018079671609135
usa,profit_growth,monthly,ew,12,2005-09-30,0.00960455579271691
usa,profit_growth,monthly,ew,12,2005-10-31,0.00505608793636841
usa,profit_growth,monthly,ew,12,2005-11-30,0.00704223145181237
usa,profit_growth,monthly,ew,12,2005-12-31,0.00389396509666851
usa,profit_growth,monthly,ew,12,2006-01-31,0.00318360531897186
usa,profit_growth,monthly,ew,12,2006-02-28,-0.00751462779396568
usa,profit_growth,monthly,ew,12,2006-03-31,0.00567109406187478
usa,profit_growth,monthly,ew,12,2006-04-30,0.00346526109934686
usa,profit_growth,monthly,ew,12,2006-05-31,-0.00466805914371376
usa,profit_growth,monthly,ew,12,2006-06-30,0.00497346446317621
usa,profit_growth,monthly,ew,12,2006-07-31,0.000477335019531246
usa,profit_growth,monthly,ew,12,2006-08-31,-0.00324161627471093
usa,profit_growth,monthly,ew,12,2006-09-30,-0.00450794612197033
usa,profit_growth,monthly,ew,12,2006-10-31,0.00239349115780344
usa,profit_growth,monthly,ew,12,2006-11-30,0.000832934921798084
usa,profit_growth,monthly,ew,12,2006-12-31,-0.00015030079572369
usa,profit_growth,monthly,ew,12,2007-01-31,0.000575646073774797
usa,profit_growth,monthly,ew,12,2007-02-28,0.00106100484149503
usa,profit_growth,monthly,ew,12,2007-03-31,0.00475125010848356
usa,profit_growth,monthly,ew,12,2007-04-30,0.0017022115347851
usa,profit_growth,monthly,ew,12,2007-05-31,0.0008930826989789
usa,profit_growth,monthly,ew,12,2007-06-30,0.00162801014338443
usa,profit_growth,monthly,ew,12,2007-07-31,0.00711907057932431
usa,profit_growth,monthly,ew,12,2007-08-31,0.00849756459900166
usa,profit_growth,monthly,ew,12,2007-09-30,0.00900726631978948
usa,profit_growth,monthly,ew,12,2007-10-31,0.0112784296405717
usa,profit_growth,monthly,ew,12,2007-11-30,0.00507512929906656
usa,profit_growth,monthly,ew,12,2007-12-31,0.00391776850888505
usa,profit_growth,monthly,ew,12,2008-01-31,-0.0187227813291556
usa,profit_growth,monthly,ew,12,2008-02-29,0.00785199659646081
usa,profit_growth,monthly,ew,12,2008-03-31,0.00255260469456873
usa,profit_growth,monthly,ew,12,2008-04-30,0.00578704939553734
usa,profit_growth,monthly,ew,12,2008-05-31,0.0110349564836982
usa,profit_growth,monthly,ew,12,2008-06-30,0.0165372905042347
usa,profit_growth,monthly,ew,12,2008-07-31,-0.00290719776150761
usa,profit_growth,monthly,ew,12,2008-08-31,-0.0101953502233034
usa,profit_growth,monthly,ew,12,2008-09-30,-0.00968230099494697
usa,profit_growth,monthly,ew,12,2008-10-31,0.00601360350851459
usa,profit_growth,monthly,ew,12,2008-11-30,0.0122898662506141
usa,profit_growth,monthly,ew,12,2008-12-31,0.0115948558381466
usa,profit_growth,monthly,ew,12,2009-01-31,-0.00476828426549672
usa,profit_growth,monthly,ew,12,2009-02-28,0.00742299141756312
usa,profit_growth,monthly,ew,12,2009-03-31,-0.0322881026304953
usa,profit_growth,monthly,ew,12,2009-04-30,-0.0217007221389678
usa,profit_growth,monthly,ew,12,2009-05-31,-0.00494753291683681
usa,profit_growth,monthly,ew,12,2009-06-30,0.00755322043481992
usa,profit_growth,monthly,ew,12,2009-07-31,-0.0156090899523877
usa,profit_growth,monthly,ew,12,2009-08-31,-0.0174380854048456
usa,profit_growth,monthly,ew,12,2009-09-30,-0.0149102260199335
usa,profit_growth,monthly,ew,12,2009-10-31,0.00882161798286394
usa,profit_growth,monthly,ew,12,2009-11-30,0.00748101464686588
usa,profit_growth,monthly,ew,12,2009-12-31,0.00210120410840041
usa,profit_growth,monthly,ew,12,2010-01-31,-0.0021146168937499
usa,profit_growth,monthly,ew,12,2010-02-28,0.00616004346884861
usa,profit_growth,monthly,ew,12,2010-03-31,0.00450602361130961
usa,profit_growth,monthly,ew,12,2010-04-30,-0.00584862595065191
usa,profit_growth,monthly,ew,12,2010-05-31,0.00281965991300904
usa,profit_growth,monthly,ew,12,2010-06-30,-0.000229443027295355
usa,profit_growth,monthly,ew,12,2010-07-31,0.00808379579810592
usa,profit_growth,monthly,ew,12,2010-08-31,-0.000945632433957701
usa,profit_growth,monthly,ew,12,2010-09-30,0.0186092217153563
usa,profit_growth,monthly,ew,12,2010-10-31,0.00201592588528638
usa,profit_growth,monthly,ew,12,2010-11-30,0.00891805120673573
usa,profit_growth,monthly,ew,12,2010-12-31,0.00195645611275219
usa,profit_growth,monthly,ew,12,2011-01-31,-0.000906066100692519
usa,profit_growth,monthly,ew,12,2011-02-28,0.00652405539529671
usa,profit_growth,monthly,ew,12,2011-03-31,0.0085350698490198
usa,profit_growth,monthly,ew,12,2011-04-30,0.00301009736815265
usa,profit_growth,monthly,ew,12,2011-05-31,0.00351389120888315
usa,profit_growth,monthly,ew,12,2011-06-30,0.00797712299020777
usa,profit_growth,monthly,ew,12,2011-07-31,-0.00411194754181401
usa,profit_growth,monthly,ew,12,2011-08-31,0.00352542956601208
usa,profit_growth,monthly,ew,12,2011-09-30,-0.0156259988342499
usa,profit_growth,monthly,ew,12,2011-10-31,0.0307308461278319
usa,profit_growth,monthly,ew,12,2011-11-30,0.00632344439680007
usa,profit_growth,monthly,ew,12,2011-12-31,0.000481999179882978
usa,profit_growth,monthly,ew,12,2012-01-31,-0.00318979002111089
usa,profit_growth,monthly,ew,12,2012-02-29,0.00551660448130935
usa,profit_growth,monthly,ew,12,2012-03-31,-0.00311311921162746
usa,profit_growth,monthly,ew,12,2012-04-30,0.00440061158726207
usa,profit_growth,monthly,ew,12,2012-05-31,0.00822282832139482
usa,profit_growth,monthly,ew,12,2012-06-30,0.00325907365909418
usa,profit_growth,monthly,ew,12,2012-07-31,0.00562569642718258
usa,profit_growth,monthly,ew,12,2012-08-31,0.00154816310584196
usa,profit_growth,monthly,ew,12,2012-09-30,-0.00100219761946121
usa,profit_growth,monthly,ew,12,2012-10-31,0.0027688649478689
usa,profit_growth,monthly,ew,12,2012-11-30,0.00130329117009723
usa,profit_growth,monthly,ew,12,2012-12-31,-0.00126206901415377
usa,profit_growth,monthly,ew,12,2013-01-31,0.00148659375328222
usa,profit_growth,monthly,ew,12,2013-02-28,0.00521575867879462
usa,profit_growth,monthly,ew,12,2013-03-31,0.00531457542014686
usa,profit_growth,monthly,ew,12,2013-04-30,0.00847877696139828
usa,profit_growth,monthly,ew,12,2013-05-31,-0.00902828346042284
usa,profit_growth,monthly,ew,12,2013-06-30,0.00268661189535172
usa,profit_growth,monthly,ew,12,2013-07-31,-0.00170874504678696
usa,profit_growth,monthly,ew,12,2013-08-31,-0.00235635085156754
usa,profit_growth,monthly,ew,12,2013-09-30,0.0042810025269889
usa,profit_growth,monthly,ew,12,2013-10-31,0.00429751080749336
usa,profit_growth,monthly,ew,12,2013-11-30,0.00522069046991083
usa,profit_growth,monthly,ew,12,2013-12-31,0.00399992891129302
usa,profit_growth,monthly,ew,12,2014-01-31,-0.00640639726836225
usa,profit_growth,monthly,ew,12,2014-02-28,0.000453147057087123
usa,profit_growth,monthly,ew,12,2014-03-31,0.00300608168633668
usa,profit_growth,monthly,ew,12,2014-04-30,0.00157112645717933
usa,profit_growth,monthly,ew,12,2014-05-31,0.00318323001253376
usa,profit_growth,monthly,ew,12,2014-06-30,0.00247389397839043
usa,profit_growth,monthly,ew,12,2014-07-31,-0.00542875874389102
usa,profit_growth,monthly,ew,12,2014-08-31,0.0060165771228337
usa,profit_growth,monthly,ew,12,2014-09-30,0.00181126949259201
usa,profit_growth,monthly,ew,12,2014-10-31,0.00712024893809943
usa,profit_growth,monthly,ew,12,2014-11-30,0.00463341894912781
usa,profit_growth,monthly,ew,12,2014-12-31,-0.00509728780115391
usa,profit_growth,monthly,ew,12,2015-01-31,0.0119072168535444
usa,profit_growth,monthly,ew,12,2015-02-28,0.00114738838017473
usa,profit_growth,monthly,ew,12,2015-03-31,0.00304448630561856
usa,profit_growth,monthly,ew,12,2015-04-30,-0.00469485897505691
usa,profit_growth,monthly,ew,12,2015-05-31,0.00388177838175582
usa,profit_growth,monthly,ew,12,2015-06-30,0.00327453186264964
usa,profit_growth,monthly,ew,12,2015-07-31,0.0181016446315161
usa,profit_growth,monthly,ew,12,2015-08-31,-0.00373555075597744
usa,profit_growth,monthly,ew,12,2015-09-30,0.0150646729740152
usa,profit_growth,monthly,ew,12,2015-10-31,-0.0027801727147654
usa,profit_growth,monthly,ew,12,2015-11-30,0.00598678828016397
usa,profit_growth,monthly,ew,12,2015-12-31,0.0109010870919036
usa,profit_growth,monthly,ew,12,2016-01-31,0.00383643043881488
usa,profit_growth,monthly,ew,12,2016-02-29,-0.00587409945525761
usa,profit_growth,monthly,ew,12,2016-03-31,-0.0203577663663772
usa,profit_growth,monthly,ew,12,2016-04-30,-0.0170256413486698
usa,profit_growth,monthly,ew,12,2016-05-31,0.0148405772625693
usa,profit_growth,monthly,ew,12,2016-06-30,-0.00156545450113796
usa,profit_growth,monthly,ew,12,2016-07-31,0.00188456749466666
usa,profit_growth,monthly,ew,12,2016-08-31,-0.00257920426430841
usa,profit_growth,monthly,ew,12,2016-09-30,-0.00400624430990258
usa,profit_growth,monthly,ew,12,2016-10-31,0.00613404100733856
usa,profit_growth,monthly,ew,12,2016-11-30,0.000108148741989448
usa,profit_growth,monthly,ew,12,2016-12-31,0.00242805786662335
usa,profit_growth,monthly,ew,12,2017-01-31,2.57280252169596e-6
usa,profit_growth,monthly,ew,12,2017-02-28,0.0021895005949927
usa,profit_growth,monthly,ew,12,2017-03-31,0.0033743833935038
usa,profit_growth,monthly,ew,12,2017-04-30,0.00750482216015052
usa,profit_growth,monthly,ew,12,2017-05-31,0.00976297710113204
usa,profit_growth,monthly,ew,12,2017-06-30,-0.0075421278877678
usa,profit_growth,monthly,ew,12,2017-07-31,0.00793557626599383
usa,profit_growth,monthly,ew,12,2017-08-31,0.00214389762403076
usa,profit_growth,monthly,ew,12,2017-09-30,-0.00354490144805178
usa,profit_growth,monthly,ew,12,2017-10-31,0.0078600095705048
usa,profit_growth,monthly,ew,12,2017-11-30,-0.00672979678923983
usa,profit_growth,monthly,ew,12,2017-12-31,-0.00397472196317946
usa,profit_growth,monthly,ew,12,2018-01-31,0.00692171190388865
usa,profit_growth,monthly,ew,12,2018-02-28,0.00445975378074098
usa,profit_growth,monthly,ew,12,2018-03-31,-0.00153260481282232
usa,profit_growth,monthly,ew,12,2018-04-30,-0.00195729710162955
usa,profit_growth,monthly,ew,12,2018-05-31,-0.000316234605878431
usa,profit_growth,monthly,ew,12,2018-06-30,-0.0044578257134269
usa,profit_growth,monthly,ew,12,2018-07-31,0.00030012049556836
usa,profit_growth,monthly,ew,12,2018-08-31,0.00274383104953069
usa,profit_growth,monthly,ew,12,2018-09-30,-0.00031106924702174
usa,profit_growth,monthly,ew,12,2018-10-31,-0.000765007620101489
usa,profit_growth,monthly,ew,12,2018-11-30,-0.00469448581145308
usa,profit_growth,monthly,ew,12,2018-12-31,0.00674890581317836
usa,profit_growth,monthly,ew,12,2019-01-31,-0.011091791894322
usa,profit_growth,monthly,ew,12,2019-02-28,0.00394370645506384
usa,profit_growth,monthly,ew,12,2019-03-31,0.00255536579875782
usa,profit_growth,monthly,ew,12,2019-04-30,0.00370093145586079
usa,profit_growth,monthly,ew,12,2019-05-31,0.00354894038816956
usa,profit_growth,monthly,ew,12,2019-06-30,-0.000863816623604601
usa,profit_growth,monthly,ew,12,2019-07-31,0.00294098820670937
usa,profit_growth,monthly,ew,12,2019-08-31,0.00228281416316225
usa,profit_growth,monthly,ew,12,2019-09-30,-0.013909007696176
usa,profit_growth,monthly,ew,12,2019-10-31,0.00295568228260271
usa,profit_growth,monthly,ew,12,2019-11-30,0.00254018581288452
usa,profit_growth,monthly,ew,12,2019-12-31,-0.00156154106825331
usa,profit_growth,monthly,ew,12,2020-01-31,0.00328682354173302
usa,profit_growth,monthly,ew,12,2020-02-29,0.00329612438083884
usa,profit_growth,monthly,ew,12,2020-03-31,0.00897441374315926
usa,profit_growth,monthly,ew,12,2020-04-30,-0.0129160356529882
usa,profit_growth,monthly,ew,12,2020-05-31,-0.000732301119876852
usa,profit_growth,monthly,ew,12,2020-06-30,-0.00470392739872128
usa,profit_growth,monthly,ew,12,2020-07-31,0.00114419227122199
usa,profit_growth,monthly,ew,12,2020-08-31,-0.0100523605550205
usa,profit_growth,monthly,ew,12,2020-09-30,0.00230918184047185
usa,profit_growth,monthly,ew,12,2020-10-31,-0.00504726085101114
usa,profit_growth,monthly,ew,12,2020-11-30,-0.0478486452379874
usa,profit_growth,monthly,ew,12,2020-12-31,-0.00548352315009182
usa,profit_growth,monthly,ew,12,2021-01-31,-0.00415466145879435
usa,profit_growth,monthly,ew,12,2021-02-28,-0.0346365339643228
usa,profit_growth,monthly,ew,12,2021-03-31,-0.00161240965875235
usa,profit_growth,monthly,ew,12,2021-04-30,0.00091167065949572
usa,profit_growth,monthly,ew,12,2021-05-31,-0.00600214357078733
usa,profit_growth,monthly,ew,12,2021-06-30,-0.00297246401228861
usa,profit_growth,monthly,ew,12,2021-07-31,0.00817650925355469
usa,profit_growth,monthly,ew,12,2021-08-31,0.00412275037668817
usa,profit_growth,monthly,ew,12,2021-09-30,-0.00938925157072127
usa,profit_growth,monthly,ew,12,2021-10-31,0.00526496822446519
usa,profit_growth,monthly,ew,12,2021-11-30,0.0046689116987354
usa,profit_growth,monthly,ew,12,2021-12-31,0.00295211376328533
usa,profit_growth,monthly,ew,12,2022-01-31,-0.00461307279194579
usa,profit_growth,monthly,ew,12,2022-02-28,0.010543800938203
usa,profit_growth,monthly,ew,12,2022-03-31,0.00300545784580608
usa,profit_growth,monthly,ew,12,2022-04-30,0.00971896463680416
usa,profit_growth,monthly,ew,12,2022-05-31,0.0184503271002028
usa,profit_growth,monthly,ew,12,2022-06-30,-0.017076026035928
usa,profit_growth,monthly,ew,12,2022-07-31,0.011928169714885
usa,profit_growth,monthly,ew,12,2022-08-31,0.000816391509786248
usa,profit_growth,monthly,ew,12,2022-09-30,0.0109428905199386
usa,profit_growth,monthly,ew,12,2022-10-31,0.0206356966661695
usa,profit_growth,monthly,ew,12,2022-11-30,0.0153597096532292
usa,profit_growth,monthly,ew,12,2022-12-31,0.00894832446870238
usa,profit_growth,monthly,ew,12,2023-01-31,-0.0476400569266848
usa,profit_growth,monthly,ew,12,2023-02-28,0.0178886640514229
usa,profit_growth,monthly,ew,12,2023-03-31,0.00870165122917513
usa,profit_growth,monthly,ew,12,2023-04-30,0.00477558643679191
usa,profit_growth,monthly,ew,12,2023-05-31,-0.00463628268711917
usa,profit_growth,monthly,ew,12,2023-06-30,0.00330128654756573
usa,profit_growth,monthly,ew,12,2023-07-31,0.00856586408596796
usa,profit_growth,monthly,ew,12,2023-08-31,0.0173427684485247
usa,profit_growth,monthly,ew,12,2023-09-30,0.0104982263100965
usa,profit_growth,monthly,ew,12,2023-10-31,0.0115334668889446
usa,profit_growth,monthly,ew,12,2023-11-30,0.00584954381730355
usa,profit_growth,monthly,ew,12,2023-12-31,0.00206278570746775
usa,profit_growth,monthly,ew,12,2024-01-31,0.00896825586556757
usa,profit_growth,monthly,ew,12,2024-02-29,0.00937034284524648
usa,profit_growth,monthly,ew,12,2024-03-31,0.00265978407412936
usa,profit_growth,monthly,ew,12,2024-04-30,-0.00190348569602609
usa,profit_growth,monthly,ew,12,2024-05-31,0.00845491910315731
usa,profit_growth,monthly,ew,12,2024-06-30,0.0170513383987542
usa,profit_growth,monthly,ew,12,2024-07-31,0.00672179229556658
usa,profit_growth,monthly,ew,12,2024-08-31,0.0203062953388074
usa,profit_growth,monthly,ew,12,2024-09-30,0.00187111645823278
usa,profit_growth,monthly,ew,12,2024-10-31,0.00636776163634694
usa,profit_growth,monthly,ew,12,2024-11-30,0.020142725615472
usa,profit_growth,monthly,ew,12,2024-12-31,-0.00657547705220972
usa,profitability,monthly,ew,2,1926-04-30,0.0143747274675379
usa,profitability,monthly,ew,2,1926-05-31,0.00476029902745822
usa,profitability,monthly,ew,2,1926-06-30,0.0176275513461655
usa,profitability,monthly,ew,2,1926-07-31,0.0222398630572899
usa,profitability,monthly,ew,2,1926-08-31,-0.0041409429691732
usa,profitability,monthly,ew,2,1926-09-30,-0.0155127053298591
usa,profitability,monthly,ew,2,1926-10-31,-0.0246890226268128
usa,profitability,monthly,ew,2,1926-11-30,0.0138335681187549
usa,profitability,monthly,ew,2,1926-12-31,0.0354900296110437
usa,profitability,monthly,ew,2,1927-01-31,-0.0216293142129141
usa,profitability,monthly,ew,2,1927-02-28,0.0138457670595938
usa,profitability,monthly,ew,2,1927-03-31,-0.00663402055674875
usa,profitability,monthly,ew,2,1927-04-30,-0.00989716350311709
usa,profitability,monthly,ew,2,1927-05-31,-0.00403511247906926
usa,profitability,monthly,ew,2,1927-06-30,-0.0159588758921052
usa,profitability,monthly,ew,2,1927-07-31,0.0293239435960384
usa,profitability,monthly,ew,2,1927-08-31,-0.00118920253280456
usa,profitability,monthly,ew,2,1927-09-30,0.0269148198252499
usa,profitability,monthly,ew,2,1927-10-31,-0.0135454221614324
usa,profitability,monthly,ew,2,1927-11-30,-0.0194329216055488
usa,profitability,monthly,ew,2,1927-12-31,0.0203949742562383
usa,profitability,monthly,ew,2,1928-01-31,-0.0585123251221197
usa,profitability,monthly,ew,2,1928-02-29,-0.0159871380349143
usa,profitability,monthly,ew,2,1928-03-31,0.0404158569504031
usa,profitability,monthly,ew,2,1928-04-30,-0.0213566923085773
usa,profitability,monthly,ew,2,1928-05-31,-0.0202615369240056
usa,profitability,monthly,ew,2,1928-06-30,0.0244962788559546
usa,profitability,monthly,ew,2,1928-07-31,0.021318293156903
usa,profitability,monthly,ew,2,1928-08-31,0.0513489402281381
usa,profitability,monthly,ew,2,1928-09-30,0.00341404869148183
usa,profitability,monthly,ew,2,1928-10-31,0.00847387948396565
usa,profitability,monthly,ew,2,1928-11-30,0.0342356096977785
usa,profitability,monthly,ew,2,1928-12-31,0.0217534546774321
usa,profitability,monthly,ew,2,1929-01-31,0.0217207523767878
usa,profitability,monthly,ew,2,1929-02-28,-0.00975223355558069
usa,profitability,monthly,ew,2,1929-03-31,0.0213784742221019
usa,profitability,monthly,ew,2,1929-04-30,0.00515683786355697
usa,profitability,monthly,ew,2,1929-05-31,0.0199977840058238
usa,profitability,monthly,ew,2,1929-06-30,0.0541843472261238
usa,profitability,monthly,ew,2,1929-07-31,0.015206619427771
usa,profitability,monthly,ew,2,1929-08-31,0.0378508510000583
usa,profitability,monthly,ew,2,1929-09-30,-0.0168820994737787
usa,profitability,monthly,ew,2,1929-10-31,-0.0349223019021665
usa,profitability,monthly,ew,2,1929-11-30,-0.0452129430133284
usa,profitability,monthly,ew,2,1929-12-31,0.0292059897805266
usa,profitability,monthly,ew,2,1930-01-31,-0.0201669513343054
usa,profitability,monthly,ew,2,1930-02-28,0.0178953127137938
usa,profitability,monthly,ew,2,1930-03-31,-0.00383625424361454
usa,profitability,monthly,ew,2,1930-04-30,0.0179917389252366
usa,profitability,monthly,ew,2,1930-05-31,0.019822072004171
usa,profitability,monthly,ew,2,1930-06-30,-0.0236140209212877
usa,profitability,monthly,ew,2,1930-07-31,0.037323780824013
usa,profitability,monthly,ew,2,1930-08-31,0.0151845922743408
usa,profitability,monthly,ew,2,1930-09-30,-0.0342310129586193
usa,profitability,monthly,ew,2,1930-10-31,-0.0385738732547342
usa,profitability,monthly,ew,2,1930-11-30,0.0319473356780734
usa,profitability,monthly,ew,2,1930-12-31,0.0266847007854142
usa,profitability,monthly,ew,2,1931-01-31,-0.0463226661521628
usa,profitability,monthly,ew,2,1931-02-28,0.0342990842068764
usa,profitability,monthly,ew,2,1931-03-31,-0.0333648483142813
usa,profitability,monthly,ew,2,1931-04-30,0.00993775366324287
usa,profitability,monthly,ew,2,1931-05-31,-0.0529996243555505
usa,profitability,monthly,ew,2,1931-06-30,0.0619451966169086
usa,profitability,monthly,ew,2,1931-07-31,-0.0311546790217185
usa,profitability,monthly,ew,2,1931-08-31,0.0378948548793041
usa,profitability,monthly,ew,2,1931-09-30,-0.0629413145515259
usa,profitability,monthly,ew,2,1931-10-31,0.0787388057758546
usa,profitability,monthly,ew,2,1931-11-30,-0.0454549308428137
usa,profitability,monthly,ew,2,1931-12-31,0.0233778065670085
usa,profitability,monthly,ew,2,1932-01-31,-0.070064670061641
usa,profitability,monthly,ew,2,1932-02-29,0.0716579009387836
usa,profitability,monthly,ew,2,1932-03-31,-0.055318337616468
usa,profitability,monthly,ew,2,1932-04-30,-0.0487783435187493
usa,profitability,monthly,ew,2,1932-05-31,-0.151223540077668
usa,profitability,monthly,ew,2,1932-06-30,0.0315103947557453
usa,profitability,monthly,ew,2,1932-07-31,0.111341721393554
usa,profitability,monthly,ew,2,1932-08-31,-0.270404249370998
usa,profitability,monthly,ew,2,1932-09-30,0.0752359360269368
usa,profitability,monthly,ew,2,1932-10-31,0.0170351001885103
usa,profitability,monthly,ew,2,1932-11-30,0.0238106190828652
usa,profitability,monthly,ew,2,1932-12-31,0.123840067488931
usa,profitability,monthly,ew,2,1933-01-31,-0.00376135298858643
usa,profitability,monthly,ew,2,1933-02-28,-0.0510858405225114
usa,profitability,monthly,ew,2,1933-03-31,-0.0475092706415883
usa,profitability,monthly,ew,2,1933-04-30,0.0800337083763542
usa,profitability,monthly,ew,2,1933-05-31,-0.431962587849431
usa,profitability,monthly,ew,2,1933-06-30,-0.114232598276817
usa,profitability,monthly,ew,2,1933-07-31,-0.021847241866534
usa,profitability,monthly,ew,2,1933-08-31,0.0825472357504641
usa,profitability,monthly,ew,2,1933-09-30,0.0361409077214061
usa,profitability,monthly,ew,2,1933-10-31,0.0184111271158414
usa,profitability,monthly,ew,2,1933-11-30,0.0796972937351852
usa,profitability,monthly,ew,2,1933-12-31,0.0126062565437017
usa,profitability,monthly,ew,2,1934-01-31,-0.265182885309078
usa,profitability,monthly,ew,2,1934-02-28,-0.0779000953480067
usa,profitability,monthly,ew,2,1934-03-31,-0.00423752044707605
usa,profitability,monthly,ew,2,1934-04-30,-0.0354978353896701
usa,profitability,monthly,ew,2,1934-05-31,0.0359917807527319
usa,profitability,monthly,ew,2,1934-06-30,0.0406662895865347
usa,profitability,monthly,ew,2,1934-07-31,0.0722227411579795
usa,profitability,monthly,ew,2,1934-08-31,-0.0380950310452596
usa,profitability,monthly,ew,2,1934-09-30,0.00656048756215754
usa,profitability,monthly,ew,2,1934-10-31,-0.0163012782580054
usa,profitability,monthly,ew,2,1934-11-30,-0.0268824119106266
usa,profitability,monthly,ew,2,1934-12-31,-0.0060251773545439
usa,profitability,monthly,ew,2,1935-01-31,-0.0287622341871732
usa,profitability,monthly,ew,2,1935-02-28,0.0229754946590292
usa,profitability,monthly,ew,2,1935-03-31,0.0373918363942494
usa,profitability,monthly,ew,2,1935-04-30,-0.017866965759421
usa,profitability,monthly,ew,2,1935-05-31,0.0135186346773985
usa,profitability,monthly,ew,2,1935-06-30,0.0583315099158665
usa,profitability,monthly,ew,2,1935-07-31,-0.0282034336831315
usa,profitability,monthly,ew,2,1935-08-31,-0.102247503263686
usa,profitability,monthly,ew,2,1935-09-30,0.00440617933706984
usa,profitability,monthly,ew,2,1935-10-31,-0.0167122868936276
usa,profitability,monthly,ew,2,1935-11-30,-0.181636137061724
usa,profitability,monthly,ew,2,1935-12-31,0.00146537701638197
usa,profitability,monthly,ew,2,1936-01-31,-0.168669953148554
usa,profitability,monthly,ew,2,1936-02-29,-0.0146987205556055
usa,profitability,monthly,ew,2,1936-03-31,0.000316335307233501
usa,profitability,monthly,ew,2,1936-04-30,0.0511372467443647
usa,profitability,monthly,ew,2,1936-05-31,0.00596481250564155
usa,profitability,monthly,ew,2,1936-06-30,0.0255494378841158
usa,profitability,monthly,ew,2,1936-07-31,-0.00949307241306579
usa,profitability,monthly,ew,2,1936-08-31,0.00314871848807888
usa,profitability,monthly,ew,2,1936-09-30,-0.0321598649157481
usa,profitability,monthly,ew,2,1936-10-31,-0.00411640126932332
usa,profitability,monthly,ew,2,1936-11-30,-0.0742243374885034
usa,profitability,monthly,ew,2,1936-12-31,-0.0298496698435555
usa,profitability,monthly,ew,2,1937-01-31,-0.0598111429804676
usa,profitability,monthly,ew,2,1937-02-28,-0.00466779187575864
usa,profitability,monthly,ew,2,1937-03-31,0.00976949090559851
usa,profitability,monthly,ew,2,1937-04-30,0.0330188008850843
usa,profitability,monthly,ew,2,1937-05-31,0.0173540308945548
usa,profitability,monthly,ew,2,1937-06-30,0.0501620586257148
usa,profitability,monthly,ew,2,1937-07-31,-0.00642209216202689
usa,profitability,monthly,ew,2,1937-08-31,0.00732695203738856
usa,profitability,monthly,ew,2,1937-09-30,0.0307853615674228
usa,profitability,monthly,ew,2,1937-10-31,-0.0105656022437989
usa,profitability,monthly,ew,2,1937-11-30,0.0222396284047493
usa,profitability,monthly,ew,2,1937-12-31,0.028997515030327
usa,profitability,monthly,ew,2,1938-01-31,-0.0460092946523438
usa,profitability,monthly,ew,2,1938-02-28,0.0568938745892981
usa,profitability,monthly,ew,2,1938-03-31,-0.0158047522640963
usa,profitability,monthly,ew,2,1938-04-30,-0.00889017201041283
usa,profitability,monthly,ew,2,1938-05-31,-0.00606060705238994
usa,profitability,monthly,ew,2,1938-06-30,0.0665819574232132
usa,profitability,monthly,ew,2,1938-07-31,-0.0300623474004216
usa,profitability,monthly,ew,2,1938-08-31,0.0421727875420037
usa,profitability,monthly,ew,2,1938-09-30,0.0283987904862932
usa,profitability,monthly,ew,2,1938-10-31,-0.0310369056622387
usa,profitability,monthly,ew,2,1938-11-30,0.0281128302978953
usa,profitability,monthly,ew,2,1938-12-31,0.061608305909902
usa,profitability,monthly,ew,2,1939-01-31,-0.0214803960127065
usa,profitability,monthly,ew,2,1939-02-28,0.011475440680265
usa,profitability,monthly,ew,2,1939-03-31,-0.00836954865320838
usa,profitability,monthly,ew,2,1939-04-30,-0.000322911375752838
usa,profitability,monthly,ew,2,1939-05-31,0.0109582660994622
usa,profitability,monthly,ew,2,1939-06-30,-0.0135669977580354
usa,profitability,monthly,ew,2,1939-07-31,0.0298611980541485
usa,profitability,monthly,ew,2,1939-08-31,0.000813451857368967
usa,profitability,monthly,ew,2,1939-09-30,-0.270120585526104
usa,profitability,monthly,ew,2,1939-10-31,0.0631363897514391
usa,profitability,monthly,ew,2,1939-11-30,0.0643220435525308
usa,profitability,monthly,ew,2,1939-12-31,0.0388575254826243
usa,profitability,monthly,ew,2,1940-01-31,0.00245576179105566
usa,profitability,monthly,ew,2,1940-02-29,-0.0187956240630284
usa,profitability,monthly,ew,2,1940-03-31,0.00261639883961954
usa,profitability,monthly,ew,2,1940-04-30,-0.00956032471518417
usa,profitability,monthly,ew,2,1940-05-31,0.0180548543604523
usa,profitability,monthly,ew,2,1940-06-30,0.0189933644204523
usa,profitability,monthly,ew,2,1940-07-31,0.00795025863681915
usa,profitability,monthly,ew,2,1940-08-31,0.0134844276177521
usa,profitability,monthly,ew,2,1940-09-30,0.000841051013084411
usa,profitability,monthly,ew,2,1940-10-31,0.00338173733309673
usa,profitability,monthly,ew,2,1940-11-30,-0.0179545649268819
usa,profitability,monthly,ew,2,1940-12-31,0.0382278106628433
usa,profitability,monthly,ew,2,1941-01-31,-0.0691413414942685
usa,profitability,monthly,ew,2,1941-02-28,0.00816138046263651
usa,profitability,monthly,ew,2,1941-03-31,-0.0116295217268983
usa,profitability,monthly,ew,2,1941-04-30,-0.00307027973223799
usa,profitability,monthly,ew,2,1941-05-31,0.0104783596685353
usa,profitability,monthly,ew,2,1941-06-30,-0.00637258402106805
usa,profitability,monthly,ew,2,1941-07-31,-0.0564846099415056
usa,profitability,monthly,ew,2,1941-08-31,0.0109097651068878
usa,profitability,monthly,ew,2,1941-09-30,0.0184938137239876
usa,profitability,monthly,ew,2,1941-10-31,-0.00713129806742426
usa,profitability,monthly,ew,2,1941-11-30,0.00972422364640404
usa,profitability,monthly,ew,2,1941-12-31,0.0558634682803545
usa,profitability,monthly,ew,2,1942-01-31,-0.145949188266922
usa,profitability,monthly,ew,2,1942-02-28,0.00144408817320872
usa,profitability,monthly,ew,2,1942-03-31,-0.018559116743589
usa,profitability,monthly,ew,2,1942-04-30,-0.00429119415985238
usa,profitability,monthly,ew,2,1942-05-31,0.0203914211604449
usa,profitability,monthly,ew,2,1942-06-30,-0.00488313336857292
usa,profitability,monthly,ew,2,1942-07-31,0.00219158177660057
usa,profitability,monthly,ew,2,1942-08-31,-0.012498588289592
usa,profitability,monthly,ew,2,1942-09-30,-0.0335007569638923
usa,profitability,monthly,ew,2,1942-10-31,-0.00681431794925981
usa,profitability,monthly,ew,2,1942-11-30,0.00814551858086562
usa,profitability,monthly,ew,2,1942-12-31,0.0389598635270287
usa,profitability,monthly,ew,2,1943-01-31,-0.110852764199844
usa,profitability,monthly,ew,2,1943-02-28,-0.0680704917531036
usa,profitability,monthly,ew,2,1943-03-31,-0.0240483139082043
usa,profitability,monthly,ew,2,1943-04-30,-0.040361632444252
usa,profitability,monthly,ew,2,1943-05-31,-0.0331839063910604
usa,profitability,monthly,ew,2,1943-06-30,0.0125793039353236
usa,profitability,monthly,ew,2,1943-07-31,0.00324099043385087
usa,profitability,monthly,ew,2,1943-08-31,0.0255536957126469
usa,profitability,monthly,ew,2,1943-09-30,-0.0104288893521209
usa,profitability,monthly,ew,2,1943-10-31,-0.00983597529312357
usa,profitability,monthly,ew,2,1943-11-30,0.00996666702825824
usa,profitability,monthly,ew,2,1943-12-31,0.0076440150437159
usa,profitability,monthly,ew,2,1944-01-31,-0.0210909331478432
usa,profitability,monthly,ew,2,1944-02-29,-0.0060143285666353
usa,profitability,monthly,ew,2,1944-03-31,-0.0210794069855234
usa,profitability,monthly,ew,2,1944-04-30,0.00215306085132987
usa,profitability,monthly,ew,2,1944-05-31,-0.0043118655796868
usa,profitability,monthly,ew,2,1944-06-30,-0.0481575056393312
usa,profitability,monthly,ew,2,1944-07-31,0.00335084049515016
usa,profitability,monthly,ew,2,1944-08-31,-0.0137316321354079
usa,profitability,monthly,ew,2,1944-09-30,0.00376297750141227
usa,profitability,monthly,ew,2,1944-10-31,-0.00290738756067059
usa,profitability,monthly,ew,2,1944-11-30,-0.000378911661832562
usa,profitability,monthly,ew,2,1944-12-31,-0.0161415325078262
usa,profitability,monthly,ew,2,1945-01-31,-0.0193483766438723
usa,profitability,monthly,ew,2,1945-02-28,-0.0110901783331141
usa,profitability,monthly,ew,2,1945-03-31,0.0224133186450562
usa,profitability,monthly,ew,2,1945-04-30,0.0140301804246157
usa,profitability,monthly,ew,2,1945-05-31,-0.0138709671996638
usa,profitability,monthly,ew,2,1945-06-30,-0.0401003594618825
usa,profitability,monthly,ew,2,1945-07-31,-0.00403311096270109
usa,profitability,monthly,ew,2,1945-08-31,0.0331130148657865
usa,profitability,monthly,ew,2,1945-09-30,-0.00229225090183379
usa,profitability,monthly,ew,2,1945-10-31,-0.0313392978596089
usa,profitability,monthly,ew,2,1945-11-30,-0.0241672783850519
usa,profitability,monthly,ew,2,1945-12-31,-0.007724843524
usa,profitability,monthly,ew,2,1946-01-31,-0.00735885728240626
usa,profitability,monthly,ew,2,1946-02-28,-0.00347800125084194
usa,profitability,monthly,ew,2,1946-03-31,0.0121665856173968
usa,profitability,monthly,ew,2,1946-04-30,-0.0285138271778999
usa,profitability,monthly,ew,2,1946-05-31,0.0000602103546309199
usa,profitability,monthly,ew,2,1946-06-30,-0.0000493966006662253
usa,profitability,monthly,ew,2,1946-07-31,0.0045713297909342
usa,profitability,monthly,ew,2,1946-08-31,-0.00203095264882304
usa,profitability,monthly,ew,2,1946-09-30,0.0102590629068826
usa,profitability,monthly,ew,2,1946-10-31,-0.0042826740897852
usa,profitability,monthly,ew,2,1946-11-30,-0.0100695173773054
usa,profitability,monthly,ew,2,1946-12-31,0.0114865441965553
usa,profitability,monthly,ew,2,1947-01-31,-0.0104893547212835
usa,profitability,monthly,ew,2,1947-02-28,-0.0106794816128964
usa,profitability,monthly,ew,2,1947-03-31,0.00417990794370586
usa,profitability,monthly,ew,2,1947-04-30,0.0117736576571778
usa,profitability,monthly,ew,2,1947-05-31,0.0122871445327245
usa,profitability,monthly,ew,2,1947-06-30,-0.00438238080441458
usa,profitability,monthly,ew,2,1947-07-31,-0.00829537841662922
usa,profitability,monthly,ew,2,1947-08-31,-0.00110557878390105
usa,profitability,monthly,ew,2,1947-09-30,-0.000471349848774732
usa,profitability,monthly,ew,2,1947-10-31,-0.0129863573976858
usa,profitability,monthly,ew,2,1947-11-30,-0.0028551339886554
usa,profitability,monthly,ew,2,1947-12-31,0.0134671387029965
usa,profitability,monthly,ew,2,1948-01-31,-0.0130794548892696
usa,profitability,monthly,ew,2,1948-02-29,0.0051870545822109
usa,profitability,monthly,ew,2,1948-03-31,0.0237442811455392
usa,profitability,monthly,ew,2,1948-04-30,-0.00654128330170188
usa,profitability,monthly,ew,2,1948-05-31,-0.000524419578323637
usa,profitability,monthly,ew,2,1948-06-30,-0.000562280917103851
usa,profitability,monthly,ew,2,1948-07-31,-0.00294056652860169
usa,profitability,monthly,ew,2,1948-08-31,0.0102731694998781
usa,profitability,monthly,ew,2,1948-09-30,0.0081199064204469
usa,profitability,monthly,ew,2,1948-10-31,0.00671474325497429
usa,profitability,monthly,ew,2,1948-11-30,0.00245906225338431
usa,profitability,monthly,ew,2,1948-12-31,0.0265675426533241
usa,profitability,monthly,ew,2,1949-01-31,-0.00862616497532156
usa,profitability,monthly,ew,2,1949-02-28,0.0145016669302336
usa,profitability,monthly,ew,2,1949-03-31,-0.00277628348925606
usa,profitability,monthly,ew,2,1949-04-30,-0.00663045487206774
usa,profitability,monthly,ew,2,1949-05-31,0.0162262541834561
usa,profitability,monthly,ew,2,1949-06-30,0.0135700039563629
usa,profitability,monthly,ew,2,1949-07-31,-0.0020970515728991
usa,profitability,monthly,ew,2,1949-08-31,-0.00447864353492511
usa,profitability,monthly,ew,2,1949-09-30,0.00411179436239904
usa,profitability,monthly,ew,2,1949-10-31,-0.0167215825903962
usa,profitability,monthly,ew,2,1949-11-30,0.0145576213869703
usa,profitability,monthly,ew,2,1949-12-31,-0.00361909920343868
usa,profitability,monthly,ew,2,1950-01-31,-0.0182688405388817
usa,profitability,monthly,ew,2,1950-02-28,-0.002605532800008
usa,profitability,monthly,ew,2,1950-03-31,0.00123211724061654
usa,profitability,monthly,ew,2,1950-04-30,-0.00867288039866659
usa,profitability,monthly,ew,2,1950-05-31,0.0151208961051801
usa,profitability,monthly,ew,2,1950-06-30,0.00670034579664681
usa,profitability,monthly,ew,2,1950-07-31,-0.0386773752397739
usa,profitability,monthly,ew,2,1950-08-31,-0.0059711754985664
usa,profitability,monthly,ew,2,1950-09-30,0.0124539293031524
usa,profitability,monthly,ew,2,1950-10-31,-0.00791219979825019
usa,profitability,monthly,ew,7,1950-11-30,-0.0320218035937062
usa,profitability,monthly,ew,7,1950-12-31,-0.0199823835210696
usa,profitability,monthly,ew,7,1951-01-31,0.00053421256804231
usa,profitability,monthly,ew,7,1951-02-28,0.00514877917830634
usa,profitability,monthly,ew,7,1951-03-31,0.0115710568386999
usa,profitability,monthly,ew,7,1951-04-30,-0.00128720396598293
usa,profitability,monthly,ew,7,1951-05-31,-0.000182503066149122
usa,profitability,monthly,ew,7,1951-06-30,0.00903416339278464
usa,profitability,monthly,ew,7,1951-07-31,0.0141239387008957
usa,profitability,monthly,ew,7,1951-08-31,-0.00671125576259665
usa,profitability,monthly,ew,7,1951-09-30,-0.00396081562765352
usa,profitability,monthly,ew,7,1951-10-31,-0.00202488736176885
usa,profitability,monthly,ew,9,1951-11-30,0.000613174613426012
usa,profitability,monthly,ew,9,1951-12-31,0.0150195519740001
usa,profitability,monthly,ew,9,1952-01-31,-0.000559431176923716
usa,profitability,monthly,ew,9,1952-02-29,0.00188108072995788
usa,profitability,monthly,ew,9,1952-03-31,0.00956114339485027
usa,profitability,monthly,ew,9,1952-04-30,-0.00435460025210209
usa,profitability,monthly,ew,9,1952-05-31,0.00578436326781936
usa,profitability,monthly,ew,9,1952-06-30,0.0048408306440057
usa,profitability,monthly,ew,9,1952-07-31,0.00582031221856552
usa,profitability,monthly,ew,9,1952-08-31,-0.00856793580756837
usa,profitability,monthly,ew,9,1952-09-30,0.000586310478445151
usa,profitability,monthly,ew,9,1952-10-31,0.00443619201079153
usa,profitability,monthly,ew,10,1952-11-30,0.0120661609253788
usa,profitability,monthly,ew,10,1952-12-31,0.0000955015458018122
usa,profitability,monthly,ew,10,1953-01-31,-0.0130182231950363
usa,profitability,monthly,ew,10,1953-02-28,-0.0142390285079127
usa,profitability,monthly,ew,10,1953-03-31,-0.00747430956862598
usa,profitability,monthly,ew,10,1953-04-30,-0.00831857502227231
usa,profitability,monthly,ew,10,1953-05-31,0.00587017328456048
usa,profitability,monthly,ew,10,1953-06-30,0.0059637694047643
usa,profitability,monthly,ew,10,1953-07-31,-0.000153356298532117
usa,profitability,monthly,ew,10,1953-08-31,0.00232288435893496
usa,profitability,monthly,ew,10,1953-09-30,0.0162359703099557
usa,profitability,monthly,ew,10,1953-10-31,0.0104425172113505
usa,profitability,monthly,ew,10,1953-11-30,0.00861817569485703
usa,profitability,monthly,ew,10,1953-12-31,0.0134915890070851
usa,profitability,monthly,ew,10,1954-01-31,-0.0147185932859912
usa,profitability,monthly,ew,10,1954-02-28,0.00293766724118263
usa,profitability,monthly,ew,10,1954-03-31,0.0160179691612904
usa,profitability,monthly,ew,10,1954-04-30,0.017863594247408
usa,profitability,monthly,ew,10,1954-05-31,-0.00252222381147059
usa,profitability,monthly,ew,10,1954-06-30,0.0023170429829309
usa,profitability,monthly,ew,10,1954-07-31,-0.0121077559114222
usa,profitability,monthly,ew,10,1954-08-31,-0.010902436431502
usa,profitability,monthly,ew,10,1954-09-30,0.0043360832202982
usa,profitability,monthly,ew,10,1954-10-31,0.0121633050785772
usa,profitability,monthly,ew,10,1954-11-30,0.0121585870536772
usa,profitability,monthly,ew,10,1954-12-31,-0.0225624451688844
usa,profitability,monthly,ew,10,1955-01-31,-0.00328651307091902
usa,profitability,monthly,ew,10,1955-02-28,0.00216649928382299
usa,profitability,monthly,ew,10,1955-03-31,0.00470505559827571
usa,profitability,monthly,ew,10,1955-04-30,0.00371144770342675
usa,profitability,monthly,ew,10,1955-05-31,0.00913646422317331
usa,profitability,monthly,ew,10,1955-06-30,-0.00553858083422086
usa,profitability,monthly,ew,10,1955-07-31,-0.0118548101455174
usa,profitability,monthly,ew,10,1955-08-31,0.01583219526373
usa,profitability,monthly,ew,10,1955-09-30,-0.00596621534621996
usa,profitability,monthly,ew,10,1955-10-31,0.00133537508609396
usa,profitability,monthly,ew,10,1955-11-30,0.0157554620580966
usa,profitability,monthly,ew,10,1955-12-31,0.00157931100894832
usa,profitability,monthly,ew,10,1956-01-31,-0.0158555126987613
usa,profitability,monthly,ew,10,1956-02-29,0.0149274111993616
usa,profitability,monthly,ew,10,1956-03-31,0.00629765174953782
usa,profitability,monthly,ew,10,1956-04-30,0.006805482827897
usa,profitability,monthly,ew,10,1956-05-31,-0.00454480887977455
usa,profitability,monthly,ew,10,1956-06-30,0.0191305125405802
usa,profitability,monthly,ew,10,1956-07-31,0.0210005175199063
usa,profitability,monthly,ew,10,1956-08-31,-0.00128022679230746
usa,profitability,monthly,ew,10,1956-09-30,-0.0105980248558454
usa,profitability,monthly,ew,10,1956-10-31,0.00624639709180815
usa,profitability,monthly,ew,10,1956-11-30,-0.00492308959164928
usa,profitability,monthly,ew,10,1956-12-31,0.0156961786176115
usa,profitability,monthly,ew,10,1957-01-31,-0.0296389912260482
usa,profitability,monthly,ew,10,1957-02-28,0.00433544776595874
usa,profitability,monthly,ew,10,1957-03-31,0.000115557886301966
usa,profitability,monthly,ew,10,1957-04-30,0.00497011090676939
usa,profitability,monthly,ew,10,1957-05-31,0.00700835985262559
usa,profitability,monthly,ew,10,1957-06-30,0.00822162006630103
usa,profitability,monthly,ew,10,1957-07-31,-0.00266433647203391
usa,profitability,monthly,ew,10,1957-08-31,-0.00938208398846412
usa,profitability,monthly,ew,10,1957-09-30,-0.00101137526619542
usa,profitability,monthly,ew,10,1957-10-31,0.0105070616408642
usa,profitability,monthly,ew,10,1957-11-30,0.0127032356728984
usa,profitability,monthly,ew,10,1957-12-31,0.00527398095943979
usa,profitability,monthly,ew,10,1958-01-31,-0.0375885059133286
usa,profitability,monthly,ew,10,1958-02-28,0.000868750866983679
usa,profitability,monthly,ew,10,1958-03-31,-0.000475004608586841
usa,profitability,monthly,ew,10,1958-04-30,0.000816628472101593
usa,profitability,monthly,ew,10,1958-05-31,-0.00902729831298496
usa,profitability,monthly,ew,10,1958-06-30,0.00153553990090653
usa,profitability,monthly,ew,10,1958-07-31,0.000154101041623565
usa,profitability,monthly,ew,10,1958-08-31,-0.00569766374145507
usa,profitability,monthly,ew,10,1958-09-30,-0.0107736197273226
usa,profitability,monthly,ew,10,1958-10-31,-0.00330755450506698
usa,profitability,monthly,ew,10,1958-11-30,0.00311138889341778
usa,profitability,monthly,ew,10,1958-12-31,-0.00192578456599324
usa,profitability,monthly,ew,10,1959-01-31,-0.0155698188078609
usa,profitability,monthly,ew,10,1959-02-28,-0.00019231365752343
usa,profitability,monthly,ew,10,1959-03-31,-0.00183122838750676
usa,profitability,monthly,ew,10,1959-04-30,0.0240167049140424
usa,profitability,monthly,ew,10,1959-05-31,-0.000688835317411566
usa,profitability,monthly,ew,10,1959-06-30,0.00111706579484746
usa,profitability,monthly,ew,10,1959-07-31,0.00263275402283082
usa,profitability,monthly,ew,10,1959-08-31,0.00300322527074424
usa,profitability,monthly,ew,10,1959-09-30,0.00211008596812839
usa,profitability,monthly,ew,10,1959-10-31,0.00900179589650897
usa,profitability,monthly,ew,10,1959-11-30,0.00901203359390456
usa,profitability,monthly,ew,10,1959-12-31,-0.00651561554505159
usa,profitability,monthly,ew,10,1960-01-31,-0.0041293722415736
usa,profitability,monthly,ew,10,1960-02-29,0.0032012868280223
usa,profitability,monthly,ew,10,1960-03-31,0.0120126312981932
usa,profitability,monthly,ew,10,1960-04-30,0.0187902405235199
usa,profitability,monthly,ew,10,1960-05-31,0.0184218163778255
usa,profitability,monthly,ew,10,1960-06-30,0.00218481887996355
usa,profitability,monthly,ew,10,1960-07-31,-0.00735381555144488
usa,profitability,monthly,ew,10,1960-08-31,-0.0134583516272165
usa,profitability,monthly,ew,10,1960-09-30,-0.00296266915970066
usa,profitability,monthly,ew,10,1960-10-31,0.00587226598043989
usa,profitability,monthly,ew,10,1960-11-30,0.0171842796382908
usa,profitability,monthly,ew,10,1960-12-31,0.00301727352347285
usa,profitability,monthly,ew,10,1961-01-31,-0.0207480347526402
usa,profitability,monthly,ew,10,1961-02-28,-0.00620920614736955
usa,profitability,monthly,ew,10,1961-03-31,-0.0170193038390644
usa,profitability,monthly,ew,10,1961-04-30,-0.00823518351314971
usa,profitability,monthly,ew,10,1961-05-31,0.000370464077664855
usa,profitability,monthly,ew,10,1961-06-30,0.0164785231877326
usa,profitability,monthly,ew,10,1961-07-31,0.00644460464173625
usa,profitability,monthly,ew,10,1961-08-31,0.0159396830686593
usa,profitability,monthly,ew,10,1961-09-30,0.0168055804253818
usa,profitability,monthly,ew,10,1961-10-31,0.0130705454977151
usa,profitability,monthly,ew,10,1961-11-30,-0.00337062713121895
usa,profitability,monthly,ew,10,1961-12-31,-0.0158536190188373
usa,profitability,monthly,ew,10,1962-01-31,-0.0276831630117598
usa,profitability,monthly,ew,10,1962-02-28,-0.00217031690095378
usa,profitability,monthly,ew,10,1962-03-31,-0.00476148552562466
usa,profitability,monthly,ew,10,1962-04-30,0.00521744942379431
usa,profitability,monthly,ew,10,1962-05-31,-0.0125068502044812
usa,profitability,monthly,ew,10,1962-06-30,0.00248730195172395
usa,profitability,monthly,ew,10,1962-07-31,0.00244881444152777
usa,profitability,monthly,ew,10,1962-08-31,-0.000237420863028939
usa,profitability,monthly,ew,10,1962-09-30,0.00336874938064741
usa,profitability,monthly,ew,10,1962-10-31,0.015338146558468
usa,profitability,monthly,ew,10,1962-11-30,0.00847484631881494
usa,profitability,monthly,ew,10,1962-12-31,0.0190856369293977
usa,profitability,monthly,ew,10,1963-01-31,-0.0263948522563633
usa,profitability,monthly,ew,10,1963-02-28,-0.00436750217068906
usa,profitability,monthly,ew,10,1963-03-31,0.00552690514222845
usa,profitability,monthly,ew,10,1963-04-30,0.014386666596967
usa,profitability,monthly,ew,10,1963-05-31,-0.00937258894247978
usa,profitability,monthly,ew,10,1963-06-30,-0.000982679750586998
usa,profitability,monthly,ew,10,1963-07-31,0.00364454154876389
usa,profitability,monthly,ew,10,1963-08-31,0.00818893605394899
usa,profitability,monthly,ew,10,1963-09-30,-0.00498502449443398
usa,profitability,monthly,ew,10,1963-10-31,0.00413488087228939
usa,profitability,monthly,ew,10,1963-11-30,0.00170923429748744
usa,profitability,monthly,ew,10,1963-12-31,0.0123140049675706
usa,profitability,monthly,ew,10,1964-01-31,-0.0130276881800568
usa,profitability,monthly,ew,10,1964-02-29,-0.00128952578859349
usa,profitability,monthly,ew,10,1964-03-31,-0.0101229663625561
usa,profitability,monthly,ew,10,1964-04-30,-0.00318810635541878
usa,profitability,monthly,ew,10,1964-05-31,0.00672542461642389
usa,profitability,monthly,ew,10,1964-06-30,0.00604414646942521
usa,profitability,monthly,ew,10,1964-07-31,-0.000522497308601835
usa,profitability,monthly,ew,10,1964-08-31,-0.00517436810815934
usa,profitability,monthly,ew,10,1964-09-30,-0.00336482848126745
usa,profitability,monthly,ew,10,1964-10-31,-0.00727387942108319
usa,profitability,monthly,ew,10,1964-11-30,0.00793737182932521
usa,profitability,monthly,ew,10,1964-12-31,0.0113467224880192
usa,profitability,monthly,ew,10,1965-01-31,-0.012109839545588
usa,profitability,monthly,ew,10,1965-02-28,-0.0025969702768314
usa,profitability,monthly,ew,10,1965-03-31,-0.01036587706645
usa,profitability,monthly,ew,10,1965-04-30,-0.00359328405684238
usa,profitability,monthly,ew,10,1965-05-31,-0.00219628389994779
usa,profitability,monthly,ew,10,1965-06-30,0.0106246511879288
usa,profitability,monthly,ew,10,1965-07-31,-0.0025009502950606
usa,profitability,monthly,ew,10,1965-08-31,0.00208103800432653
usa,profitability,monthly,ew,10,1965-09-30,-0.00419520962670786
usa,profitability,monthly,ew,10,1965-10-31,-0.0127483285126619
usa,profitability,monthly,ew,10,1965-11-30,-0.0153785540136303
usa,profitability,monthly,ew,10,1965-12-31,-0.0134563923006658
usa,profitability,monthly,ew,10,1966-01-31,-0.0291638330071036
usa,profitability,monthly,ew,10,1966-02-28,-0.0258551880444575
usa,profitability,monthly,ew,10,1966-03-31,-0.00696457320048415
usa,profitability,monthly,ew,10,1966-04-30,-0.00607805458337791
usa,profitability,monthly,ew,10,1966-05-31,0.0180949305673792
usa,profitability,monthly,ew,10,1966-06-30,0.007789367405368
usa,profitability,monthly,ew,10,1966-07-31,0.00116484736269517
usa,profitability,monthly,ew,11,1966-08-31,0.0165073496291231
usa,profitability,monthly,ew,11,1966-09-30,0.00306662032252231
usa,profitability,monthly,ew,11,1966-10-31,0.0152798852773124
usa,profitability,monthly,ew,11,1966-11-30,0.0188088638650579
usa,profitability,monthly,ew,11,1966-12-31,0.00384662975868092
usa,profitability,monthly,ew,11,1967-01-31,-0.0238773607364272
usa,profitability,monthly,ew,11,1967-02-28,-0.014383601274582
usa,profitability,monthly,ew,11,1967-03-31,-0.00750660002783514
usa,profitability,monthly,ew,11,1967-04-30,0.00463634925374366
usa,profitability,monthly,ew,11,1967-05-31,-0.00633111581276515
usa,profitability,monthly,ew,11,1967-06-30,-0.0160787527189675
usa,profitability,monthly,ew,11,1967-07-31,-0.0167830755538243
usa,profitability,monthly,ew,11,1967-08-31,0.00299506321793377
usa,profitability,monthly,ew,11,1967-09-30,-0.0127906709529113
usa,profitability,monthly,ew,11,1967-10-31,-0.0114305066600628
usa,profitability,monthly,ew,11,1967-11-30,0.00602575657783541
usa,profitability,monthly,ew,11,1967-12-31,-0.0152671950358895
usa,profitability,monthly,ew,11,1968-01-31,-0.0360737530094336
usa,profitability,monthly,ew,11,1968-02-29,0.00549085935660763
usa,profitability,monthly,ew,11,1968-03-31,0.00192204927347275
usa,profitability,monthly,ew,11,1968-04-30,0.000236323397007615
usa,profitability,monthly,ew,11,1968-05-31,-0.0193831466987506
usa,profitability,monthly,ew,11,1968-06-30,0.00161534545927633
usa,profitability,monthly,ew,11,1968-07-31,-0.0144816197921642
usa,profitability,monthly,ew,11,1968-08-31,-0.00715051817683252
usa,profitability,monthly,ew,11,1968-09-30,-0.00971221917227978
usa,profitability,monthly,ew,11,1968-10-31,-0.00195147908436796
usa,profitability,monthly,ew,11,1968-11-30,0.00733236392904387
usa,profitability,monthly,ew,11,1968-12-31,-0.0114514302266422
usa,profitability,monthly,ew,11,1969-01-31,-0.0013435121642998
usa,profitability,monthly,ew,11,1969-02-28,0.00764708148109437
usa,profitability,monthly,ew,11,1969-03-31,0.00256142217378773
usa,profitability,monthly,ew,11,1969-04-30,0.00309490530810094
usa,profitability,monthly,ew,11,1969-05-31,0.00612569678610687
usa,profitability,monthly,ew,11,1969-06-30,0.0152761438208845
usa,profitability,monthly,ew,11,1969-07-31,0.0117507689490217
usa,profitability,monthly,ew,11,1969-08-31,0.0132698869063249
usa,profitability,monthly,ew,11,1969-09-30,0.018182510089726
usa,profitability,monthly,ew,11,1969-10-31,-0.00805906150675632
usa,profitability,monthly,ew,11,1969-11-30,0.0155305524176587
usa,profitability,monthly,ew,11,1969-12-31,0.0234485024462158
usa,profitability,monthly,ew,11,1970-01-31,-0.0141489493340438
usa,profitability,monthly,ew,11,1970-02-28,-0.00676075353248433
usa,profitability,monthly,ew,11,1970-03-31,0.00575109992576034
usa,profitability,monthly,ew,11,1970-04-30,0.0116562230359872
usa,profitability,monthly,ew,11,1970-05-31,0.00649076081025388
usa,profitability,monthly,ew,11,1970-06-30,0.02111539032784
usa,profitability,monthly,ew,11,1970-07-31,0.0156191217577099
usa,profitability,monthly,ew,11,1970-08-31,-0.00553370735670289
usa,profitability,monthly,ew,11,1970-09-30,-0.0237522506594739
usa,profitability,monthly,ew,11,1970-10-31,0.0293355045884803
usa,profitability,monthly,ew,11,1970-11-30,0.0298695466491478
usa,profitability,monthly,ew,11,1970-12-31,0.0035176437662746
usa,profitability,monthly,ew,11,1971-01-31,-0.0515157980334981
usa,profitability,monthly,ew,11,1971-02-28,-0.00732534100704862
usa,profitability,monthly,ew,11,1971-03-31,0.0087043196925421
usa,profitability,monthly,ew,11,1971-04-30,-0.0025470748414579
usa,profitability,monthly,ew,11,1971-05-31,0.0154118497598362
usa,profitability,monthly,ew,11,1971-06-30,0.0215467491491406
usa,profitability,monthly,ew,11,1971-07-31,0.0124503962025161
usa,profitability,monthly,ew,11,1971-08-31,0.00542166897965249
usa,profitability,monthly,ew,11,1971-09-30,0.0178607464079401
usa,profitability,monthly,ew,11,1971-10-31,0.0137480397901701
usa,profitability,monthly,ew,11,1971-11-30,0.0163676530025988
usa,profitability,monthly,ew,11,1971-12-31,0.00160146571546857
usa,profitability,monthly,ew,11,1972-01-31,-0.0421042447901715
usa,profitability,monthly,ew,11,1972-02-29,-0.00241382870428744
usa,profitability,monthly,ew,11,1972-03-31,0.0105137808695624
usa,profitability,monthly,ew,11,1972-04-30,0.00270924096927849
usa,profitability,monthly,ew,11,1972-05-31,0.0198740095541113
usa,profitability,monthly,ew,11,1972-06-30,0.00604338328000139
usa,profitability,monthly,ew,11,1972-07-31,0.00435002012548167
usa,profitability,monthly,ew,11,1972-08-31,0.00264801668428297
usa,profitability,monthly,ew,11,1972-09-30,0.0112318400430131
usa,profitability,monthly,ew,11,1972-10-31,0.011138815490957
usa,profitability,monthly,ew,11,1972-11-30,0.00524272465311542
usa,profitability,monthly,ew,11,1972-12-31,0.0131713978247851
usa,profitability,monthly,ew,11,1973-01-31,-0.0174104154124995
usa,profitability,monthly,ew,11,1973-02-28,-0.00589336660297863
usa,profitability,monthly,ew,11,1973-03-31,-0.00293099218701771
usa,profitability,monthly,ew,11,1973-04-30,-0.00903552058403889
usa,profitability,monthly,ew,11,1973-05-31,0.0191242062028763
usa,profitability,monthly,ew,11,1973-06-30,0.000590498664577426
usa,profitability,monthly,ew,11,1973-07-31,0.000773972881922122
usa,profitability,monthly,ew,11,1973-08-31,0.00579665263020518
usa,profitability,monthly,ew,11,1973-09-30,0.0105054597888944
usa,profitability,monthly,ew,11,1973-10-31,-0.0134236242900077
usa,profitability,monthly,ew,11,1973-11-30,0.00188651838348759
usa,profitability,monthly,ew,11,1973-12-31,0.0350264007537885
usa,profitability,monthly,ew,11,1974-01-31,-0.0733413315446754
usa,profitability,monthly,ew,11,1974-02-28,-0.00216031300968547
usa,profitability,monthly,ew,11,1974-03-31,-0.00917622660480924
usa,profitability,monthly,ew,11,1974-04-30,0.00320737684122984
usa,profitability,monthly,ew,11,1974-05-31,0.0161104345343758
usa,profitability,monthly,ew,11,1974-06-30,0.00213928726990242
usa,profitability,monthly,ew,11,1974-07-31,-0.000894202158385138
usa,profitability,monthly,ew,11,1974-08-31,-0.000748885890542316
usa,profitability,monthly,ew,11,1974-09-30,-0.0106412107032258
usa,profitability,monthly,ew,11,1974-10-31,0.0378939920855654
usa,profitability,monthly,ew,11,1974-11-30,0.0138791854498191
usa,profitability,monthly,ew,11,1974-12-31,0.0263712476450738
usa,profitability,monthly,ew,11,1975-01-31,-0.094560769857531
usa,profitability,monthly,ew,11,1975-02-28,0.00338241609928262
usa,profitability,monthly,ew,11,1975-03-31,-0.0233903842335794
usa,profitability,monthly,ew,11,1975-04-30,0.0162011969003874
usa,profitability,monthly,ew,11,1975-05-31,-0.0023974565439682
usa,profitability,monthly,ew,11,1975-06-30,-0.0181818067466622
usa,profitability,monthly,ew,11,1975-07-31,-0.0192174928419548
usa,profitability,monthly,ew,11,1975-08-31,0.0152546589535585
usa,profitability,monthly,ew,11,1975-09-30,0.00456650148341694
usa,profitability,monthly,ew,11,1975-10-31,0.0153356128758498
usa,profitability,monthly,ew,11,1975-11-30,0.00261346311268796
usa,profitability,monthly,ew,11,1975-12-31,-0.00246870151420219
usa,profitability,monthly,ew,11,1976-01-31,-0.0524388167462596
usa,profitability,monthly,ew,11,1976-02-29,-0.0533111811987837
usa,profitability,monthly,ew,11,1976-03-31,-0.000703652288735146
usa,profitability,monthly,ew,11,1976-04-30,0.00146631196132793
usa,profitability,monthly,ew,11,1976-05-31,0.0139872093024887
usa,profitability,monthly,ew,11,1976-06-30,0.0115638967782687
usa,profitability,monthly,ew,11,1976-07-31,-0.00448435986642076
usa,profitability,monthly,ew,11,1976-08-31,0.0115778565385267
usa,profitability,monthly,ew,11,1976-09-30,0.0124725405820382
usa,profitability,monthly,ew,11,1976-10-31,0.00849158461492736
usa,profitability,monthly,ew,11,1976-11-30,0.00410867278258546
usa,profitability,monthly,ew,11,1976-12-31,-0.0143067392090604
usa,profitability,monthly,ew,11,1977-01-31,-0.0365244944117594
usa,profitability,monthly,ew,11,1977-02-28,-0.00848121481792336
usa,profitability,monthly,ew,11,1977-03-31,-0.00550674449867978
usa,profitability,monthly,ew,11,1977-04-30,-0.00168504294045746
usa,profitability,monthly,ew,11,1977-05-31,-0.000833907277595136
usa,profitability,monthly,ew,11,1977-06-30,0.00699165887782064
usa,profitability,monthly,ew,11,1977-07-31,-0.00679340290395208
usa,profitability,monthly,ew,11,1977-08-31,0.00832296792563368
usa,profitability,monthly,ew,11,1977-09-30,0.00454923945236405
usa,profitability,monthly,ew,11,1977-10-31,-0.00140757249731641
usa,profitability,monthly,ew,11,1977-11-30,0.00275356750397977
usa,profitability,monthly,ew,11,1977-12-31,0.00345411702017818
usa,profitability,monthly,ew,11,1978-01-31,-0.0295217150956303
usa,profitability,monthly,ew,11,1978-02-28,-0.00143825071924718
usa,profitability,monthly,ew,11,1978-03-31,-0.00347363212059425
usa,profitability,monthly,ew,11,1978-04-30,0.00197234289622634
usa,profitability,monthly,ew,11,1978-05-31,-0.00830398508412296
usa,profitability,monthly,ew,11,1978-06-30,-0.00828618659318854
usa,profitability,monthly,ew,11,1978-07-31,0.013633352930016
usa,profitability,monthly,ew,11,1978-08-31,-0.0113019465669055
usa,profitability,monthly,ew,11,1978-09-30,-0.0167759734818005
usa,profitability,monthly,ew,11,1978-10-31,0.0148729278619617
usa,profitability,monthly,ew,11,1978-11-30,0.0128213898084496
usa,profitability,monthly,ew,11,1978-12-31,0.0201111965730961
usa,profitability,monthly,ew,11,1979-01-31,-0.0236983103904533
usa,profitability,monthly,ew,11,1979-02-28,-0.00607039547174163
usa,profitability,monthly,ew,11,1979-03-31,0.00224720971991495
usa,profitability,monthly,ew,11,1979-04-30,-0.00785649292739721
usa,profitability,monthly,ew,11,1979-05-31,-0.0018362619968601
usa,profitability,monthly,ew,11,1979-06-30,-0.0101987017844208
usa,profitability,monthly,ew,11,1979-07-31,0.0131651898331541
usa,profitability,monthly,ew,11,1979-08-31,0.0104519147424839
usa,profitability,monthly,ew,11,1979-09-30,0.00395463257249461
usa,profitability,monthly,ew,11,1979-10-31,0.00807396518588406
usa,profitability,monthly,ew,11,1979-11-30,0.0181027572944298
usa,profitability,monthly,ew,11,1979-12-31,0.00126612300493202
usa,profitability,monthly,ew,11,1980-01-31,-0.0252753659649436
usa,profitability,monthly,ew,11,1980-02-29,-0.00293233335113456
usa,profitability,monthly,ew,11,1980-03-31,0.0163605778051506
usa,profitability,monthly,ew,11,1980-04-30,0.0141470974308158
usa,profitability,monthly,ew,11,1980-05-31,0.00559323507624313
usa,profitability,monthly,ew,11,1980-06-30,0.0108743178323904
usa,profitability,monthly,ew,11,1980-07-31,0.0191897198278196
usa,profitability,monthly,ew,11,1980-08-31,-0.00413908903186991
usa,profitability,monthly,ew,11,1980-09-30,0.00534705526337945
usa,profitability,monthly,ew,11,1980-10-31,0.00584312299833488
usa,profitability,monthly,ew,11,1980-11-30,0.0395676992077333
usa,profitability,monthly,ew,11,1980-12-31,0.000693553410689745
usa,profitability,monthly,ew,11,1981-01-31,-0.0336083955755112
usa,profitability,monthly,ew,11,1981-02-28,0.00144621472605087
usa,profitability,monthly,ew,11,1981-03-31,0.000565168853706569
usa,profitability,monthly,ew,11,1981-04-30,-0.0018647209841342
usa,profitability,monthly,ew,11,1981-05-31,0.00595409926726168
usa,profitability,monthly,ew,11,1981-06-30,-0.0136153551370006
usa,profitability,monthly,ew,11,1981-07-31,0.00698666177411201
usa,profitability,monthly,ew,11,1981-08-31,0.000935690334190629
usa,profitability,monthly,ew,11,1981-09-30,0.00996894771517963
usa,profitability,monthly,ew,11,1981-10-31,0.026544420212819
usa,profitability,monthly,ew,11,1981-11-30,0.0158348933117911
usa,profitability,monthly,ew,11,1981-12-31,0.00466075294383046
usa,profitability,monthly,ew,11,1982-01-31,-0.0102044646866538
usa,profitability,monthly,ew,11,1982-02-28,-0.00660227465242361
usa,profitability,monthly,ew,11,1982-03-31,-0.00556996803991582
usa,profitability,monthly,ew,11,1982-04-30,0.00414616876151982
usa,profitability,monthly,ew,11,1982-05-31,-0.00632968313524843
usa,profitability,monthly,ew,11,1982-06-30,0.00479351534718559
usa,profitability,monthly,ew,11,1982-07-31,0.00187795943809615
usa,profitability,monthly,ew,11,1982-08-31,0.0190857131152242
usa,profitability,monthly,ew,11,1982-09-30,0.00571759501673422
usa,profitability,monthly,ew,11,1982-10-31,0.0219008682442352
usa,profitability,monthly,ew,11,1982-11-30,-0.00253892084369341
usa,profitability,monthly,ew,11,1982-12-31,-0.000842788884275019
usa,profitability,monthly,ew,11,1983-01-31,-0.0570455797125183
usa,profitability,monthly,ew,11,1983-02-28,0.00684919972536569
usa,profitability,monthly,ew,11,1983-03-31,-0.0114690692035167
usa,profitability,monthly,ew,11,1983-04-30,-0.00648781002672984
usa,profitability,monthly,ew,11,1983-05-31,-0.038215498638002
usa,profitability,monthly,ew,11,1983-06-30,-0.00592689850768443
usa,profitability,monthly,ew,11,1983-07-31,-0.0144158716388353
usa,profitability,monthly,ew,11,1983-08-31,0.0118190873885771
usa,profitability,monthly,ew,11,1983-09-30,0.0171640569136843
usa,profitability,monthly,ew,11,1983-10-31,0.000475242553408332
usa,profitability,monthly,ew,11,1983-11-30,0.0268550448323612
usa,profitability,monthly,ew,11,1983-12-31,0.00128789628643181
usa,profitability,monthly,ew,11,1984-01-31,-0.0309049989492361
usa,profitability,monthly,ew,11,1984-02-29,-0.00329283082335931
usa,profitability,monthly,ew,11,1984-03-31,-0.00170756235672789
usa,profitability,monthly,ew,11,1984-04-30,0.0143375121144178
usa,profitability,monthly,ew,11,1984-05-31,0.00483163400934974
usa,profitability,monthly,ew,11,1984-06-30,0.0311781200984013
usa,profitability,monthly,ew,11,1984-07-31,0.0161668099492866
usa,profitability,monthly,ew,11,1984-08-31,0.0338082918553039
usa,profitability,monthly,ew,11,1984-09-30,-0.00230235452813565
usa,profitability,monthly,ew,11,1984-10-31,0.0247890291883243
usa,profitability,monthly,ew,11,1984-11-30,0.0164591069839137
usa,profitability,monthly,ew,11,1984-12-31,0.0230544013340889
usa,profitability,monthly,ew,11,1985-01-31,0.00338016020168957
usa,profitability,monthly,ew,11,1985-02-28,-0.0122219319388911
usa,profitability,monthly,ew,11,1985-03-31,-0.00111829340829542
usa,profitability,monthly,ew,11,1985-04-30,0.00944069586962428
usa,profitability,monthly,ew,11,1985-05-31,0.0285264150509579
usa,profitability,monthly,ew,11,1985-06-30,0.0204147991644789
usa,profitability,monthly,ew,11,1985-07-31,0.00133989627884121
usa,profitability,monthly,ew,11,1985-08-31,0.00114982188686506
usa,profitability,monthly,ew,11,1985-09-30,0.00799075366777317
usa,profitability,monthly,ew,11,1985-10-31,0.0253987032365011
usa,profitability,monthly,ew,11,1985-11-30,0.0285097432436114
usa,profitability,monthly,ew,11,1985-12-31,0.0209170020632397
usa,profitability,monthly,ew,11,1986-01-31,-0.0108842156775776
usa,profitability,monthly,ew,11,1986-02-28,0.0195438911318012
usa,profitability,monthly,ew,11,1986-03-31,0.0107111262042203
usa,profitability,monthly,ew,11,1986-04-30,0.00409730065751798
usa,profitability,monthly,ew,11,1986-05-31,0.0171939305669704
usa,profitability,monthly,ew,11,1986-06-30,0.0145513749537774
usa,profitability,monthly,ew,11,1986-07-31,-0.000406180809246537
usa,profitability,monthly,ew,11,1986-08-31,0.0180110684054961
usa,profitability,monthly,ew,11,1986-09-30,-0.0174236901435075
usa,profitability,monthly,ew,11,1986-10-31,0.0281800219889417
usa,profitability,monthly,ew,11,1986-11-30,0.0165909926896523
usa,profitability,monthly,ew,11,1986-12-31,0.0118532633420962
usa,profitability,monthly,ew,11,1987-01-31,0.0126443137103179
usa,profitability,monthly,ew,11,1987-02-28,-0.00106542448453797
usa,profitability,monthly,ew,11,1987-03-31,-0.0215644876480939
usa,profitability,monthly,ew,11,1987-04-30,-0.0124250424838653
usa,profitability,monthly,ew,11,1987-05-31,-0.0122685946702502
usa,profitability,monthly,ew,11,1987-06-30,0.010785705025091
usa,profitability,monthly,ew,11,1987-07-31,-0.00625292901416088
usa,profitability,monthly,ew,11,1987-08-31,0.029629229359016
usa,profitability,monthly,ew,11,1987-09-30,-0.00261772511512879
usa,profitability,monthly,ew,11,1987-10-31,0.0117367762715817
usa,profitability,monthly,ew,11,1987-11-30,0.00566281557577529
usa,profitability,monthly,ew,11,1987-12-31,0.0619873344622475
usa,profitability,monthly,ew,11,1988-01-31,-0.0316582956208559
usa,profitability,monthly,ew,11,1988-02-29,0.0245646379656362
usa,profitability,monthly,ew,11,1988-03-31,-0.0131982545765147
usa,profitability,monthly,ew,11,1988-04-30,-0.000856167826424018
usa,profitability,monthly,ew,11,1988-05-31,0.0078643297093414
usa,profitability,monthly,ew,11,1988-06-30,0.0192267875364668
usa,profitability,monthly,ew,11,1988-07-31,-0.00968970381655419
usa,profitability,monthly,ew,11,1988-08-31,-0.00271673248100589
usa,profitability,monthly,ew,11,1988-09-30,0.0167324571607578
usa,profitability,monthly,ew,11,1988-10-31,0.0174857910820505
usa,profitability,monthly,ew,11,1988-11-30,0.0151079122191476
usa,profitability,monthly,ew,11,1988-12-31,0.0199414710946107
usa,profitability,monthly,ew,11,1989-01-31,-0.00948941108841332
usa,profitability,monthly,ew,11,1989-02-28,-0.00143081092942823
usa,profitability,monthly,ew,11,1989-03-31,0.00501207591715192
usa,profitability,monthly,ew,11,1989-04-30,0.0214736019766544
usa,profitability,monthly,ew,11,1989-05-31,0.0177038852109456
usa,profitability,monthly,ew,11,1989-06-30,-0.00818992298655366
usa,profitability,monthly,ew,11,1989-07-31,0.034503963116327
usa,profitability,monthly,ew,11,1989-08-31,0.0235261490921736
usa,profitability,monthly,ew,11,1989-09-30,0.000241211043190471
usa,profitability,monthly,ew,11,1989-10-31,0.00671664217509072
usa,profitability,monthly,ew,11,1989-11-30,0.0173873783137153
usa,profitability,monthly,ew,11,1989-12-31,0.0246795101228996
usa,profitability,monthly,ew,11,1990-01-31,-0.0286204007841003
usa,profitability,monthly,ew,11,1990-02-28,0.0107629517652151
usa,profitability,monthly,ew,11,1990-03-31,0.0158281929819533
usa,profitability,monthly,ew,11,1990-04-30,0.00179942565345167
usa,profitability,monthly,ew,11,1990-05-31,0.0371537760546683
usa,profitability,monthly,ew,11,1990-06-30,0.00194672155549694
usa,profitability,monthly,ew,11,1990-07-31,-0.00126650098923533
usa,profitability,monthly,ew,11,1990-08-31,-0.00646114657653652
usa,profitability,monthly,ew,11,1990-09-30,-0.00645078624101811
usa,profitability,monthly,ew,11,1990-10-31,0.0212869492150423
usa,profitability,monthly,ew,11,1990-11-30,0.0507882379022859
usa,profitability,monthly,ew,11,1990-12-31,0.0641082242201332
usa,profitability,monthly,ew,11,1991-01-31,0.00119065406910162
usa,profitability,monthly,ew,11,1991-02-28,-0.0344634836442346
usa,profitability,monthly,ew,11,1991-03-31,-0.0230447754126858
usa,profitability,monthly,ew,11,1991-04-30,-0.0231798825249222
usa,profitability,monthly,ew,11,1991-05-31,0.0196291960596525
usa,profitability,monthly,ew,11,1991-06-30,-0.0146788476786373
usa,profitability,monthly,ew,11,1991-07-31,0.0108699275414992
usa,profitability,monthly,ew,11,1991-08-31,0.00405513245278615
usa,profitability,monthly,ew,11,1991-09-30,-0.004527857201413
usa,profitability,monthly,ew,11,1991-10-31,-0.00664021537890755
usa,profitability,monthly,ew,11,1991-11-30,-0.0145333796845795
usa,profitability,monthly,ew,11,1991-12-31,0.0686000258140984
usa,profitability,monthly,ew,11,1992-01-31,-0.124741513120738
usa,profitability,monthly,ew,11,1992-02-29,-0.0304209644924536
usa,profitability,monthly,ew,11,1992-03-31,-0.0190370768232882
usa,profitability,monthly,ew,11,1992-04-30,0.0176495608792744
usa,profitability,monthly,ew,11,1992-05-31,-0.00164383542379828
usa,profitability,monthly,ew,11,1992-06-30,0.00534226127483568
usa,profitability,monthly,ew,11,1992-07-31,0.0198483611005985
usa,profitability,monthly,ew,11,1992-08-31,0.0106565002899934
usa,profitability,monthly,ew,11,1992-09-30,0.0124346796626848
usa,profitability,monthly,ew,11,1992-10-31,0.0198574225861172
usa,profitability,monthly,ew,11,1992-11-30,0.0102188207634605
usa,profitability,monthly,ew,11,1992-12-31,-0.0000905453456277757
usa,profitability,monthly,ew,11,1993-01-31,-0.0391836315576402
usa,profitability,monthly,ew,11,1993-02-28,-0.0114997669468618
usa,profitability,monthly,ew,11,1993-03-31,0.00153393479693372
usa,profitability,monthly,ew,11,1993-04-30,-0.0236602514087379
usa,profitability,monthly,ew,11,1993-05-31,-0.007344033520222
usa,profitability,monthly,ew,11,1993-06-30,-0.0103227195692771
usa,profitability,monthly,ew,11,1993-07-31,-0.010740356971803
usa,profitability,monthly,ew,11,1993-08-31,0.00513118315313901
usa,profitability,monthly,ew,11,1993-09-30,-0.00212889088952873
usa,profitability,monthly,ew,11,1993-10-31,-0.0181725940711181
usa,profitability,monthly,ew,11,1993-11-30,0.00657912243047808
usa,profitability,monthly,ew,11,1993-12-31,0.0284727335502181
usa,profitability,monthly,ew,11,1994-01-31,-0.0217303486153109
usa,profitability,monthly,ew,11,1994-02-28,0.00659321881029502
usa,profitability,monthly,ew,11,1994-03-31,-0.00656553889014891
usa,profitability,monthly,ew,11,1994-04-30,0.0235100996293229
usa,profitability,monthly,ew,11,1994-05-31,0.000652301084850613
usa,profitability,monthly,ew,11,1994-06-30,0.00685540291604972
usa,profitability,monthly,ew,11,1994-07-31,0.0101940568579292
usa,profitability,monthly,ew,11,1994-08-31,0.0224359333102176
usa,profitability,monthly,ew,11,1994-09-30,-0.00536838427862098
usa,profitability,monthly,ew,11,1994-10-31,0.0174834671716131
usa,profitability,monthly,ew,11,1994-11-30,0.00905097068874916
usa,profitability,monthly,ew,11,1994-12-31,0.031792277299136
usa,profitability,monthly,ew,11,1995-01-31,-0.0219049527403571
usa,profitability,monthly,ew,11,1995-02-28,0.0148194812450336
usa,profitability,monthly,ew,11,1995-03-31,0.0102669370380446
usa,profitability,monthly,ew,11,1995-04-30,-0.00175969778973465
usa,profitability,monthly,ew,11,1995-05-31,0.00505296062699328
usa,profitability,monthly,ew,11,1995-06-30,-0.00358372647049164
usa,profitability,monthly,ew,11,1995-07-31,0.00643234169335179
usa,profitability,monthly,ew,11,1995-08-31,-0.0202042894065386
usa,profitability,monthly,ew,11,1995-09-30,-0.00781889411520743
usa,profitability,monthly,ew,11,1995-10-31,0.022222497836384
usa,profitability,monthly,ew,11,1995-11-30,0.0312286544966447
usa,profitability,monthly,ew,11,1995-12-31,-0.000853616691271611
usa,profitability,monthly,ew,11,1996-01-31,-0.0346576017013807
usa,profitability,monthly,ew,11,1996-02-29,-0.00528965020463231
usa,profitability,monthly,ew,11,1996-03-31,-0.00898396064587863
usa,profitability,monthly,ew,11,1996-04-30,0.000259215523686589
usa,profitability,monthly,ew,11,1996-05-31,-0.0370771410503987
usa,profitability,monthly,ew,11,1996-06-30,0.00571027980960855
usa,profitability,monthly,ew,11,1996-07-31,0.0187348292246069
usa,profitability,monthly,ew,11,1996-08-31,0.0125784559152699
usa,profitability,monthly,ew,11,1996-09-30,0.0222335311643679
usa,profitability,monthly,ew,11,1996-10-31,0.0268218437734279
usa,profitability,monthly,ew,11,1996-11-30,0.035800103412558
usa,profitability,monthly,ew,11,1996-12-31,0.0250959904174451
usa,profitability,monthly,ew,11,1997-01-31,-0.0319618851633917
usa,profitability,monthly,ew,11,1997-02-28,-0.00258814458543207
usa,profitability,monthly,ew,11,1997-03-31,0.0144295615030504
usa,profitability,monthly,ew,11,1997-04-30,0.03422355211014
usa,profitability,monthly,ew,11,1997-05-31,0.0271217990035912
usa,profitability,monthly,ew,11,1997-06-30,0.0146727096747842
usa,profitability,monthly,ew,11,1997-07-31,0.0262870307513205
usa,profitability,monthly,ew,11,1997-08-31,-0.0156944954864745
usa,profitability,monthly,ew,11,1997-09-30,-0.00882234308655646
usa,profitability,monthly,ew,11,1997-10-31,-0.00947806253148008
usa,profitability,monthly,ew,11,1997-11-30,0.0396643310540824
usa,profitability,monthly,ew,11,1997-12-31,0.0558644239543954
usa,profitability,monthly,ew,11,1998-01-31,-0.0339767358345904
usa,profitability,monthly,ew,11,1998-02-28,0.0175056663943998
usa,profitability,monthly,ew,11,1998-03-31,0.000150889450951265
usa,profitability,monthly,ew,11,1998-04-30,-0.0121887984605505
usa,profitability,monthly,ew,11,1998-05-31,0.00138540962208902
usa,profitability,monthly,ew,11,1998-06-30,0.0338080200318263
usa,profitability,monthly,ew,11,1998-07-31,-0.00279523871738812
usa,profitability,monthly,ew,11,1998-08-31,0.0272736945313303
usa,profitability,monthly,ew,11,1998-09-30,0.0171937862897823
usa,profitability,monthly,ew,11,1998-10-31,0.0415271117163811
usa,profitability,monthly,ew,11,1998-11-30,-0.0341184077023684
usa,profitability,monthly,ew,11,1998-12-31,0.0357872194834828
usa,profitability,monthly,ew,11,1999-01-31,-0.0875064946452678
usa,profitability,monthly,ew,11,1999-02-28,-0.00512159573096354
usa,profitability,monthly,ew,11,1999-03-31,0.00798026168341025
usa,profitability,monthly,ew,11,1999-04-30,-0.011659358766255
usa,profitability,monthly,ew,11,1999-05-31,-0.00644280293372677
usa,profitability,monthly,ew,11,1999-06-30,0.0107129957176945
usa,profitability,monthly,ew,11,1999-07-31,-0.021880964049287
usa,profitability,monthly,ew,11,1999-08-31,0.000162981858328228
usa,profitability,monthly,ew,11,1999-09-30,-0.00899604707254561
usa,profitability,monthly,ew,11,1999-10-31,0.0155325056717868
usa,profitability,monthly,ew,11,1999-11-30,-0.0824071643574506
usa,profitability,monthly,ew,11,1999-12-31,-0.0656531601078267
usa,profitability,monthly,ew,11,2000-01-31,-0.138310079446371
usa,profitability,monthly,ew,11,2000-02-29,-0.170109462833358
usa,profitability,monthly,ew,11,2000-03-31,0.0833428936474955
usa,profitability,monthly,ew,11,2000-04-30,0.122956697486395
usa,profitability,monthly,ew,11,2000-05-31,0.0777041949684704
usa,profitability,monthly,ew,11,2000-06-30,-0.0621320818637251
usa,profitability,monthly,ew,11,2000-07-31,0.0454341353549353
usa,profitability,monthly,ew,11,2000-08-31,0.0123892418272835
usa,profitability,monthly,ew,11,2000-09-30,0.0384391444100235
usa,profitability,monthly,ew,11,2000-10-31,0.0797669500388234
usa,profitability,monthly,ew,11,2000-11-30,0.104120851973417
usa,profitability,monthly,ew,11,2000-12-31,0.111753640246443
usa,profitability,monthly,ew,11,2001-01-31,-0.209747362596935
usa,profitability,monthly,ew,11,2001-02-28,0.0490991771700828
usa,profitability,monthly,ew,11,2001-03-31,0.0525745600673577
usa,profitability,monthly,ew,11,2001-04-30,0.0235822421422817
usa,profitability,monthly,ew,11,2001-05-31,-0.0376013586951118
usa,profitability,monthly,ew,11,2001-06-30,0.00720119998641423
usa,profitability,monthly,ew,11,2001-07-31,0.0399856884746978
usa,profitability,monthly,ew,11,2001-08-31,0.0215542789213738
usa,profitability,monthly,ew,11,2001-09-30,0.0304688127815631
usa,profitability,monthly,ew,11,2001-10-31,-0.0262373323140543
usa,profitability,monthly,ew,11,2001-11-30,-0.0179665815639598
usa,profitability,monthly,ew,11,2001-12-31,-0.00716280438906383
usa,profitability,monthly,ew,11,2002-01-31,-0.0165225142338679
usa,profitability,monthly,ew,11,2002-02-28,0.0597941555180751
usa,profitability,monthly,ew,11,2002-03-31,-0.00490282627954743
usa,profitability,monthly,ew,11,2002-04-30,0.0361155756983253
usa,profitability,monthly,ew,11,2002-05-31,0.0306392422606498
usa,profitability,monthly,ew,11,2002-06-30,0.0476684708653127
usa,profitability,monthly,ew,11,2002-07-31,0.0236778246000438
usa,profitability,monthly,ew,11,2002-08-31,0.0113700593410102
usa,profitability,monthly,ew,11,2002-09-30,0.0402284418365342
usa,profitability,monthly,ew,11,2002-10-31,-0.0128339826934927
usa,profitability,monthly,ew,11,2002-11-30,-0.111695883998643
usa,profitability,monthly,ew,11,2002-12-31,0.0539706939215282
usa,profitability,monthly,ew,11,2003-01-31,-0.0281010703076849
usa,profitability,monthly,ew,11,2003-02-28,0.0112921458422183
usa,profitability,monthly,ew,11,2003-03-31,0.00603952099894902
usa,profitability,monthly,ew,11,2003-04-30,-0.0320178350339944
usa,profitability,monthly,ew,11,2003-05-31,-0.103869184452496
usa,profitability,monthly,ew,11,2003-06-30,-0.029530912941553
usa,profitability,monthly,ew,11,2003-07-31,-0.0341751434119907
usa,profitability,monthly,ew,11,2003-08-31,-0.0158034511871186
usa,profitability,monthly,ew,11,2003-09-30,-0.0467766627854834
usa,profitability,monthly,ew,11,2003-10-31,-0.0168767846221
usa,profitability,monthly,ew,11,2003-11-30,-0.00823467738682611
usa,profitability,monthly,ew,11,2003-12-31,-0.00305105895549422
usa,profitability,monthly,ew,11,2004-01-31,-0.0688571614450559
usa,profitability,monthly,ew,11,2004-02-29,0.0176502743213154
usa,profitability,monthly,ew,11,2004-03-31,0.00758978768650312
usa,profitability,monthly,ew,11,2004-04-30,0.0101455980374618
usa,profitability,monthly,ew,11,2004-05-31,0.0198006906068372
usa,profitability,monthly,ew,11,2004-06-30,0.0169952827700942
usa,profitability,monthly,ew,11,2004-07-31,0.0303744267429943
usa,profitability,monthly,ew,11,2004-08-31,0.0137015160077405
usa,profitability,monthly,ew,11,2004-09-30,0.00579730750578024
usa,profitability,monthly,ew,11,2004-10-31,0.00812045758611573
usa,profitability,monthly,ew,11,2004-11-30,-0.0162420960623549
usa,profitability,monthly,ew,11,2004-12-31,-0.0272519810329192
usa,profitability,monthly,ew,11,2005-01-31,0.0175857116236922
usa,profitability,monthly,ew,11,2005-02-28,0.0173805564234054
usa,profitability,monthly,ew,11,2005-03-31,0.017857256221087
usa,profitability,monthly,ew,11,2005-04-30,0.01424204010933
usa,profitability,monthly,ew,11,2005-05-31,0.013259035718885
usa,profitability,monthly,ew,11,2005-06-30,-0.0035008790861776
usa,profitability,monthly,ew,11,2005-07-31,-0.00598398178889399
usa,profitability,monthly,ew,11,2005-08-31,0.000966711673889884
usa,profitability,monthly,ew,11,2005-09-30,0.0024393353141653
usa,profitability,monthly,ew,11,2005-10-31,0.0167117147377072
usa,profitability,monthly,ew,11,2005-11-30,0.0158298049319715
usa,profitability,monthly,ew,11,2005-12-31,-0.00188456922188836
usa,profitability,monthly,ew,11,2006-01-31,-0.0199096373557007
usa,profitability,monthly,ew,11,2006-02-28,-0.0156333225632578
usa,profitability,monthly,ew,11,2006-03-31,-0.00807930179389326
usa,profitability,monthly,ew,11,2006-04-30,0.00806219675195885
usa,profitability,monthly,ew,11,2006-05-31,0.0108218232531363
usa,profitability,monthly,ew,11,2006-06-30,0.0184387186404877
usa,profitability,monthly,ew,11,2006-07-31,0.0143361626486472
usa,profitability,monthly,ew,11,2006-08-31,-0.00533652959604673
usa,profitability,monthly,ew,11,2006-09-30,0.0100678599911202
usa,profitability,monthly,ew,11,2006-10-31,0.00113192674203462
usa,profitability,monthly,ew,11,2006-11-30,0.00084200264586294
usa,profitability,monthly,ew,11,2006-12-31,-0.00734291065148002
usa,profitability,monthly,ew,11,2007-01-31,-0.0049792888980863
usa,profitability,monthly,ew,11,2007-02-28,-0.00855208615704049
usa,profitability,monthly,ew,11,2007-03-31,0.0102660268146177
usa,profitability,monthly,ew,11,2007-04-30,0.00948519481669323
usa,profitability,monthly,ew,11,2007-05-31,0.0251020603561449
usa,profitability,monthly,ew,11,2007-06-30,0.000608405336103594
usa,profitability,monthly,ew,11,2007-07-31,0.00254052872934677
usa,profitability,monthly,ew,11,2007-08-31,0.0232728847051144
usa,profitability,monthly,ew,11,2007-09-30,0.00966931491708455
usa,profitability,monthly,ew,11,2007-10-31,0.0119804100866301
usa,profitability,monthly,ew,11,2007-11-30,0.0364918848597746
usa,profitability,monthly,ew,11,2007-12-31,0.0165377270582316
usa,profitability,monthly,ew,11,2008-01-31,-0.00401031357454284
usa,profitability,monthly,ew,11,2008-02-29,0.00627592710942455
usa,profitability,monthly,ew,11,2008-03-31,0.0266012765200694
usa,profitability,monthly,ew,11,2008-04-30,0.0262296984480977
usa,profitability,monthly,ew,11,2008-05-31,0.0113678508371087
usa,profitability,monthly,ew,11,2008-06-30,0.00791316571623433
usa,profitability,monthly,ew,11,2008-07-31,0.00645807356713304
usa,profitability,monthly,ew,11,2008-08-31,0.0119329256137071
usa,profitability,monthly,ew,11,2008-09-30,0.0211369046302369
usa,profitability,monthly,ew,11,2008-10-31,0.0229492583929641
usa,profitability,monthly,ew,11,2008-11-30,0.0448335215631503
usa,profitability,monthly,ew,11,2008-12-31,0.0220648461884347
usa,profitability,monthly,ew,11,2009-01-31,-0.0729340498665084
usa,profitability,monthly,ew,11,2009-02-28,0.0159719393717352
usa,profitability,monthly,ew,11,2009-03-31,-0.0476185725390197
usa,profitability,monthly,ew,11,2009-04-30,-0.0516517617741491
usa,profitability,monthly,ew,11,2009-05-31,-0.0529011755858209
usa,profitability,monthly,ew,11,2009-06-30,-0.0324376317971589
usa,profitability,monthly,ew,11,2009-07-31,-0.00700310464405656
usa,profitability,monthly,ew,11,2009-08-31,-0.0594029348159251
usa,profitability,monthly,ew,11,2009-09-30,-0.0258222279192716
usa,profitability,monthly,ew,11,2009-10-31,0.030692535226902
usa,profitability,monthly,ew,11,2009-11-30,0.0226922793897436
usa,profitability,monthly,ew,11,2009-12-31,-0.00965875654346934
usa,profitability,monthly,ew,11,2010-01-31,-0.0309428604072361
usa,profitability,monthly,ew,11,2010-02-28,0.0041450347894987
usa,profitability,monthly,ew,11,2010-03-31,-0.0164630711572852
usa,profitability,monthly,ew,11,2010-04-30,-0.0485884872762459
usa,profitability,monthly,ew,11,2010-05-31,0.0237582241136292
usa,profitability,monthly,ew,11,2010-06-30,0.0247445477915427
usa,profitability,monthly,ew,11,2010-07-31,0.00859788714131235
usa,profitability,monthly,ew,11,2010-08-31,0.00632979659373534
usa,profitability,monthly,ew,11,2010-09-30,-0.000833066007615194
usa,profitability,monthly,ew,11,2010-10-31,-0.000378362809801282
usa,profitability,monthly,ew,11,2010-11-30,0.00837400026122431
usa,profitability,monthly,ew,11,2010-12-31,-0.0279614408095259
usa,profitability,monthly,ew,11,2011-01-31,-0.0142998197782881
usa,profitability,monthly,ew,11,2011-02-28,0.00115335395193471
usa,profitability,monthly,ew,11,2011-03-31,0.00527239308440155
usa,profitability,monthly,ew,11,2011-04-30,0.0107293769014172
usa,profitability,monthly,ew,11,2011-05-31,0.00678357921750032
usa,profitability,monthly,ew,11,2011-06-30,0.0146928696139745
usa,profitability,monthly,ew,11,2011-07-31,-0.00400862434727234
usa,profitability,monthly,ew,11,2011-08-31,0.0267779721696527
usa,profitability,monthly,ew,11,2011-09-30,0.0133982775966572
usa,profitability,monthly,ew,11,2011-10-31,0.0319986251248943
usa,profitability,monthly,ew,11,2011-11-30,0.0242749170803064
usa,profitability,monthly,ew,11,2011-12-31,0.00394298462119479
usa,profitability,monthly,ew,11,2012-01-31,-0.0216476520663635
usa,profitability,monthly,ew,11,2012-02-29,-0.00965251033589665
usa,profitability,monthly,ew,11,2012-03-31,-0.00756748656565687
usa,profitability,monthly,ew,11,2012-04-30,0.00252066530444543
usa,profitability,monthly,ew,11,2012-05-31,0.000825224296812372
usa,profitability,monthly,ew,11,2012-06-30,0.00462279341256859
usa,profitability,monthly,ew,11,2012-07-31,0.00543530247705565
usa,profitability,monthly,ew,11,2012-08-31,0.00589785635637766
usa,profitability,monthly,ew,11,2012-09-30,-0.0125069486436155
usa,profitability,monthly,ew,11,2012-10-31,0.0148660458917765
usa,profitability,monthly,ew,11,2012-11-30,0.0154673433046103
usa,profitability,monthly,ew,11,2012-12-31,0.0014771166466738
usa,profitability,monthly,ew,11,2013-01-31,-0.0117348339175766
usa,profitability,monthly,ew,11,2013-02-28,0.0082225434175649
usa,profitability,monthly,ew,11,2013-03-31,0.00511824530435021
usa,profitability,monthly,ew,11,2013-04-30,0.0114436484419892
usa,profitability,monthly,ew,11,2013-05-31,-0.00854717280402033
usa,profitability,monthly,ew,11,2013-06-30,0.00287102118102553
usa,profitability,monthly,ew,11,2013-07-31,-0.00681826850024673
usa,profitability,monthly,ew,11,2013-08-31,-0.00823051602648914
usa,profitability,monthly,ew,11,2013-09-30,-0.00631265356565396
usa,profitability,monthly,ew,11,2013-10-31,0.0215737145726177
usa,profitability,monthly,ew,11,2013-11-30,-0.000672185012153181
usa,profitability,monthly,ew,11,2013-12-31,-0.0115303869728583
usa,profitability,monthly,ew,11,2014-01-31,-0.0577154005577048
usa,profitability,monthly,ew,11,2014-02-28,-0.00624582991507613
usa,profitability,monthly,ew,11,2014-03-31,0.015166096675618
usa,profitability,monthly,ew,11,2014-04-30,0.0381265082140644
usa,profitability,monthly,ew,11,2014-05-31,0.0169207576560157
usa,profitability,monthly,ew,11,2014-06-30,-0.0160280055570953
usa,profitability,monthly,ew,11,2014-07-31,0.0114209248796117
usa,profitability,monthly,ew,11,2014-08-31,0.00876619532488572
usa,profitability,monthly,ew,11,2014-09-30,0.0182059529297929
usa,profitability,monthly,ew,11,2014-10-31,0.033400308510109
usa,profitability,monthly,ew,11,2014-11-30,0.0191521074476303
usa,profitability,monthly,ew,11,2014-12-31,-0.00355108486031716
usa,profitability,monthly,ew,11,2015-01-31,-0.00755101444550975
usa,profitability,monthly,ew,11,2015-02-28,-0.0104056949350029
usa,profitability,monthly,ew,11,2015-03-31,0.0135325174295648
usa,profitability,monthly,ew,11,2015-04-30,-0.00531487740870908
usa,profitability,monthly,ew,11,2015-05-31,-0.00788122676398459
usa,profitability,monthly,ew,11,2015-06-30,0.00425155109555426
usa,profitability,monthly,ew,11,2015-07-31,0.0337276510631361
usa,profitability,monthly,ew,11,2015-08-31,-0.0040707627568983
usa,profitability,monthly,ew,11,2015-09-30,0.0318381313849768
usa,profitability,monthly,ew,11,2015-10-31,0.0217524296333264
usa,profitability,monthly,ew,11,2015-11-30,-0.0111632563546244
usa,profitability,monthly,ew,11,2015-12-31,0.011663359175255
usa,profitability,monthly,ew,11,2016-01-31,0.0437081700878068
usa,profitability,monthly,ew,11,2016-02-29,0.011892130213513
usa,profitability,monthly,ew,11,2016-03-31,-0.01338474803976
usa,profitability,monthly,ew,11,2016-04-30,-0.0461106959666314
usa,profitability,monthly,ew,11,2016-05-31,0.0200749151395893
usa,profitability,monthly,ew,11,2016-06-30,-0.00484127524837549
usa,profitability,monthly,ew,11,2016-07-31,-0.012926707720554
usa,profitability,monthly,ew,11,2016-08-31,-0.00933484242242275
usa,profitability,monthly,ew,11,2016-09-30,-0.0278822881934167
usa,profitability,monthly,ew,11,2016-10-31,0.0422592090488294
usa,profitability,monthly,ew,11,2016-11-30,0.0106558939764557
usa,profitability,monthly,ew,11,2016-12-31,0.021803684959455
usa,profitability,monthly,ew,11,2017-01-31,-0.0207418607719132
usa,profitability,monthly,ew,11,2017-02-28,0.00799782502149395
usa,profitability,monthly,ew,11,2017-03-31,0.000154182499566309
usa,profitability,monthly,ew,11,2017-04-30,0.0240594323343479
usa,profitability,monthly,ew,11,2017-05-31,0.0238849693135076
usa,profitability,monthly,ew,11,2017-06-30,-0.0199203711832845
usa,profitability,monthly,ew,11,2017-07-31,0.0145077166079614
usa,profitability,monthly,ew,11,2017-08-31,0.00543612430462447
usa,profitability,monthly,ew,11,2017-09-30,-0.025607803577279
usa,profitability,monthly,ew,11,2017-10-31,0.0207213376185829
usa,profitability,monthly,ew,11,2017-11-30,0.000699745039960063
usa,profitability,monthly,ew,11,2017-12-31,-0.00711589387379276
usa,profitability,monthly,ew,11,2018-01-31,0.00221608316726297
usa,profitability,monthly,ew,11,2018-02-28,-0.000619361417304735
usa,profitability,monthly,ew,11,2018-03-31,-0.000247331772726225
usa,profitability,monthly,ew,11,2018-04-30,-0.0065884067962622
usa,profitability,monthly,ew,11,2018-05-31,-0.0162424686335957
usa,profitability,monthly,ew,11,2018-06-30,0.00712798600752212
usa,profitability,monthly,ew,11,2018-07-31,0.0278717093352859
usa,profitability,monthly,ew,11,2018-08-31,-0.00938726660206935
usa,profitability,monthly,ew,11,2018-09-30,-0.000017176786635822
usa,profitability,monthly,ew,11,2018-10-31,0.0159638357991852
usa,profitability,monthly,ew,11,2018-11-30,0.0258440758801435
usa,profitability,monthly,ew,11,2018-12-31,0.0350414375241265
usa,profitability,monthly,ew,11,2019-01-31,-0.0569685581070853
usa,profitability,monthly,ew,11,2019-02-28,-0.0046205596681259
usa,profitability,monthly,ew,11,2019-03-31,-0.00274934801594351
usa,profitability,monthly,ew,11,2019-04-30,0.0274721047403354
usa,profitability,monthly,ew,11,2019-05-31,-0.0100170338165611
usa,profitability,monthly,ew,11,2019-06-30,0.0284377268486376
usa,profitability,monthly,ew,11,2019-07-31,0.0217806672934859
usa,profitability,monthly,ew,11,2019-08-31,0.00634279181589389
usa,profitability,monthly,ew,11,2019-09-30,0.025746721774474
usa,profitability,monthly,ew,11,2019-10-31,0.015961879084857
usa,profitability,monthly,ew,11,2019-11-30,-0.00225410632100691
usa,profitability,monthly,ew,11,2019-12-31,-0.0270703352705841
usa,profitability,monthly,ew,11,2020-01-31,-0.0416973068289784
usa,profitability,monthly,ew,11,2020-02-29,-0.0305472881556374
usa,profitability,monthly,ew,11,2020-03-31,0.00621909827532349
usa,profitability,monthly,ew,11,2020-04-30,-0.0330075995337646
usa,profitability,monthly,ew,11,2020-05-31,-0.0400941703935924
usa,profitability,monthly,ew,11,2020-06-30,-0.0692144401003281
usa,profitability,monthly,ew,11,2020-07-31,-0.0210081461139337
usa,profitability,monthly,ew,11,2020-08-31,0.00895559685616648
usa,profitability,monthly,ew,11,2020-09-30,-0.00897426568431785
usa,profitability,monthly,ew,11,2020-10-31,0.0180114063324928
usa,profitability,monthly,ew,11,2020-11-30,-0.100247852127069
usa,profitability,monthly,ew,11,2020-12-31,-0.0442132648541938
usa,profitability,monthly,ew,11,2021-01-31,-0.15690793559443
usa,profitability,monthly,ew,11,2021-02-28,-0.0321656940789671
usa,profitability,monthly,ew,11,2021-03-31,0.0647397597450694
usa,profitability,monthly,ew,11,2021-04-30,0.0416990953174577
usa,profitability,monthly,ew,11,2021-05-31,0.0192061636851652
usa,profitability,monthly,ew,11,2021-06-30,-0.0480801467444093
usa,profitability,monthly,ew,11,2021-07-31,0.070698743051618
usa,profitability,monthly,ew,11,2021-08-31,-0.00968270036824489
usa,profitability,monthly,ew,11,2021-09-30,0.00134279096018624
usa,profitability,monthly,ew,11,2021-10-31,0.0393992241027529
usa,profitability,monthly,ew,11,2021-11-30,0.0591267124956503
usa,profitability,monthly,ew,11,2021-12-31,0.0817092906801589
usa,profitability,monthly,ew,11,2022-01-31,0.0494964605980219
usa,profitability,monthly,ew,11,2022-02-28,0.0165269180076129
usa,profitability,monthly,ew,11,2022-03-31,-0.0204943603815047
usa,profitability,monthly,ew,11,2022-04-30,0.0671776033131356
usa,profitability,monthly,ew,11,2022-05-31,0.0673228362099628
usa,profitability,monthly,ew,11,2022-06-30,-0.0320694020030683
usa,profitability,monthly,ew,11,2022-07-31,0.0349077120540431
usa,profitability,monthly,ew,11,2022-08-31,-0.0451443121410221
usa,profitability,monthly,ew,11,2022-09-30,0.0326123606403553
usa,profitability,monthly,ew,11,2022-10-31,0.0689233380059417
usa,profitability,monthly,ew,11,2022-11-30,0.0770279432405174
usa,profitability,monthly,ew,11,2022-12-31,0.0101112640092033
usa,profitability,monthly,ew,11,2023-01-31,-0.109888312788257
usa,profitability,monthly,ew,11,2023-02-28,0.0391336073365443
usa,profitability,monthly,ew,11,2023-03-31,0.043249510373381
usa,profitability,monthly,ew,11,2023-04-30,0.0250800901235054
usa,profitability,monthly,ew,11,2023-05-31,-0.0400839577496516
usa,profitability,monthly,ew,11,2023-06-30,0.0494143099169769
usa,profitability,monthly,ew,11,2023-07-31,0.0126612817198609
usa,profitability,monthly,ew,11,2023-08-31,0.0656273125222047
usa,profitability,monthly,ew,11,2023-09-30,0.0452138858163001
usa,profitability,monthly,ew,11,2023-10-31,0.0565009614520307
usa,profitability,monthly,ew,11,2023-11-30,-0.00703820164801456
usa,profitability,monthly,ew,11,2023-12-31,-0.027304007242232
usa,profitability,monthly,ew,11,2024-01-31,0.0211240001296186
usa,profitability,monthly,ew,11,2024-02-29,-0.0158625059070746
usa,profitability,monthly,ew,11,2024-03-31,0.0227390149831864
usa,profitability,monthly,ew,11,2024-04-30,0.0245527631028256
usa,profitability,monthly,ew,11,2024-05-31,-0.000318277402977333
usa,profitability,monthly,ew,11,2024-06-30,0.0251288706602009
usa,profitability,monthly,ew,11,2024-07-31,0.0105699133472895
usa,profitability,monthly,ew,11,2024-08-31,0.0413892919788999
usa,profitability,monthly,ew,11,2024-09-30,0.0137718285483684
usa,profitability,monthly,ew,11,2024-10-31,-0.00594493667393827
usa,profitability,monthly,ew,11,2024-11-30,-0.00649597328258794
usa,profitability,monthly,ew,11,2024-12-31,-0.0630555810193967
usa,quality,monthly,ew,1,1927-01-31,-0.0119873283135144
usa,quality,monthly,ew,1,1927-02-28,-0.00691909872797258
usa,quality,monthly,ew,1,1927-03-31,0.0314669198705574
usa,quality,monthly,ew,1,1927-04-30,0.0190385874839465
usa,quality,monthly,ew,1,1927-05-31,0.0421474734538982
usa,quality,monthly,ew,1,1927-06-30,0.00586718471713411
usa,quality,monthly,ew,1,1927-07-31,0.0113770386209711
usa,quality,monthly,ew,1,1927-08-31,0.00380912377622549
usa,quality,monthly,ew,1,1927-09-30,0.0262391648366581
usa,quality,monthly,ew,1,1927-10-31,0.0134060047325185
usa,quality,monthly,ew,1,1927-11-30,-0.0492759983121544
usa,quality,monthly,ew,1,1927-12-31,0.00910383636171374
usa,quality,monthly,ew,1,1928-01-31,-0.00892853258889342
usa,quality,monthly,ew,1,1928-02-29,-0.0232623306521199
usa,quality,monthly,ew,1,1928-03-31,0.0260728300845283
usa,quality,monthly,ew,1,1928-04-30,-0.0637514761632539
usa,quality,monthly,ew,1,1928-05-31,-0.00155484973904972
usa,quality,monthly,ew,1,1928-06-30,0.00821260105741436
usa,quality,monthly,ew,1,1928-07-31,0.0165038344268744
usa,quality,monthly,ew,2,1928-08-31,-0.00544985365182635
usa,quality,monthly,ew,2,1928-09-30,-0.00136872318200078
usa,quality,monthly,ew,2,1928-10-31,0.0263180501251393
usa,quality,monthly,ew,2,1928-11-30,-0.0191824030323487
usa,quality,monthly,ew,2,1928-12-31,0.0223558836432248
usa,quality,monthly,ew,2,1929-01-31,0.0109811536278238
usa,quality,monthly,ew,2,1929-02-28,-0.00119535497822838
usa,quality,monthly,ew,2,1929-03-31,0.014409108942624
usa,quality,monthly,ew,2,1929-04-30,0.0106936044522917
usa,quality,monthly,ew,2,1929-05-31,0.0417032843740751
usa,quality,monthly,ew,2,1929-06-30,0.0194526378501567
usa,quality,monthly,ew,2,1929-07-31,0.0288478472932112
usa,quality,monthly,ew,2,1929-08-31,0.0472540568951175
usa,quality,monthly,ew,2,1929-09-30,0.0324782699642098
usa,quality,monthly,ew,2,1929-10-31,0.0510694222616332
usa,quality,monthly,ew,2,1929-11-30,0.0338848616355168
usa,quality,monthly,ew,2,1929-12-31,0.0408020320462607
usa,quality,monthly,ew,2,1930-01-31,-0.10695268271299
usa,quality,monthly,ew,2,1930-02-28,-0.0181647719989341
usa,quality,monthly,ew,2,1930-03-31,-0.064484965785721
usa,quality,monthly,ew,2,1930-04-30,0.0227600645855218
usa,quality,monthly,ew,2,1930-05-31,0.0157072983588032
usa,quality,monthly,ew,2,1930-06-30,0.0890254472244487
usa,quality,monthly,ew,2,1930-07-31,-0.0204595022183018
usa,quality,monthly,ew,2,1930-08-31,0.0300232302647105
usa,quality,monthly,ew,2,1930-09-30,0.100755598489269
usa,quality,monthly,ew,2,1930-10-31,0.0531069631447312
usa,quality,monthly,ew,2,1930-11-30,-0.00402591438082085
usa,quality,monthly,ew,2,1930-12-31,0.0987973489493576
usa,quality,monthly,ew,2,1931-01-31,-0.122048747342503
usa,quality,monthly,ew,2,1931-02-28,-0.141901754523981
usa,quality,monthly,ew,2,1931-03-31,0.0677419562153134
usa,quality,monthly,ew,2,1931-04-30,0.0902678022613554
usa,quality,monthly,ew,2,1931-05-31,0.0738707972646898
usa,quality,monthly,ew,2,1931-06-30,-0.159687584632203
usa,quality,monthly,ew,2,1931-07-31,0.0693087980072521
usa,quality,monthly,ew,2,1931-08-31,0.0145811145300896
usa,quality,monthly,ew,2,1931-09-30,0.10650643628343
usa,quality,monthly,ew,2,1931-10-31,-0.0379285019075889
usa,quality,monthly,ew,2,1931-11-30,0.0617818624998761
usa,quality,monthly,ew,2,1931-12-31,0.116086445157835
usa,quality,monthly,ew,2,1932-01-31,-0.116124388660789
usa,quality,monthly,ew,2,1932-02-29,0.0303684300529957
usa,quality,monthly,ew,2,1932-03-31,0.0999952670002924
usa,quality,monthly,ew,2,1932-04-30,0.076298043888445
usa,quality,monthly,ew,2,1932-05-31,0.0650411729846132
usa,quality,monthly,ew,2,1932-06-30,-0.0294796235397175
usa,quality,monthly,ew,2,1932-07-31,-0.44833517206474
usa,quality,monthly,ew,2,1932-08-31,-0.603423331406616
usa,quality,monthly,ew,2,1932-09-30,0.0369929572391033
usa,quality,monthly,ew,2,1932-10-31,0.0698133801445941
usa,quality,monthly,ew,2,1932-11-30,0.0612159877373471
usa,quality,monthly,ew,2,1932-12-31,0.0555679734773291
usa,quality,monthly,ew,2,1933-01-31,-0.0286600825114884
usa,quality,monthly,ew,2,1933-02-28,0.0971356972547082
usa,quality,monthly,ew,2,1933-03-31,-0.015469062833891
usa,quality,monthly,ew,2,1933-04-30,-0.226059230116877
usa,quality,monthly,ew,2,1933-05-31,-0.286392123981595
usa,quality,monthly,ew,2,1933-06-30,-0.0744535374708991
usa,quality,monthly,ew,2,1933-07-31,0.00911760513055335
usa,quality,monthly,ew,2,1933-08-31,0.00805556144970618
usa,quality,monthly,ew,2,1933-09-30,0.0904382977782814
usa,quality,monthly,ew,2,1933-10-31,0.0260127105246386
usa,quality,monthly,ew,2,1933-11-30,0.0103844367360488
usa,quality,monthly,ew,2,1933-12-31,0.0191324779686058
usa,quality,monthly,ew,2,1934-01-31,-0.17179290750124
usa,quality,monthly,ew,2,1934-02-28,-0.00421517120649257
usa,quality,monthly,ew,2,1934-03-31,0.00779190371052269
usa,quality,monthly,ew,2,1934-04-30,0.012352399557408
usa,quality,monthly,ew,2,1934-05-31,0.0269821319798866
usa,quality,monthly,ew,2,1934-06-30,0.0292575472547977
usa,quality,monthly,ew,2,1934-07-31,0.124398357156029
usa,quality,monthly,ew,2,1934-08-31,-0.0437899041206099
usa,quality,monthly,ew,2,1934-09-30,0.0183393251821055
usa,quality,monthly,ew,2,1934-10-31,0.0647989653573513
usa,quality,monthly,ew,2,1934-11-30,-0.0107611339296941
usa,quality,monthly,ew,2,1934-12-31,0.0304537467705742
usa,quality,monthly,ew,2,1935-01-31,0.0202935108348619
usa,quality,monthly,ew,2,1935-02-28,0.13839979264981
usa,quality,monthly,ew,2,1935-03-31,0.0534124906821299
usa,quality,monthly,ew,2,1935-04-30,-0.0478736907544131
usa,quality,monthly,ew,2,1935-05-31,-0.00111046212905496
usa,quality,monthly,ew,2,1935-06-30,0.0352175892049275
usa,quality,monthly,ew,2,1935-07-31,-0.0897033009355936
usa,quality,monthly,ew,2,1935-08-31,-0.106423554298108
usa,quality,monthly,ew,2,1935-09-30,0.0351670286132482
usa,quality,monthly,ew,2,1935-10-31,-0.0170285138265281
usa,quality,monthly,ew,2,1935-11-30,-0.134032290440243
usa,quality,monthly,ew,2,1935-12-31,-0.00351219747076892
usa,quality,monthly,ew,2,1936-01-31,-0.0890119928419128
usa,quality,monthly,ew,2,1936-02-29,-0.0161932370557816
usa,quality,monthly,ew,2,1936-03-31,0.013658034949558
usa,quality,monthly,ew,2,1936-04-30,0.00673394259521032
usa,quality,monthly,ew,2,1936-05-31,0.00357071468804823
usa,quality,monthly,ew,2,1936-06-30,0.0148674089563473
usa,quality,monthly,ew,2,1936-07-31,-0.00114255337179257
usa,quality,monthly,ew,2,1936-08-31,0.00045900163165316
usa,quality,monthly,ew,2,1936-09-30,-0.000387068132192966
usa,quality,monthly,ew,2,1936-10-31,-0.00534301397472044
usa,quality,monthly,ew,2,1936-11-30,-0.00847965147254593
usa,quality,monthly,ew,2,1936-12-31,-0.0345622990413267
usa,quality,monthly,ew,2,1937-01-31,-0.0427039105353659
usa,quality,monthly,ew,2,1937-02-28,-0.00776326356793233
usa,quality,monthly,ew,2,1937-03-31,-0.0177609205003746
usa,quality,monthly,ew,2,1937-04-30,0.0304460883681591
usa,quality,monthly,ew,2,1937-05-31,0.0171353874480347
usa,quality,monthly,ew,2,1937-06-30,0.025365281498399
usa,quality,monthly,ew,2,1937-07-31,-0.0377643355569022
usa,quality,monthly,ew,2,1937-08-31,0.0239418028853247
usa,quality,monthly,ew,2,1937-09-30,0.029873022341082
usa,quality,monthly,ew,2,1937-10-31,0.00429995240798291
usa,quality,monthly,ew,2,1937-11-30,0.0231026407607122
usa,quality,monthly,ew,2,1937-12-31,0.0779512526061513
usa,quality,monthly,ew,2,1938-01-31,-0.0238290137263417
usa,quality,monthly,ew,2,1938-02-28,-0.0213242351873219
usa,quality,monthly,ew,2,1938-03-31,0.147076786856627
usa,quality,monthly,ew,2,1938-04-30,-0.119224685806328
usa,quality,monthly,ew,2,1938-05-31,0.0718539857643511
usa,quality,monthly,ew,2,1938-06-30,-0.219465784678337
usa,quality,monthly,ew,2,1938-07-31,-0.0722147268282827
usa,quality,monthly,ew,2,1938-08-31,0.0543321076371341
usa,quality,monthly,ew,2,1938-09-30,0.0114759210145891
usa,quality,monthly,ew,2,1938-10-31,-0.0857262678557166
usa,quality,monthly,ew,2,1938-11-30,0.0499655431055779
usa,quality,monthly,ew,2,1938-12-31,0.00299358370487441
usa,quality,monthly,ew,2,1939-01-31,0.0251379116305792
usa,quality,monthly,ew,2,1939-02-28,0.00641711899970736
usa,quality,monthly,ew,2,1939-03-31,0.0849912365990258
usa,quality,monthly,ew,2,1939-04-30,0.0029959650244622
usa,quality,monthly,ew,2,1939-05-31,0.00387574052045866
usa,quality,monthly,ew,2,1939-06-30,0.0677934173811164
usa,quality,monthly,ew,2,1939-07-31,-0.0750687755683933
usa,quality,monthly,ew,2,1939-08-31,0.0636018156144483
usa,quality,monthly,ew,2,1939-09-30,-0.465589233849724
usa,quality,monthly,ew,2,1939-10-31,0.0782182743821747
usa,quality,monthly,ew,2,1939-11-30,0.053443295078999
usa,quality,monthly,ew,2,1939-12-31,0.0240486324960258
usa,quality,monthly,ew,2,1940-01-31,0.038073812589797
usa,quality,monthly,ew,2,1940-02-29,-0.00690691087507002
usa,quality,monthly,ew,2,1940-03-31,0.00132919685264537
usa,quality,monthly,ew,2,1940-04-30,0.0130208257975982
usa,quality,monthly,ew,2,1940-05-31,0.0537060404591135
usa,quality,monthly,ew,2,1940-06-30,-0.0132448532544493
usa,quality,monthly,ew,2,1940-07-31,0.00899135728931618
usa,quality,monthly,ew,2,1940-08-31,-0.0110217211474892
usa,quality,monthly,ew,2,1940-09-30,-0.00761726728585937
usa,quality,monthly,ew,2,1940-10-31,-0.048301287274748
usa,quality,monthly,ew,2,1940-11-30,0.0128370691943635
usa,quality,monthly,ew,2,1940-12-31,0.0388061348335163
usa,quality,monthly,ew,2,1941-01-31,-0.0224207127975411
usa,quality,monthly,ew,2,1941-02-28,0.00102962507530757
usa,quality,monthly,ew,2,1941-03-31,0.0000617603557048511
usa,quality,monthly,ew,2,1941-04-30,0.0367346458299407
usa,quality,monthly,ew,2,1941-05-31,-0.00131184992432588
usa,quality,monthly,ew,2,1941-06-30,-0.0158835551231131
usa,quality,monthly,ew,2,1941-07-31,-0.0914079767517731
usa,quality,monthly,ew,2,1941-08-31,0.0161720582688161
usa,quality,monthly,ew,2,1941-09-30,0.0177272946437899
usa,quality,monthly,ew,2,1941-10-31,0.0341973157202354
usa,quality,monthly,ew,2,1941-11-30,0.0342292802485115
usa,quality,monthly,ew,2,1941-12-31,0.0425428511333045
usa,quality,monthly,ew,2,1942-01-31,-0.0925610623520732
usa,quality,monthly,ew,2,1942-02-28,-0.0031770949610049
usa,quality,monthly,ew,2,1942-03-31,-0.0163365022573665
usa,quality,monthly,ew,2,1942-04-30,0.00556867829002625
usa,quality,monthly,ew,2,1942-05-31,0.0010064906569505
usa,quality,monthly,ew,2,1942-06-30,0.00165189578495419
usa,quality,monthly,ew,2,1942-07-31,-0.00720325405836794
usa,quality,monthly,ew,2,1942-08-31,-0.00446560599026901
usa,quality,monthly,ew,2,1942-09-30,-0.0252746364920909
usa,quality,monthly,ew,2,1942-10-31,-0.0723211407341213
usa,quality,monthly,ew,2,1942-11-30,0.0304378734307843
usa,quality,monthly,ew,2,1942-12-31,0.0112464766927357
usa,quality,monthly,ew,2,1943-01-31,-0.030011979213472
usa,quality,monthly,ew,2,1943-02-28,-0.0938371682832202
usa,quality,monthly,ew,2,1943-03-31,-0.0309934591928066
usa,quality,monthly,ew,2,1943-04-30,0.020351577429137
usa,quality,monthly,ew,2,1943-05-31,0.00414496747875247
usa,quality,monthly,ew,2,1943-06-30,-0.00226241914311474
usa,quality,monthly,ew,2,1943-07-31,0.013571111646674
usa,quality,monthly,ew,2,1943-08-31,0.00520651820377037
usa,quality,monthly,ew,2,1943-09-30,0.00462606388380135
usa,quality,monthly,ew,2,1943-10-31,-0.00104942545507686
usa,quality,monthly,ew,2,1943-11-30,0.0238475468298492
usa,quality,monthly,ew,2,1943-12-31,-0.0124629855425906
usa,quality,monthly,ew,2,1944-01-31,-0.00635916973227032
usa,quality,monthly,ew,2,1944-02-29,-0.000857254169067345
usa,quality,monthly,ew,2,1944-03-31,-0.00535105950967635
usa,quality,monthly,ew,2,1944-04-30,0.0188374695605383
usa,quality,monthly,ew,2,1944-05-31,-0.00498196375849294
usa,quality,monthly,ew,2,1944-06-30,-0.0752188274500992
usa,quality,monthly,ew,2,1944-07-31,0.0158221413786374
usa,quality,monthly,ew,2,1944-08-31,0.0184945767869821
usa,quality,monthly,ew,2,1944-09-30,-0.006536584257143
usa,quality,monthly,ew,2,1944-10-31,0.00987549621234466
usa,quality,monthly,ew,2,1944-11-30,-0.00534041576379108
usa,quality,monthly,ew,2,1944-12-31,-0.0210985760621904
usa,quality,monthly,ew,2,1945-01-31,-0.00336902296847707
usa,quality,monthly,ew,2,1945-02-28,-0.0135735465943727
usa,quality,monthly,ew,2,1945-03-31,0.00950755019812883
usa,quality,monthly,ew,2,1945-04-30,-0.00884055769237478
usa,quality,monthly,ew,2,1945-05-31,-0.00423988449306213
usa,quality,monthly,ew,2,1945-06-30,-0.0108781668984373
usa,quality,monthly,ew,2,1945-07-31,0.0136968032752141
usa,quality,monthly,ew,2,1945-08-31,-0.00737715826230055
usa,quality,monthly,ew,2,1945-09-30,-0.000383876124873048
usa,quality,monthly,ew,2,1945-10-31,0.00515312412341597
usa,quality,monthly,ew,2,1945-11-30,-0.00384430737978274
usa,quality,monthly,ew,2,1945-12-31,0.00555177206637488
usa,quality,monthly,ew,2,1946-01-31,-0.00917961487625613
usa,quality,monthly,ew,2,1946-02-28,0.0104175366204677
usa,quality,monthly,ew,2,1946-03-31,0.0228716632269395
usa,quality,monthly,ew,2,1946-04-30,0.029127602577599
usa,quality,monthly,ew,2,1946-05-31,-0.0125299117043799
usa,quality,monthly,ew,2,1946-06-30,-0.00499665878526142
usa,quality,monthly,ew,2,1946-07-31,0.0210390683314342
usa,quality,monthly,ew,2,1946-08-31,0.0192655255947912
usa,quality,monthly,ew,2,1946-09-30,0.043627586763112
usa,quality,monthly,ew,2,1946-10-31,0.00552931621196391
usa,quality,monthly,ew,2,1946-11-30,0.0148462313077651
usa,quality,monthly,ew,2,1946-12-31,-0.00318930440488949
usa,quality,monthly,ew,2,1947-01-31,-0.0465763805706488
usa,quality,monthly,ew,2,1947-02-28,0.00298742552684025
usa,quality,monthly,ew,2,1947-03-31,0.0252154618254374
usa,quality,monthly,ew,2,1947-04-30,0.0465189471443555
usa,quality,monthly,ew,2,1947-05-31,0.030435610889959
usa,quality,monthly,ew,2,1947-06-30,-0.013539206286137
usa,quality,monthly,ew,2,1947-07-31,-0.0308955363697775
usa,quality,monthly,ew,2,1947-08-31,0.018759540858355
usa,quality,monthly,ew,2,1947-09-30,-0.00342218266387409
usa,quality,monthly,ew,2,1947-10-31,-0.00346011932061145
usa,quality,monthly,ew,2,1947-11-30,0.0334937167211686
usa,quality,monthly,ew,2,1947-12-31,0.0118902387258425
usa,quality,monthly,ew,2,1948-01-31,-0.0335250519823755
usa,quality,monthly,ew,2,1948-02-29,0.0255531022612276
usa,quality,monthly,ew,2,1948-03-31,-0.0318905322275702
usa,quality,monthly,ew,2,1948-04-30,0.0112537387846157
usa,quality,monthly,ew,2,1948-05-31,-0.021696808453245
usa,quality,monthly,ew,2,1948-06-30,0.0254675012421666
usa,quality,monthly,ew,2,1948-07-31,0.0138183626527278
usa,quality,monthly,ew,2,1948-08-31,0.00612418915848964
usa,quality,monthly,ew,2,1948-09-30,0.02059037816811
usa,quality,monthly,ew,2,1948-10-31,-0.00209591823236781
usa,quality,monthly,ew,2,1948-11-30,0.0396664764625304
usa,quality,monthly,ew,2,1948-12-31,0.0230527585350889
usa,quality,monthly,ew,2,1949-01-31,-0.00701120647863429
usa,quality,monthly,ew,2,1949-02-28,0.0208962573729251
usa,quality,monthly,ew,2,1949-03-31,-0.0236263273578655
usa,quality,monthly,ew,2,1949-04-30,0.035552883345589
usa,quality,monthly,ew,2,1949-05-31,0.0478921640097259
usa,quality,monthly,ew,2,1949-06-30,0.00547482503792023
usa,quality,monthly,ew,2,1949-07-31,-0.0211087489343366
usa,quality,monthly,ew,2,1949-08-31,0.00793539819476137
usa,quality,monthly,ew,2,1949-09-30,-0.0225293154296348
usa,quality,monthly,ew,2,1949-10-31,-0.0137947797261108
usa,quality,monthly,ew,2,1949-11-30,0.019748983860537
usa,quality,monthly,ew,2,1949-12-31,-0.0311144511904507
usa,quality,monthly,ew,2,1950-01-31,-0.0318214553887944
usa,quality,monthly,ew,2,1950-02-28,0.00690838655371354
usa,quality,monthly,ew,2,1950-03-31,0.0137344149727999
usa,quality,monthly,ew,2,1950-04-30,-0.0435869095398864
usa,quality,monthly,ew,2,1950-05-31,0.00160407569914933
usa,quality,monthly,ew,2,1950-06-30,0.00669828956586339
usa,quality,monthly,ew,2,1950-07-31,-0.0461250180936181
usa,quality,monthly,ew,2,1950-08-31,0.0121415728409963
usa,quality,monthly,ew,2,1950-09-30,-0.0119140956100696
usa,quality,monthly,ew,2,1950-10-31,0.0160160499683697
usa,quality,monthly,ew,7,1950-11-30,-0.0240607312475696
usa,quality,monthly,ew,7,1950-12-31,-0.0334817653560113
usa,quality,monthly,ew,7,1951-01-31,0.018942774569346
usa,quality,monthly,ew,7,1951-02-28,0.00563008717922706
usa,quality,monthly,ew,7,1951-03-31,0.0120777746518501
usa,quality,monthly,ew,7,1951-04-30,-0.0159564821739633
usa,quality,monthly,ew,7,1951-05-31,0.0044816183410392
usa,quality,monthly,ew,7,1951-06-30,0.00425955326642541
usa,quality,monthly,ew,7,1951-07-31,-0.00491642969074877
usa,quality,monthly,ew,7,1951-08-31,-0.0102757158440957
usa,quality,monthly,ew,7,1951-09-30,-0.00744047258503606
usa,quality,monthly,ew,7,1951-10-31,-0.000702534645779142
usa,quality,monthly,ew,12,1951-11-30,-0.00669764141218685
usa,quality,monthly,ew,12,1951-12-31,0.00401007742883536
usa,quality,monthly,ew,12,1952-01-31,0.00170244155424902
usa,quality,monthly,ew,12,1952-02-29,0.00196968767730022
usa,quality,monthly,ew,12,1952-03-31,0.00092134775997912
usa,quality,monthly,ew,12,1952-04-30,0.010238477981821
usa,quality,monthly,ew,12,1952-05-31,0.00230624399283885
usa,quality,monthly,ew,12,1952-06-30,0.000394104645768762
usa,quality,monthly,ew,12,1952-07-31,0.00224349477895456
usa,quality,monthly,ew,12,1952-08-31,0.000372020003218737
usa,quality,monthly,ew,12,1952-09-30,0.0109117619359571
usa,quality,monthly,ew,12,1952-10-31,0.00555553501387612
usa,quality,monthly,ew,13,1952-11-30,0.00220534165011218
usa,quality,monthly,ew,13,1952-12-31,-0.00211779036555736
usa,quality,monthly,ew,13,1953-01-31,0.00150575288347234
usa,quality,monthly,ew,13,1953-02-28,-0.00415223122927396
usa,quality,monthly,ew,13,1953-03-31,0.000224443710910336
usa,quality,monthly,ew,13,1953-04-30,0.00235218306106907
usa,quality,monthly,ew,13,1953-05-31,0.00816092219310314
usa,quality,monthly,ew,13,1953-06-30,0.0065547844209614
usa,quality,monthly,ew,13,1953-07-31,-0.00225270916256975
usa,quality,monthly,ew,13,1953-08-31,0.0124449458440119
usa,quality,monthly,ew,13,1953-09-30,0.0140881709860764
usa,quality,monthly,ew,13,1953-10-31,0.00304532510952132
usa,quality,monthly,ew,13,1953-11-30,0.00482751511475226
usa,quality,monthly,ew,13,1953-12-31,0.0185086758848813
usa,quality,monthly,ew,13,1954-01-31,-0.0248193161954019
usa,quality,monthly,ew,13,1954-02-28,0.0047379889944243
usa,quality,monthly,ew,13,1954-03-31,0.0107509348032408
usa,quality,monthly,ew,13,1954-04-30,0.00981470349660012
usa,quality,monthly,ew,13,1954-05-31,-0.00636841035732486
usa,quality,monthly,ew,13,1954-06-30,0.00676026522044837
usa,quality,monthly,ew,13,1954-07-31,-0.00694035994220897
usa,quality,monthly,ew,13,1954-08-31,-0.00323334353825012
usa,quality,monthly,ew,13,1954-09-30,-0.000827367226419251
usa,quality,monthly,ew,13,1954-10-31,0.0128462960555047
usa,quality,monthly,ew,13,1954-11-30,0.00532533649484409
usa,quality,monthly,ew,13,1954-12-31,-0.029585725441011
usa,quality,monthly,ew,13,1955-01-31,0.00213183553404475
usa,quality,monthly,ew,13,1955-02-28,0.00279789219024496
usa,quality,monthly,ew,13,1955-03-31,0.000652905971724525
usa,quality,monthly,ew,13,1955-04-30,0.0027957895583209
usa,quality,monthly,ew,13,1955-05-31,-0.00143479068247797
usa,quality,monthly,ew,13,1955-06-30,-0.0141411889608476
usa,quality,monthly,ew,13,1955-07-31,-0.00891022589981144
usa,quality,monthly,ew,13,1955-08-31,0.0087126039883684
usa,quality,monthly,ew,13,1955-09-30,-0.00423458608771387
usa,quality,monthly,ew,13,1955-10-31,0.00627769073902423
usa,quality,monthly,ew,15,1955-11-30,0.00698862250648109
usa,quality,monthly,ew,15,1955-12-31,0.000102025973111265
usa,quality,monthly,ew,15,1956-01-31,-0.0107895654036186
usa,quality,monthly,ew,15,1956-02-29,0.0095935164030528
usa,quality,monthly,ew,15,1956-03-31,-0.00117686529707732
usa,quality,monthly,ew,15,1956-04-30,0.00768482777944389
usa,quality,monthly,ew,15,1956-05-31,0.00432603733894337
usa,quality,monthly,ew,15,1956-06-30,0.0114300584151484
usa,quality,monthly,ew,15,1956-07-31,0.00985798613399487
usa,quality,monthly,ew,15,1956-08-31,0.00981688565925485
usa,quality,monthly,ew,15,1956-09-30,0.000705438323100761
usa,quality,monthly,ew,15,1956-10-31,0.00781568923123353
usa,quality,monthly,ew,15,1956-11-30,-0.00140577032976377
usa,quality,monthly,ew,15,1956-12-31,0.00831230477827446
usa,quality,monthly,ew,15,1957-01-31,-0.015661708427911
usa,quality,monthly,ew,15,1957-02-28,0.00407597673062714
usa,quality,monthly,ew,15,1957-03-31,0.00406431180449795
usa,quality,monthly,ew,15,1957-04-30,0.00266241464717423
usa,quality,monthly,ew,15,1957-05-31,-0.0019853578089038
usa,quality,monthly,ew,15,1957-06-30,0.0131347066266835
usa,quality,monthly,ew,15,1957-07-31,0.00410288556880313
usa,quality,monthly,ew,15,1957-08-31,0.0055624517777298
usa,quality,monthly,ew,15,1957-09-30,0.016288478929541
usa,quality,monthly,ew,15,1957-10-31,0.0119942980776231
usa,quality,monthly,ew,15,1957-11-30,0.00631887284589914
usa,quality,monthly,ew,15,1957-12-31,0.0193308478188146
usa,quality,monthly,ew,15,1958-01-31,-0.0358382034846706
usa,quality,monthly,ew,15,1958-02-28,0.0108784318593617
usa,quality,monthly,ew,15,1958-03-31,0.00176972263631688
usa,quality,monthly,ew,15,1958-04-30,0.00527412338570948
usa,quality,monthly,ew,15,1958-05-31,-0.00944902767415445
usa,quality,monthly,ew,15,1958-06-30,0.000664480819577988
usa,quality,monthly,ew,15,1958-07-31,-0.0137185332099811
usa,quality,monthly,ew,15,1958-08-31,0.00774216840400851
usa,quality,monthly,ew,15,1958-09-30,-0.0102596103403102
usa,quality,monthly,ew,15,1958-10-31,-0.00607945195854425
usa,quality,monthly,ew,15,1958-11-30,0.0127935335750281
usa,quality,monthly,ew,15,1958-12-31,-0.000911147725229728
usa,quality,monthly,ew,15,1959-01-31,-0.00471788588942433
usa,quality,monthly,ew,15,1959-02-28,0.009773683450267
usa,quality,monthly,ew,15,1959-03-31,0.0012731306069855
usa,quality,monthly,ew,15,1959-04-30,0.0256013652361527
usa,quality,monthly,ew,15,1959-05-31,-0.00160751687317912
usa,quality,monthly,ew,15,1959-06-30,0.00298862220643435
usa,quality,monthly,ew,15,1959-07-31,0.011321065048471
usa,quality,monthly,ew,15,1959-08-31,0.00144066663147228
usa,quality,monthly,ew,15,1959-09-30,0.00562750503618913
usa,quality,monthly,ew,15,1959-10-31,0.0162607636964548
usa,quality,monthly,ew,15,1959-11-30,0.0116247055588894
usa,quality,monthly,ew,15,1959-12-31,-0.00479925563966435
usa,quality,monthly,ew,15,1960-01-31,0.00549789609692451
usa,quality,monthly,ew,15,1960-02-29,0.0161852586321038
usa,quality,monthly,ew,15,1960-03-31,0.0110287543514911
usa,quality,monthly,ew,15,1960-04-30,0.0192041732915783
usa,quality,monthly,ew,15,1960-05-31,0.0240705489711619
usa,quality,monthly,ew,15,1960-06-30,0.00851728961063689
usa,quality,monthly,ew,15,1960-07-31,-0.00522247797995644
usa,quality,monthly,ew,15,1960-08-31,-0.00304638452418281
usa,quality,monthly,ew,15,1960-09-30,-0.00187496706459179
usa,quality,monthly,ew,15,1960-10-31,0.00728655787725495
usa,quality,monthly,ew,15,1960-11-30,0.0171558794941539
usa,quality,monthly,ew,15,1960-12-31,-0.00380151970698648
usa,quality,monthly,ew,15,1961-01-31,-0.0123146876483621
usa,quality,monthly,ew,15,1961-02-28,-0.00358900158520422
usa,quality,monthly,ew,15,1961-03-31,0.00675760174262684
usa,quality,monthly,ew,15,1961-04-30,-0.00361100056040916
usa,quality,monthly,ew,15,1961-05-31,-0.0063135791274099
usa,quality,monthly,ew,15,1961-06-30,0.0184495533638098
usa,quality,monthly,ew,15,1961-07-31,0.00181325934761739
usa,quality,monthly,ew,15,1961-08-31,0.0162966222440374
usa,quality,monthly,ew,15,1961-09-30,0.0181152071110423
usa,quality,monthly,ew,15,1961-10-31,0.029060312360496
usa,quality,monthly,ew,15,1961-11-30,0.0044119635111475
usa,quality,monthly,ew,15,1961-12-31,-0.0174419120681707
usa,quality,monthly,ew,15,1962-01-31,-0.0260286422434415
usa,quality,monthly,ew,15,1962-02-28,0.000538882437842782
usa,quality,monthly,ew,15,1962-03-31,0.00126522721423078
usa,quality,monthly,ew,15,1962-04-30,0.00289901758917034
usa,quality,monthly,ew,15,1962-05-31,-0.0106057375001293
usa,quality,monthly,ew,15,1962-06-30,-0.00654651487438063
usa,quality,monthly,ew,15,1962-07-31,0.00268206614268597
usa,quality,monthly,ew,15,1962-08-31,0.000853781098681871
usa,quality,monthly,ew,15,1962-09-30,-0.00198084285333651
usa,quality,monthly,ew,15,1962-10-31,-0.000651943055477945
usa,quality,monthly,ew,15,1962-11-30,0.00386972500689158
usa,quality,monthly,ew,15,1962-12-31,0.0044112231111716
usa,quality,monthly,ew,15,1963-01-31,-0.0132826660095132
usa,quality,monthly,ew,15,1963-02-28,-0.00285797179850264
usa,quality,monthly,ew,15,1963-03-31,-0.00288703608347016
usa,quality,monthly,ew,15,1963-04-30,0.00632416136950543
usa,quality,monthly,ew,15,1963-05-31,-0.00304571435135305
usa,quality,monthly,ew,15,1963-06-30,0.00522878661391107
usa,quality,monthly,ew,15,1963-07-31,0.00309031498569203
usa,quality,monthly,ew,15,1963-08-31,0.00242467088542877
usa,quality,monthly,ew,15,1963-09-30,0.0020363047270928
usa,quality,monthly,ew,15,1963-10-31,0.00979806250177777
usa,quality,monthly,ew,15,1963-11-30,0.000398547720801512
usa,quality,monthly,ew,15,1963-12-31,0.000525488213856132
usa,quality,monthly,ew,15,1964-01-31,-0.00332593147389036
usa,quality,monthly,ew,15,1964-02-29,0.00195496719226073
usa,quality,monthly,ew,15,1964-03-31,-0.00723872021161482
usa,quality,monthly,ew,15,1964-04-30,-0.00569969861946842
usa,quality,monthly,ew,15,1964-05-31,0.00542824683321014
usa,quality,monthly,ew,15,1964-06-30,0.00577575345096788
usa,quality,monthly,ew,15,1964-07-31,-0.00353704284083531
usa,quality,monthly,ew,15,1964-08-31,-0.00741265861124306
usa,quality,monthly,ew,15,1964-09-30,-0.000458440964631594
usa,quality,monthly,ew,15,1964-10-31,0.000649761588492167
usa,quality,monthly,ew,15,1964-11-30,0.00661266534365523
usa,quality,monthly,ew,15,1964-12-31,0.00729963984638714
usa,quality,monthly,ew,15,1965-01-31,0.00407518177812157
usa,quality,monthly,ew,15,1965-02-28,0.00859078581613489
usa,quality,monthly,ew,15,1965-03-31,0.00192700435832658
usa,quality,monthly,ew,15,1965-04-30,0.0119870461718199
usa,quality,monthly,ew,16,1965-05-31,0.0102506999533836
usa,quality,monthly,ew,16,1965-06-30,-0.011030662937547
usa,quality,monthly,ew,16,1965-07-31,0.00307611547299977
usa,quality,monthly,ew,16,1965-08-31,0.0132792100281799
usa,quality,monthly,ew,16,1965-09-30,0.00630973401573807
usa,quality,monthly,ew,16,1965-10-31,0.00978016537431038
usa,quality,monthly,ew,16,1965-11-30,0.013836238817943
usa,quality,monthly,ew,16,1965-12-31,0.00141623202159139
usa,quality,monthly,ew,16,1966-01-31,-0.00313085155731481
usa,quality,monthly,ew,16,1966-02-28,0.00346525678299772
usa,quality,monthly,ew,16,1966-03-31,-0.00124367145192576
usa,quality,monthly,ew,16,1966-04-30,0.0149950542310792
usa,quality,monthly,ew,16,1966-05-31,-0.00308999001634835
usa,quality,monthly,ew,16,1966-06-30,0.00588572528544497
usa,quality,monthly,ew,16,1966-07-31,-0.00110935932463836
usa,quality,monthly,ew,17,1966-08-31,0.00427315957110434
usa,quality,monthly,ew,17,1966-09-30,-0.00200621409631884
usa,quality,monthly,ew,17,1966-10-31,-0.0201114683036631
usa,quality,monthly,ew,17,1966-11-30,0.0206193299236314
usa,quality,monthly,ew,17,1966-12-31,0.00618038635069365
usa,quality,monthly,ew,17,1967-01-31,-0.00066446181294876
usa,quality,monthly,ew,17,1967-02-28,0.0118277017232935
usa,quality,monthly,ew,17,1967-03-31,0.0114823513314696
usa,quality,monthly,ew,17,1967-04-30,0.0123221894447872
usa,quality,monthly,ew,17,1967-05-31,0.0073550560304671
usa,quality,monthly,ew,17,1967-06-30,0.0151050216524774
usa,quality,monthly,ew,17,1967-07-31,-0.0020250318670294
usa,quality,monthly,ew,17,1967-08-31,0.00255717850653818
usa,quality,monthly,ew,17,1967-09-30,0.0141688788492737
usa,quality,monthly,ew,17,1967-10-31,0.00256385370903716
usa,quality,monthly,ew,17,1967-11-30,0.00207495583193214
usa,quality,monthly,ew,17,1967-12-31,0.00207148530542308
usa,quality,monthly,ew,17,1968-01-31,-0.0203142173553062
usa,quality,monthly,ew,17,1968-02-29,-0.00841026513177001
usa,quality,monthly,ew,17,1968-03-31,0.00334860318795765
usa,quality,monthly,ew,17,1968-04-30,0.0244781114670839
usa,quality,monthly,ew,17,1968-05-31,0.0164523760452835
usa,quality,monthly,ew,17,1968-06-30,-0.00598523937901548
usa,quality,monthly,ew,17,1968-07-31,-0.0152723301911251
usa,quality,monthly,ew,17,1968-08-31,0.00640862360916448
usa,quality,monthly,ew,17,1968-09-30,0.000235534999306511
usa,quality,monthly,ew,17,1968-10-31,-0.00404484277377665
usa,quality,monthly,ew,17,1968-11-30,-0.00186277322869105
usa,quality,monthly,ew,17,1968-12-31,0.00143248225347696
usa,quality,monthly,ew,17,1969-01-31,-0.00473386086180654
usa,quality,monthly,ew,17,1969-02-28,0.0044169008772139
usa,quality,monthly,ew,17,1969-03-31,0.00458504855754854
usa,quality,monthly,ew,17,1969-04-30,0.00203400637992645
usa,quality,monthly,ew,17,1969-05-31,0.0127149210000445
usa,quality,monthly,ew,17,1969-06-30,0.00594790416828533
usa,quality,monthly,ew,17,1969-07-31,0.00187067628640252
usa,quality,monthly,ew,17,1969-08-31,0.017580840764119
usa,quality,monthly,ew,17,1969-09-30,0.0196555656074656
usa,quality,monthly,ew,17,1969-10-31,-0.00292645517452126
usa,quality,monthly,ew,17,1969-11-30,0.0141284752388182
usa,quality,monthly,ew,17,1969-12-31,0.0192075065273294
usa,quality,monthly,ew,17,1970-01-31,-0.00617496495948828
usa,quality,monthly,ew,17,1970-02-28,-0.0161517570163882
usa,quality,monthly,ew,17,1970-03-31,-0.00486276165296608
usa,quality,monthly,ew,17,1970-04-30,-0.00268487581730304
usa,quality,monthly,ew,17,1970-05-31,-0.00567622074172606
usa,quality,monthly,ew,17,1970-06-30,0.0165855084283092
usa,quality,monthly,ew,17,1970-07-31,0.00176236127046732
usa,quality,monthly,ew,17,1970-08-31,-0.00892678938397851
usa,quality,monthly,ew,17,1970-09-30,-0.00656243586953553
usa,quality,monthly,ew,17,1970-10-31,0.0231286621362023
usa,quality,monthly,ew,17,1970-11-30,0.0105373214417766
usa,quality,monthly,ew,17,1970-12-31,0.011912156930327
usa,quality,monthly,ew,17,1971-01-31,-0.0224036685549349
usa,quality,monthly,ew,17,1971-02-28,0.00930371089249755
usa,quality,monthly,ew,17,1971-03-31,0.0143333903763753
usa,quality,monthly,ew,17,1971-04-30,0.00146220868225055
usa,quality,monthly,ew,17,1971-05-31,0.0140407723972095
usa,quality,monthly,ew,17,1971-06-30,0.0158108434671719
usa,quality,monthly,ew,17,1971-07-31,0.00469821012689685
usa,quality,monthly,ew,17,1971-08-31,0.0114948426279881
usa,quality,monthly,ew,17,1971-09-30,0.0210365563597939
usa,quality,monthly,ew,17,1971-10-31,0.00730097173323176
usa,quality,monthly,ew,17,1971-11-30,0.0118847691539412
usa,quality,monthly,ew,17,1971-12-31,0.00776069550046655
usa,quality,monthly,ew,17,1972-01-31,-0.0214814011173482
usa,quality,monthly,ew,17,1972-02-29,0.0152127968114881
usa,quality,monthly,ew,17,1972-03-31,0.0107416627446896
usa,quality,monthly,ew,17,1972-04-30,0.00641766871507116
usa,quality,monthly,ew,17,1972-05-31,0.0176310013557771
usa,quality,monthly,ew,17,1972-06-30,0.00165855779668924
usa,quality,monthly,ew,17,1972-07-31,-0.00259687356467183
usa,quality,monthly,ew,17,1972-08-31,-0.0155252359514729
usa,quality,monthly,ew,17,1972-09-30,0.00349919489557806
usa,quality,monthly,ew,17,1972-10-31,-0.00693657444296061
usa,quality,monthly,ew,17,1972-11-30,-0.000563621770498422
usa,quality,monthly,ew,17,1972-12-31,0.0158192154077837
usa,quality,monthly,ew,17,1973-01-31,-0.0187537836736061
usa,quality,monthly,ew,17,1973-02-28,-0.0133353264518264
usa,quality,monthly,ew,17,1973-03-31,-0.00893587012344776
usa,quality,monthly,ew,17,1973-04-30,-0.0138174202754634
usa,quality,monthly,ew,17,1973-05-31,0.00117018515908989
usa,quality,monthly,ew,17,1973-06-30,-0.0109986551340324
usa,quality,monthly,ew,17,1973-07-31,0.0266747936571522
usa,quality,monthly,ew,17,1973-08-31,0.000545723513374234
usa,quality,monthly,ew,17,1973-09-30,0.0055074956864179
usa,quality,monthly,ew,17,1973-10-31,-0.0109344181987
usa,quality,monthly,ew,17,1973-11-30,-0.0250834251295514
usa,quality,monthly,ew,17,1973-12-31,0.00544071039371068
usa,quality,monthly,ew,17,1974-01-31,-0.0349042631283914
usa,quality,monthly,ew,17,1974-02-28,0.00316043172851298
usa,quality,monthly,ew,17,1974-03-31,0.0108948389464151
usa,quality,monthly,ew,17,1974-04-30,0.0157877986246019
usa,quality,monthly,ew,17,1974-05-31,0.0244250987285125
usa,quality,monthly,ew,17,1974-06-30,0.0123685420278304
usa,quality,monthly,ew,17,1974-07-31,-0.00855403916438001
usa,quality,monthly,ew,17,1974-08-31,0.00122626874726327
usa,quality,monthly,ew,17,1974-09-30,-0.012197399591452
usa,quality,monthly,ew,17,1974-10-31,0.00898842560929793
usa,quality,monthly,ew,17,1974-11-30,0.0031810915508222
usa,quality,monthly,ew,17,1974-12-31,0.0108083856001709
usa,quality,monthly,ew,17,1975-01-31,-0.0654455700629992
usa,quality,monthly,ew,17,1975-02-28,0.0139555934509106
usa,quality,monthly,ew,17,1975-03-31,0.00870889503202027
usa,quality,monthly,ew,17,1975-04-30,0.0273401128703378
usa,quality,monthly,ew,17,1975-05-31,0.00335233629613594
usa,quality,monthly,ew,17,1975-06-30,-0.0124777000455593
usa,quality,monthly,ew,17,1975-07-31,0.00029542700697452
usa,quality,monthly,ew,17,1975-08-31,0.00777681140905098
usa,quality,monthly,ew,17,1975-09-30,0.0114494273377799
usa,quality,monthly,ew,17,1975-10-31,0.0121674803117423
usa,quality,monthly,ew,17,1975-11-30,0.0122405270310938
usa,quality,monthly,ew,17,1975-12-31,-0.0115119057900582
usa,quality,monthly,ew,17,1976-01-31,-0.0114818319275633
usa,quality,monthly,ew,17,1976-02-29,-0.00959053570430216
usa,quality,monthly,ew,17,1976-03-31,0.0041339719699142
usa,quality,monthly,ew,17,1976-04-30,-0.00211349649475366
usa,quality,monthly,ew,17,1976-05-31,-0.000363805078631046
usa,quality,monthly,ew,17,1976-06-30,0.000183084056939127
usa,quality,monthly,ew,17,1976-07-31,-0.00596217541401999
usa,quality,monthly,ew,17,1976-08-31,0.00190750940552514
usa,quality,monthly,ew,17,1976-09-30,0.00511403863288835
usa,quality,monthly,ew,17,1976-10-31,-0.00100985768500054
usa,quality,monthly,ew,17,1976-11-30,0.00416018067674865
usa,quality,monthly,ew,17,1976-12-31,-0.00753898969939136
usa,quality,monthly,ew,17,1977-01-31,-0.0235699958136068
usa,quality,monthly,ew,17,1977-02-28,0.00260827952452491
usa,quality,monthly,ew,17,1977-03-31,-0.00419989279616809
usa,quality,monthly,ew,17,1977-04-30,-0.00378814055821977
usa,quality,monthly,ew,17,1977-05-31,-0.000774748416988205
usa,quality,monthly,ew,17,1977-06-30,0.0024246357829357
usa,quality,monthly,ew,17,1977-07-31,-0.00207073942946744
usa,quality,monthly,ew,17,1977-08-31,0.0127886328459112
usa,quality,monthly,ew,17,1977-09-30,0.00795590594624569
usa,quality,monthly,ew,17,1977-10-31,0.0043095617233489
usa,quality,monthly,ew,17,1977-11-30,0.012238628330635
usa,quality,monthly,ew,17,1977-12-31,0.00833706937792213
usa,quality,monthly,ew,17,1978-01-31,-0.0198230317142902
usa,quality,monthly,ew,17,1978-02-28,0.00935327160282629
usa,quality,monthly,ew,17,1978-03-31,0.00399358931113421
usa,quality,monthly,ew,17,1978-04-30,0.0126788007467012
usa,quality,monthly,ew,17,1978-05-31,0.0163430152152265
usa,quality,monthly,ew,17,1978-06-30,-0.00305093331211305
usa,quality,monthly,ew,17,1978-07-31,0.0108955139745899
usa,quality,monthly,ew,17,1978-08-31,0.0142523939518607
usa,quality,monthly,ew,17,1978-09-30,-0.0159717669032043
usa,quality,monthly,ew,17,1978-10-31,-0.0145689918228529
usa,quality,monthly,ew,17,1978-11-30,0.0205761406832653
usa,quality,monthly,ew,17,1978-12-31,0.0176604837197542
usa,quality,monthly,ew,17,1979-01-31,-0.00939193134001549
usa,quality,monthly,ew,17,1979-02-28,-0.00667163017769364
usa,quality,monthly,ew,17,1979-03-31,-0.000567394998729692
usa,quality,monthly,ew,17,1979-04-30,-0.00244326853189286
usa,quality,monthly,ew,17,1979-05-31,-0.00226548358035392
usa,quality,monthly,ew,17,1979-06-30,-0.0232022670192595
usa,quality,monthly,ew,17,1979-07-31,0.00682813080791486
usa,quality,monthly,ew,17,1979-08-31,0.0111958136490005
usa,quality,monthly,ew,17,1979-09-30,0.00324868227388029
usa,quality,monthly,ew,17,1979-10-31,0.00804195087523956
usa,quality,monthly,ew,17,1979-11-30,0.00564235413743634
usa,quality,monthly,ew,17,1979-12-31,0.00649111503256479
usa,quality,monthly,ew,17,1980-01-31,-0.00969231593149282
usa,quality,monthly,ew,17,1980-02-29,-0.00483868953987499
usa,quality,monthly,ew,17,1980-03-31,0.00722490432887039
usa,quality,monthly,ew,17,1980-04-30,-0.00753766032144409
usa,quality,monthly,ew,17,1980-05-31,0.00388895276900408
usa,quality,monthly,ew,17,1980-06-30,-0.00380759362011938
usa,quality,monthly,ew,17,1980-07-31,0.0363784262345964
usa,quality,monthly,ew,17,1980-08-31,0.0168864344811358
usa,quality,monthly,ew,17,1980-09-30,0.00798950676947096
usa,quality,monthly,ew,17,1980-10-31,0.0140017670820688
usa,quality,monthly,ew,17,1980-11-30,0.0175288271123442
usa,quality,monthly,ew,17,1980-12-31,0.000340472832221877
usa,quality,monthly,ew,17,1981-01-31,-0.0113262301529952
usa,quality,monthly,ew,17,1981-02-28,0.00345161393979691
usa,quality,monthly,ew,17,1981-03-31,0.00822186847060487
usa,quality,monthly,ew,17,1981-04-30,0.0196978747047466
usa,quality,monthly,ew,17,1981-05-31,0.015981803915528
usa,quality,monthly,ew,17,1981-06-30,-0.00249759041787538
usa,quality,monthly,ew,17,1981-07-31,-0.00440556568364862
usa,quality,monthly,ew,17,1981-08-31,-0.00261501283553868
usa,quality,monthly,ew,17,1981-09-30,0.0144416869682554
usa,quality,monthly,ew,17,1981-10-31,0.0207254445028197
usa,quality,monthly,ew,17,1981-11-30,0.00699594593457534
usa,quality,monthly,ew,17,1981-12-31,0.0178728442721328
usa,quality,monthly,ew,17,1982-01-31,0.000886133211842649
usa,quality,monthly,ew,17,1982-02-28,0.00980746631236329
usa,quality,monthly,ew,17,1982-03-31,0.00683156898703034
usa,quality,monthly,ew,17,1982-04-30,0.0117166763111432
usa,quality,monthly,ew,17,1982-05-31,0.00278975245924272
usa,quality,monthly,ew,17,1982-06-30,0.022171266652729
usa,quality,monthly,ew,17,1982-07-31,0.0181592509657615
usa,quality,monthly,ew,17,1982-08-31,-0.000702144321477109
usa,quality,monthly,ew,17,1982-09-30,0.0214272768245698
usa,quality,monthly,ew,17,1982-10-31,0.0191915622587344
usa,quality,monthly,ew,17,1982-11-30,0.0266605883133606
usa,quality,monthly,ew,17,1982-12-31,0.00914129758187657
usa,quality,monthly,ew,17,1983-01-31,-0.0450269824220242
usa,quality,monthly,ew,17,1983-02-28,0.0296219502536937
usa,quality,monthly,ew,17,1983-03-31,-0.00101363988068769
usa,quality,monthly,ew,17,1983-04-30,-0.00519954436505822
usa,quality,monthly,ew,17,1983-05-31,-0.0247393088408439
usa,quality,monthly,ew,17,1983-06-30,0.00918359135070552
usa,quality,monthly,ew,17,1983-07-31,-0.0124803702732529
usa,quality,monthly,ew,17,1983-08-31,-0.000789291201222442
usa,quality,monthly,ew,17,1983-09-30,0.0184352836088992
usa,quality,monthly,ew,17,1983-10-31,0.000385535715880596
usa,quality,monthly,ew,17,1983-11-30,0.022008048768393
usa,quality,monthly,ew,17,1983-12-31,0.00560038710601323
usa,quality,monthly,ew,17,1984-01-31,-0.0290694456708087
usa,quality,monthly,ew,17,1984-02-29,-0.00772205237611114
usa,quality,monthly,ew,17,1984-03-31,-0.000413696742176052
usa,quality,monthly,ew,17,1984-04-30,0.0188416029147869
usa,quality,monthly,ew,17,1984-05-31,0.0107052852980158
usa,quality,monthly,ew,17,1984-06-30,0.0319269612419952
usa,quality,monthly,ew,17,1984-07-31,0.0223469314583173
usa,quality,monthly,ew,17,1984-08-31,0.024068616860221
usa,quality,monthly,ew,17,1984-09-30,-0.00120953295137243
usa,quality,monthly,ew,17,1984-10-31,0.0225069359617697
usa,quality,monthly,ew,17,1984-11-30,0.0166603197297214
usa,quality,monthly,ew,17,1984-12-31,0.0223757450972626
usa,quality,monthly,ew,17,1985-01-31,0.00053376834880436
usa,quality,monthly,ew,17,1985-02-28,-0.00526473465958967
usa,quality,monthly,ew,17,1985-03-31,-0.00639613428176556
usa,quality,monthly,ew,17,1985-04-30,0.00359726697067535
usa,quality,monthly,ew,17,1985-05-31,0.0267519219919318
usa,quality,monthly,ew,17,1985-06-30,0.0169029485018221
usa,quality,monthly,ew,17,1985-07-31,0.00416911379739392
usa,quality,monthly,ew,17,1985-08-31,-0.0016336841545421
usa,quality,monthly,ew,17,1985-09-30,0.0161313744335945
usa,quality,monthly,ew,17,1985-10-31,0.0198946465111453
usa,quality,monthly,ew,17,1985-11-30,0.0250484225069809
usa,quality,monthly,ew,17,1985-12-31,0.0247143272350302
usa,quality,monthly,ew,17,1986-01-31,-0.00686577010267271
usa,quality,monthly,ew,17,1986-02-28,0.0159242195968869
usa,quality,monthly,ew,17,1986-03-31,0.0142759374824864
usa,quality,monthly,ew,17,1986-04-30,0.0115722782782162
usa,quality,monthly,ew,17,1986-05-31,0.0147939028059924
usa,quality,monthly,ew,17,1986-06-30,0.0134017189905094
usa,quality,monthly,ew,17,1986-07-31,-0.000300401864427233
usa,quality,monthly,ew,17,1986-08-31,-0.00164870408706909
usa,quality,monthly,ew,17,1986-09-30,-0.0139556169497524
usa,quality,monthly,ew,17,1986-10-31,0.0251233669539979
usa,quality,monthly,ew,17,1986-11-30,0.0225382906604212
usa,quality,monthly,ew,17,1986-12-31,0.0144731300068073
usa,quality,monthly,ew,17,1987-01-31,0.00517648892802202
usa,quality,monthly,ew,17,1987-02-28,0.00536122580420537
usa,quality,monthly,ew,17,1987-03-31,-0.024628274256278
usa,quality,monthly,ew,17,1987-04-30,-0.00446634741688143
usa,quality,monthly,ew,17,1987-05-31,-0.00698693569226846
usa,quality,monthly,ew,17,1987-06-30,0.00775102707317465
usa,quality,monthly,ew,17,1987-07-31,-0.00924209721344085
usa,quality,monthly,ew,17,1987-08-31,0.0259665036784147
usa,quality,monthly,ew,17,1987-09-30,0.00503727962289383
usa,quality,monthly,ew,17,1987-10-31,0.00563853234854385
usa,quality,monthly,ew,17,1987-11-30,0.00982087096622515
usa,quality,monthly,ew,17,1987-12-31,0.0571424824438954
usa,quality,monthly,ew,17,1988-01-31,-0.0296659738585807
usa,quality,monthly,ew,17,1988-02-29,0.028169948706363
usa,quality,monthly,ew,17,1988-03-31,0.00136001526661655
usa,quality,monthly,ew,17,1988-04-30,0.00869585380997176
usa,quality,monthly,ew,17,1988-05-31,0.00789593381051584
usa,quality,monthly,ew,17,1988-06-30,0.0161973138902227
usa,quality,monthly,ew,17,1988-07-31,-0.00309938289787279
usa,quality,monthly,ew,17,1988-08-31,0.00294204370952256
usa,quality,monthly,ew,17,1988-09-30,0.019322653308492
usa,quality,monthly,ew,17,1988-10-31,0.0116173097072048
usa,quality,monthly,ew,17,1988-11-30,0.00969674133355758
usa,quality,monthly,ew,17,1988-12-31,0.0236659739821437
usa,quality,monthly,ew,17,1989-01-31,-0.0103275251193711
usa,quality,monthly,ew,17,1989-02-28,0.00307222433948801
usa,quality,monthly,ew,17,1989-03-31,0.00717188186740228
usa,quality,monthly,ew,17,1989-04-30,0.0219513814000033
usa,quality,monthly,ew,17,1989-05-31,0.0188042415712014
usa,quality,monthly,ew,17,1989-06-30,-0.0102971114339876
usa,quality,monthly,ew,17,1989-07-31,0.0234043516914621
usa,quality,monthly,ew,17,1989-08-31,0.0158117174277311
usa,quality,monthly,ew,17,1989-09-30,0.00016983638340446
usa,quality,monthly,ew,17,1989-10-31,0.00514760319549843
usa,quality,monthly,ew,17,1989-11-30,0.00765905193839939
usa,quality,monthly,ew,17,1989-12-31,0.0201704301582121
usa,quality,monthly,ew,17,1990-01-31,-0.023484340175126
usa,quality,monthly,ew,17,1990-02-28,0.00779674410016
usa,quality,monthly,ew,17,1990-03-31,0.0240432443317322
usa,quality,monthly,ew,17,1990-04-30,0.0112965207357163
usa,quality,monthly,ew,17,1990-05-31,0.0345024281353051
usa,quality,monthly,ew,17,1990-06-30,0.0117550427308342
usa,quality,monthly,ew,17,1990-07-31,-0.00674436140553285
usa,quality,monthly,ew,17,1990-08-31,-0.0148097663044397
usa,quality,monthly,ew,17,1990-09-30,-0.00196867799910344
usa,quality,monthly,ew,17,1990-10-31,0.0215297019423937
usa,quality,monthly,ew,17,1990-11-30,0.0284431433627489
usa,quality,monthly,ew,17,1990-12-31,0.0533415897596246
usa,quality,monthly,ew,17,1991-01-31,0.0135778971114404
usa,quality,monthly,ew,17,1991-02-28,-0.025717269233812
usa,quality,monthly,ew,17,1991-03-31,0.00670776179913088
usa,quality,monthly,ew,17,1991-04-30,-0.00978160548597738
usa,quality,monthly,ew,17,1991-05-31,0.0141109425726031
usa,quality,monthly,ew,17,1991-06-30,-0.00849486102060042
usa,quality,monthly,ew,17,1991-07-31,0.00412325876761279
usa,quality,monthly,ew,17,1991-08-31,0.00899878200425269
usa,quality,monthly,ew,17,1991-09-30,-0.000717760690834439
usa,quality,monthly,ew,17,1991-10-31,0.00104032044613812
usa,quality,monthly,ew,17,1991-11-30,-0.00225664158064918
usa,quality,monthly,ew,17,1991-12-31,0.0419309145690179
usa,quality,monthly,ew,17,1992-01-31,-0.0741413244543164
usa,quality,monthly,ew,17,1992-02-29,-0.012140685224675
usa,quality,monthly,ew,17,1992-03-31,-0.00956764376643889
usa,quality,monthly,ew,17,1992-04-30,-0.0034688794308061
usa,quality,monthly,ew,17,1992-05-31,-0.00666806519945482
usa,quality,monthly,ew,17,1992-06-30,-0.0104685175237048
usa,quality,monthly,ew,17,1992-07-31,0.00857092820252112
usa,quality,monthly,ew,17,1992-08-31,0.00954123253013925
usa,quality,monthly,ew,17,1992-09-30,0.0111540531863479
usa,quality,monthly,ew,17,1992-10-31,0.0204966620113025
usa,quality,monthly,ew,17,1992-11-30,0.0265229936072321
usa,quality,monthly,ew,17,1992-12-31,0.00391863374209961
usa,quality,monthly,ew,17,1993-01-31,-0.0237877149711978
usa,quality,monthly,ew,17,1993-02-28,-0.0207491370721887
usa,quality,monthly,ew,17,1993-03-31,-0.00761680000232377
usa,quality,monthly,ew,17,1993-04-30,-0.0239168906287439
usa,quality,monthly,ew,17,1993-05-31,-0.000754152558038169
usa,quality,monthly,ew,17,1993-06-30,-0.0121196974834086
usa,quality,monthly,ew,17,1993-07-31,-0.00934403991237262
usa,quality,monthly,ew,17,1993-08-31,0.00473221590688302
usa,quality,monthly,ew,17,1993-09-30,0.00661576945322679
usa,quality,monthly,ew,17,1993-10-31,-0.00433405414157874
usa,quality,monthly,ew,17,1993-11-30,0.015902093238746
usa,quality,monthly,ew,17,1993-12-31,0.0215888723507161
usa,quality,monthly,ew,17,1994-01-31,-0.00872467552138098
usa,quality,monthly,ew,17,1994-02-28,0.0180901226549627
usa,quality,monthly,ew,17,1994-03-31,-0.00328155777714937
usa,quality,monthly,ew,17,1994-04-30,0.0144809766535905
usa,quality,monthly,ew,17,1994-05-31,-0.0067579712247873
usa,quality,monthly,ew,17,1994-06-30,-0.000460518637732765
usa,quality,monthly,ew,17,1994-07-31,0.00326151292861697
usa,quality,monthly,ew,17,1994-08-31,0.0269060137260865
usa,quality,monthly,ew,17,1994-09-30,0.0111400094706151
usa,quality,monthly,ew,17,1994-10-31,0.029071785497303
usa,quality,monthly,ew,17,1994-11-30,0.0195039429464604
usa,quality,monthly,ew,17,1994-12-31,0.019231071148707
usa,quality,monthly,ew,17,1995-01-31,-0.0171158357087553
usa,quality,monthly,ew,17,1995-02-28,0.00922184069121009
usa,quality,monthly,ew,17,1995-03-31,0.012464844829522
usa,quality,monthly,ew,17,1995-04-30,0.00140649242056336
usa,quality,monthly,ew,17,1995-05-31,-0.00256094912838567
usa,quality,monthly,ew,17,1995-06-30,0.00989532202601537
usa,quality,monthly,ew,17,1995-07-31,0.0189232840921602
usa,quality,monthly,ew,17,1995-08-31,-0.0163076597250517
usa,quality,monthly,ew,17,1995-09-30,-0.00351850231008065
usa,quality,monthly,ew,17,1995-10-31,0.00567252313216884
usa,quality,monthly,ew,17,1995-11-30,0.0179533442712682
usa,quality,monthly,ew,17,1995-12-31,-0.00462672449933703
usa,quality,monthly,ew,17,1996-01-31,-0.0307782282999221
usa,quality,monthly,ew,17,1996-02-29,0.00402939457874574
usa,quality,monthly,ew,17,1996-03-31,-0.000698937322992753
usa,quality,monthly,ew,17,1996-04-30,0.0283285544371907
usa,quality,monthly,ew,17,1996-05-31,-0.00146774227225455
usa,quality,monthly,ew,17,1996-06-30,-0.0120801248101566
usa,quality,monthly,ew,17,1996-07-31,-0.0102037795039987
usa,quality,monthly,ew,17,1996-08-31,0.0116999850495581
usa,quality,monthly,ew,17,1996-09-30,0.0147725147222345
usa,quality,monthly,ew,17,1996-10-31,0.00215891301784063
usa,quality,monthly,ew,17,1996-11-30,0.015866717484544
usa,quality,monthly,ew,17,1996-12-31,0.0226183150721537
usa,quality,monthly,ew,17,1997-01-31,-0.0167094303636452
usa,quality,monthly,ew,17,1997-02-28,-0.0220556390534867
usa,quality,monthly,ew,17,1997-03-31,0.0025052385504909
usa,quality,monthly,ew,17,1997-04-30,0.0147098990348101
usa,quality,monthly,ew,17,1997-05-31,0.039359005723593
usa,quality,monthly,ew,17,1997-06-30,0.00859201820210004
usa,quality,monthly,ew,17,1997-07-31,0.0185537281894354
usa,quality,monthly,ew,17,1997-08-31,0.00855371611984312
usa,quality,monthly,ew,17,1997-09-30,-0.00678468149822752
usa,quality,monthly,ew,17,1997-10-31,-0.0141801042048479
usa,quality,monthly,ew,17,1997-11-30,0.0198967868758315
usa,quality,monthly,ew,17,1997-12-31,0.013131380287574
usa,quality,monthly,ew,17,1998-01-31,-0.018217995092854
usa,quality,monthly,ew,17,1998-02-28,0.0176979643423225
usa,quality,monthly,ew,17,1998-03-31,0.00208031949331724
usa,quality,monthly,ew,17,1998-04-30,0.000147142229452267
usa,quality,monthly,ew,17,1998-05-31,-0.00576489915896689
usa,quality,monthly,ew,17,1998-06-30,0.0206279662951298
usa,quality,monthly,ew,17,1998-07-31,-0.00692522778876722
usa,quality,monthly,ew,17,1998-08-31,0.0110839820998453
usa,quality,monthly,ew,17,1998-09-30,0.00928560005163908
usa,quality,monthly,ew,17,1998-10-31,0.0339317066549217
usa,quality,monthly,ew,17,1998-11-30,0.00527251250427423
usa,quality,monthly,ew,17,1998-12-31,0.0406613843581226
usa,quality,monthly,ew,17,1999-01-31,-0.0351713829224078
usa,quality,monthly,ew,17,1999-02-28,-0.0131672640113853
usa,quality,monthly,ew,17,1999-03-31,-0.0108414954746204
usa,quality,monthly,ew,17,1999-04-30,-0.014190782938331
usa,quality,monthly,ew,17,1999-05-31,0.0117132121016322
usa,quality,monthly,ew,17,1999-06-30,0.0159528830710924
usa,quality,monthly,ew,17,1999-07-31,-0.00386480043151016
usa,quality,monthly,ew,17,1999-08-31,0.00551256767427741
usa,quality,monthly,ew,17,1999-09-30,0.00450029963062355
usa,quality,monthly,ew,17,1999-10-31,0.010161006160982
usa,quality,monthly,ew,17,1999-11-30,0.00531943642857261
usa,quality,monthly,ew,17,1999-12-31,0.00837773777064448
usa,quality,monthly,ew,17,2000-01-31,-0.0579332437363229
usa,quality,monthly,ew,17,2000-02-29,-0.0171332748784184
usa,quality,monthly,ew,17,2000-03-31,0.0341359283742324
usa,quality,monthly,ew,17,2000-04-30,0.0376339621827903
usa,quality,monthly,ew,17,2000-05-31,0.015770668556578
usa,quality,monthly,ew,17,2000-06-30,0.00550932883975167
usa,quality,monthly,ew,17,2000-07-31,0.0098630142487095
usa,quality,monthly,ew,17,2000-08-31,0.0149697095995542
usa,quality,monthly,ew,17,2000-09-30,0.0135059232315054
usa,quality,monthly,ew,17,2000-10-31,0.0394968675724858
usa,quality,monthly,ew,17,2000-11-30,0.0483417132271479
usa,quality,monthly,ew,17,2000-12-31,0.0425948618492791
usa,quality,monthly,ew,17,2001-01-31,-0.0918562485831895
usa,quality,monthly,ew,17,2001-02-28,0.0156893762203631
usa,quality,monthly,ew,17,2001-03-31,0.0222138594847916
usa,quality,monthly,ew,17,2001-04-30,0.0319732472251044
usa,quality,monthly,ew,17,2001-05-31,-0.012342792170636
usa,quality,monthly,ew,17,2001-06-30,0.0122967573917661
usa,quality,monthly,ew,17,2001-07-31,0.0189692226525418
usa,quality,monthly,ew,17,2001-08-31,0.01239993723044
usa,quality,monthly,ew,17,2001-09-30,0.0055822288008885
usa,quality,monthly,ew,17,2001-10-31,0.020940234042301
usa,quality,monthly,ew,17,2001-11-30,0.00646814524455555
usa,quality,monthly,ew,17,2001-12-31,0.011021904901432
usa,quality,monthly,ew,17,2002-01-31,0.0115722236343227
usa,quality,monthly,ew,17,2002-02-28,0.026603182328431
usa,quality,monthly,ew,17,2002-03-31,0.00279980408454149
usa,quality,monthly,ew,17,2002-04-30,0.0257639998101089
usa,quality,monthly,ew,17,2002-05-31,0.0158388854988402
usa,quality,monthly,ew,17,2002-06-30,0.0240424511325374
usa,quality,monthly,ew,17,2002-07-31,-0.00249276736127037
usa,quality,monthly,ew,17,2002-08-31,0.0106674057961729
usa,quality,monthly,ew,17,2002-09-30,0.0223628272374818
usa,quality,monthly,ew,17,2002-10-31,0.00838250390462137
usa,quality,monthly,ew,17,2002-11-30,-0.0470823349081717
usa,quality,monthly,ew,17,2002-12-31,0.0225270338855843
usa,quality,monthly,ew,17,2003-01-31,-0.0115284267305529
usa,quality,monthly,ew,17,2003-02-28,0.00543205801152322
usa,quality,monthly,ew,17,2003-03-31,0.0136703396589938
usa,quality,monthly,ew,17,2003-04-30,-0.0128632705936235
usa,quality,monthly,ew,17,2003-05-31,-0.0546974259800879
usa,quality,monthly,ew,17,2003-06-30,0.00039554964502603
usa,quality,monthly,ew,17,2003-07-31,0.00936001966744183
usa,quality,monthly,ew,17,2003-08-31,0.00305750883886189
usa,quality,monthly,ew,17,2003-09-30,-0.0254862839637676
usa,quality,monthly,ew,17,2003-10-31,0.00869331501117576
usa,quality,monthly,ew,17,2003-11-30,0.00224104472846028
usa,quality,monthly,ew,17,2003-12-31,-0.0157684526212549
usa,quality,monthly,ew,17,2004-01-31,-0.0239368190463901
usa,quality,monthly,ew,17,2004-02-29,0.00650379249024839
usa,quality,monthly,ew,17,2004-03-31,0.00579467938856496
usa,quality,monthly,ew,17,2004-04-30,0.00677736097888568
usa,quality,monthly,ew,17,2004-05-31,0.0114517168913313
usa,quality,monthly,ew,17,2004-06-30,0.0111851702284121
usa,quality,monthly,ew,17,2004-07-31,-0.00296206591232822
usa,quality,monthly,ew,17,2004-08-31,-0.00656144533791418
usa,quality,monthly,ew,17,2004-09-30,0.0103022449057854
usa,quality,monthly,ew,17,2004-10-31,0.00609481006288927
usa,quality,monthly,ew,17,2004-11-30,0.00160930582027639
usa,quality,monthly,ew,17,2004-12-31,-0.00242252640543984
usa,quality,monthly,ew,17,2005-01-31,0.00965437404830498
usa,quality,monthly,ew,17,2005-02-28,0.00895783093015342
usa,quality,monthly,ew,17,2005-03-31,0.0121278580649972
usa,quality,monthly,ew,17,2005-04-30,-0.001246610741042
usa,quality,monthly,ew,17,2005-05-31,0.0187862377820068
usa,quality,monthly,ew,17,2005-06-30,-0.00222477783768433
usa,quality,monthly,ew,17,2005-07-31,0.0030291611624518
usa,quality,monthly,ew,17,2005-08-31,-0.00392646628902661
usa,quality,monthly,ew,17,2005-09-30,0.00220046002354255
usa,quality,monthly,ew,17,2005-10-31,0.00933909937275066
usa,quality,monthly,ew,17,2005-11-30,0.0164689536986138
usa,quality,monthly,ew,17,2005-12-31,0.00164295219191828
usa,quality,monthly,ew,17,2006-01-31,-0.00155709536222068
usa,quality,monthly,ew,17,2006-02-28,-0.00851532314450962
usa,quality,monthly,ew,17,2006-03-31,0.00842571449306336
usa,quality,monthly,ew,17,2006-04-30,0.00665711408364647
usa,quality,monthly,ew,17,2006-05-31,-0.00740983197627185
usa,quality,monthly,ew,17,2006-06-30,0.00735738414089267
usa,quality,monthly,ew,17,2006-07-31,-0.00481906564761477
usa,quality,monthly,ew,17,2006-08-31,-0.00227894607770812
usa,quality,monthly,ew,17,2006-09-30,0.0164427117281302
usa,quality,monthly,ew,17,2006-10-31,0.00659472709612508
usa,quality,monthly,ew,17,2006-11-30,-0.00128356228483998
usa,quality,monthly,ew,17,2006-12-31,0.00054074617176024
usa,quality,monthly,ew,17,2007-01-31,0.00707538952627179
usa,quality,monthly,ew,17,2007-02-28,0.000572531040869531
usa,quality,monthly,ew,17,2007-03-31,0.0112556771088589
usa,quality,monthly,ew,17,2007-04-30,0.0116411728016921
usa,quality,monthly,ew,17,2007-05-31,0.0174270079754343
usa,quality,monthly,ew,17,2007-06-30,0.0114349370735816
usa,quality,monthly,ew,17,2007-07-31,0.0152501870678831
usa,quality,monthly,ew,17,2007-08-31,0.00336230958435987
usa,quality,monthly,ew,17,2007-09-30,0.00702608997728044
usa,quality,monthly,ew,17,2007-10-31,0.0219340829462664
usa,quality,monthly,ew,17,2007-11-30,0.0140095283187871
usa,quality,monthly,ew,17,2007-12-31,0.0202350606016186
usa,quality,monthly,ew,17,2008-01-31,-0.0352822602849988
usa,quality,monthly,ew,17,2008-02-29,0.0114662420758235
usa,quality,monthly,ew,17,2008-03-31,0.0136159084610776
usa,quality,monthly,ew,17,2008-04-30,0.0267823718880802
usa,quality,monthly,ew,17,2008-05-31,0.0251956714788401
usa,quality,monthly,ew,17,2008-06-30,0.0262231204073752
usa,quality,monthly,ew,17,2008-07-31,-0.00323521101892058
usa,quality,monthly,ew,17,2008-08-31,0.0148112623515281
usa,quality,monthly,ew,17,2008-09-30,-0.0142083602070191
usa,quality,monthly,ew,17,2008-10-31,0.00504424733800945
usa,quality,monthly,ew,17,2008-11-30,0.0180765664169456
usa,quality,monthly,ew,17,2008-12-31,0.0250646583290768
usa,quality,monthly,ew,17,2009-01-31,-0.0125241449431441
usa,quality,monthly,ew,17,2009-02-28,0.0375356356990176
usa,quality,monthly,ew,17,2009-03-31,-0.0316384974297318
usa,quality,monthly,ew,17,2009-04-30,-0.0138490542905981
usa,quality,monthly,ew,17,2009-05-31,-0.0331451243275275
usa,quality,monthly,ew,17,2009-06-30,0.0158263049916517
usa,quality,monthly,ew,17,2009-07-31,0.00234567418118807
usa,quality,monthly,ew,17,2009-08-31,-0.0361212444953919
usa,quality,monthly,ew,17,2009-09-30,0.00231282007086189
usa,quality,monthly,ew,17,2009-10-31,0.0268676347681902
usa,quality,monthly,ew,17,2009-11-30,0.018017445577009
usa,quality,monthly,ew,17,2009-12-31,0.0121671131808166
usa,quality,monthly,ew,17,2010-01-31,-0.0306939284666327
usa,quality,monthly,ew,17,2010-02-28,0.0111845428994402
usa,quality,monthly,ew,17,2010-03-31,-0.00295509242387233
usa,quality,monthly,ew,17,2010-04-30,-0.0404808532135699
usa,quality,monthly,ew,17,2010-05-31,0.0236691470890129
usa,quality,monthly,ew,17,2010-06-30,0.0238194450141415
usa,quality,monthly,ew,17,2010-07-31,0.00320497860388962
usa,quality,monthly,ew,17,2010-08-31,0.0101117830885
usa,quality,monthly,ew,17,2010-09-30,0.0225084595916561
usa,quality,monthly,ew,17,2010-10-31,0.0129670352114235
usa,quality,monthly,ew,17,2010-11-30,0.0195752636945899
usa,quality,monthly,ew,17,2010-12-31,-0.0237817906331166
usa,quality,monthly,ew,17,2011-01-31,-0.00962776199346536
usa,quality,monthly,ew,17,2011-02-28,0.00607350025392772
usa,quality,monthly,ew,17,2011-03-31,0.0134323714170579
usa,quality,monthly,ew,17,2011-04-30,0.0147973271690228
usa,quality,monthly,ew,17,2011-05-31,0.0121086522734022
usa,quality,monthly,ew,17,2011-06-30,0.0133410070561461
usa,quality,monthly,ew,17,2011-07-31,-0.00291814413576105
usa,quality,monthly,ew,17,2011-08-31,0.0142216230613767
usa,quality,monthly,ew,17,2011-09-30,0.0149053226510833
usa,quality,monthly,ew,17,2011-10-31,0.0184718691798041
usa,quality,monthly,ew,17,2011-11-30,0.0136812971237211
usa,quality,monthly,ew,17,2011-12-31,0.00464260803342008
usa,quality,monthly,ew,17,2012-01-31,-0.0128587129561655
usa,quality,monthly,ew,17,2012-02-29,-0.00862489670765748
usa,quality,monthly,ew,17,2012-03-31,-0.000966018026806395
usa,quality,monthly,ew,17,2012-04-30,0.00128573187720886
usa,quality,monthly,ew,17,2012-05-31,0.00155203820291421
usa,quality,monthly,ew,17,2012-06-30,0.00337362220682019
usa,quality,monthly,ew,17,2012-07-31,-0.00537896448344828
usa,quality,monthly,ew,17,2012-08-31,0.00294091068480782
usa,quality,monthly,ew,17,2012-09-30,-0.0134917114837487
usa,quality,monthly,ew,17,2012-10-31,-0.00490019394299236
usa,quality,monthly,ew,17,2012-11-30,0.0114313622800516
usa,quality,monthly,ew,17,2012-12-31,-0.00214627495737267
usa,quality,monthly,ew,17,2013-01-31,-0.0105100752631765
usa,quality,monthly,ew,17,2013-02-28,0.00339902223040825
usa,quality,monthly,ew,17,2013-03-31,0.000906641550248591
usa,quality,monthly,ew,17,2013-04-30,0.00937796477954222
usa,quality,monthly,ew,17,2013-05-31,0.00275946524519176
usa,quality,monthly,ew,17,2013-06-30,0.00972215642918882
usa,quality,monthly,ew,17,2013-07-31,-0.00222426528184066
usa,quality,monthly,ew,17,2013-08-31,-0.000753016004548532
usa,quality,monthly,ew,17,2013-09-30,0.00218357340879915
usa,quality,monthly,ew,17,2013-10-31,0.0139834692102762
usa,quality,monthly,ew,17,2013-11-30,0.00439525519353601
usa,quality,monthly,ew,17,2013-12-31,-0.00830252431776787
usa,quality,monthly,ew,17,2014-01-31,-0.0293662740032002
usa,quality,monthly,ew,17,2014-02-28,-0.00408413615213523
usa,quality,monthly,ew,17,2014-03-31,0.00309769507119486
usa,quality,monthly,ew,17,2014-04-30,0.00742572329948132
usa,quality,monthly,ew,17,2014-05-31,0.00784530092210724
usa,quality,monthly,ew,17,2014-06-30,-0.0127210401634842
usa,quality,monthly,ew,17,2014-07-31,0.00527600444360691
usa,quality,monthly,ew,17,2014-08-31,0.0109552822024712
usa,quality,monthly,ew,17,2014-09-30,0.0214993870670229
usa,quality,monthly,ew,17,2014-10-31,0.0278345247942313
usa,quality,monthly,ew,17,2014-11-30,0.0207804350051571
usa,quality,monthly,ew,17,2014-12-31,0.006144461878968
usa,quality,monthly,ew,17,2015-01-31,0.00507349010870601
usa,quality,monthly,ew,17,2015-02-28,-0.0105997861866147
usa,quality,monthly,ew,17,2015-03-31,0.0112482596446058
usa,quality,monthly,ew,17,2015-04-30,-0.0165367852858174
usa,quality,monthly,ew,17,2015-05-31,0.00311786564619768
usa,quality,monthly,ew,17,2015-06-30,0.00748138542132504
usa,quality,monthly,ew,17,2015-07-31,0.0246045178137947
usa,quality,monthly,ew,17,2015-08-31,-0.0074937103582205
usa,quality,monthly,ew,17,2015-09-30,0.0227274874443008
usa,quality,monthly,ew,17,2015-10-31,0.0117997871604722
usa,quality,monthly,ew,17,2015-11-30,0.00387676323148171
usa,quality,monthly,ew,17,2015-12-31,0.0191217934368605
usa,quality,monthly,ew,17,2016-01-31,0.0327829183182896
usa,quality,monthly,ew,17,2016-02-29,0.0119866441248627
usa,quality,monthly,ew,17,2016-03-31,-0.0225940450088849
usa,quality,monthly,ew,17,2016-04-30,-0.0533273236924582
usa,quality,monthly,ew,17,2016-05-31,0.0141495314557797
usa,quality,monthly,ew,17,2016-06-30,0.00794700825454816
usa,quality,monthly,ew,17,2016-07-31,0.000857675607119684
usa,quality,monthly,ew,17,2016-08-31,-0.00473223847702558
usa,quality,monthly,ew,17,2016-09-30,-0.0131485887126055
usa,quality,monthly,ew,17,2016-10-31,0.0185860796919855
usa,quality,monthly,ew,17,2016-11-30,-0.00936778982416013
usa,quality,monthly,ew,17,2016-12-31,0.0051841888117493
usa,quality,monthly,ew,17,2017-01-31,-0.016812118575374
usa,quality,monthly,ew,17,2017-02-28,0.00393759761429018
usa,quality,monthly,ew,17,2017-03-31,0.0108585052710929
usa,quality,monthly,ew,17,2017-04-30,0.0282063559710495
usa,quality,monthly,ew,17,2017-05-31,0.0299894600845209
usa,quality,monthly,ew,17,2017-06-30,-0.0195186099282435
usa,quality,monthly,ew,17,2017-07-31,0.00523441226377659
usa,quality,monthly,ew,17,2017-08-31,0.00893917038462651
usa,quality,monthly,ew,17,2017-09-30,-0.0151210278100834
usa,quality,monthly,ew,17,2017-10-31,0.014126369007324
usa,quality,monthly,ew,17,2017-11-30,0.0020787371629372
usa,quality,monthly,ew,17,2017-12-31,-0.00303392652004879
usa,quality,monthly,ew,17,2018-01-31,0.00332914112226838
usa,quality,monthly,ew,17,2018-02-28,0.00796440766323558
usa,quality,monthly,ew,17,2018-03-31,0.00462816587024458
usa,quality,monthly,ew,17,2018-04-30,-0.00737874509692785
usa,quality,monthly,ew,17,2018-05-31,0.00356587735334865
usa,quality,monthly,ew,17,2018-06-30,0.0134957208982696
usa,quality,monthly,ew,17,2018-07-31,0.0187950284870043
usa,quality,monthly,ew,17,2018-08-31,0.0220553868576316
usa,quality,monthly,ew,17,2018-09-30,-0.00216078349497102
usa,quality,monthly,ew,17,2018-10-31,0.000627203128025928
usa,quality,monthly,ew,17,2018-11-30,0.0113750023715544
usa,quality,monthly,ew,17,2018-12-31,0.0285989095792058
usa,quality,monthly,ew,17,2019-01-31,-0.0184153485264645
usa,quality,monthly,ew,17,2019-02-28,0.00355482872513085
usa,quality,monthly,ew,17,2019-03-31,-0.000754209780378754
usa,quality,monthly,ew,17,2019-04-30,0.0118751091927363
usa,quality,monthly,ew,17,2019-05-31,-0.00895240531688509
usa,quality,monthly,ew,17,2019-06-30,0.0172428105876116
usa,quality,monthly,ew,17,2019-07-31,0.0144605951842947
usa,quality,monthly,ew,17,2019-08-31,0.00902076186518076
usa,quality,monthly,ew,17,2019-09-30,0.00701495410739581
usa,quality,monthly,ew,17,2019-10-31,0.00971159441555759
usa,quality,monthly,ew,17,2019-11-30,0.000665923559642524
usa,quality,monthly,ew,17,2019-12-31,-0.03158930089686
usa,quality,monthly,ew,17,2020-01-31,-0.0144124655621252
usa,quality,monthly,ew,17,2020-02-29,-0.0120125697756136
usa,quality,monthly,ew,17,2020-03-31,0.023376844760096
usa,quality,monthly,ew,17,2020-04-30,0.00124968221078313
usa,quality,monthly,ew,17,2020-05-31,-0.000100171784508906
usa,quality,monthly,ew,17,2020-06-30,-0.0263725019820826
usa,quality,monthly,ew,17,2020-07-31,0.0158271102679109
usa,quality,monthly,ew,17,2020-08-31,0.0124590193538381
usa,quality,monthly,ew,17,2020-09-30,0.00170482920269689
usa,quality,monthly,ew,17,2020-10-31,-0.000779780008444917
usa,quality,monthly,ew,17,2020-11-30,-0.0661396549985677
usa,quality,monthly,ew,17,2020-12-31,-0.0209247028824979
usa,quality,monthly,ew,17,2021-01-31,-0.0566211274343001
usa,quality,monthly,ew,17,2021-02-28,-0.0363590431378804
usa,quality,monthly,ew,17,2021-03-31,0.0161622013656315
usa,quality,monthly,ew,17,2021-04-30,0.021303225125101
usa,quality,monthly,ew,17,2021-05-31,0.00421800058712819
usa,quality,monthly,ew,17,2021-06-30,-0.00199236119898112
usa,quality,monthly,ew,17,2021-07-31,0.045959576517362
usa,quality,monthly,ew,17,2021-08-31,-0.012497656094994
usa,quality,monthly,ew,17,2021-09-30,-0.0162336429574078
usa,quality,monthly,ew,17,2021-10-31,0.0270016242448342
usa,quality,monthly,ew,17,2021-11-30,0.0367252769841523
usa,quality,monthly,ew,17,2021-12-31,0.0414178706180002
usa,quality,monthly,ew,17,2022-01-31,0.00398802150972706
usa,quality,monthly,ew,17,2022-02-28,0.00239339603870433
usa,quality,monthly,ew,17,2022-03-31,-0.0201865335173521
usa,quality,monthly,ew,17,2022-04-30,0.0394699352766174
usa,quality,monthly,ew,17,2022-05-31,0.0309385879432636
usa,quality,monthly,ew,17,2022-06-30,-0.0205421832678647
usa,quality,monthly,ew,17,2022-07-31,0.0247117708318704
usa,quality,monthly,ew,17,2022-08-31,-0.0295948141121822
usa,quality,monthly,ew,17,2022-09-30,0.0218260126950976
usa,quality,monthly,ew,17,2022-10-31,0.0358077040579238
usa,quality,monthly,ew,17,2022-11-30,0.0436914729893108
usa,quality,monthly,ew,17,2022-12-31,0.00439416237521308
usa,quality,monthly,ew,17,2023-01-31,-0.0571830981331754
usa,quality,monthly,ew,17,2023-02-28,0.0253777834481601
usa,quality,monthly,ew,17,2023-03-31,0.0449961873604659
usa,quality,monthly,ew,17,2023-04-30,0.00792252499047155
usa,quality,monthly,ew,17,2023-05-31,-0.0106558373152574
usa,quality,monthly,ew,17,2023-06-30,0.0291471478957759
usa,quality,monthly,ew,17,2023-07-31,-0.000250691038587454
usa,quality,monthly,ew,17,2023-08-31,0.0490128619483281
usa,quality,monthly,ew,17,2023-09-30,0.030032238631374
usa,quality,monthly,ew,17,2023-10-31,0.0272134534371105
usa,quality,monthly,ew,17,2023-11-30,0.00093966909221294
usa,quality,monthly,ew,17,2023-12-31,-0.0257059580684108
usa,quality,monthly,ew,17,2024-01-31,0.0112919259520949
usa,quality,monthly,ew,17,2024-02-29,0.00555653750443474
usa,quality,monthly,ew,17,2024-03-31,0.00571157651895614
usa,quality,monthly,ew,17,2024-04-30,0.0115235404314103
usa,quality,monthly,ew,17,2024-05-31,-0.00125601694904684
usa,quality,monthly,ew,17,2024-06-30,0.0185396440560496
usa,quality,monthly,ew,17,2024-07-31,-0.0124187841829369
usa,quality,monthly,ew,17,2024-08-31,0.0193034656688527
usa,quality,monthly,ew,17,2024-09-30,0.00941290149460008
usa,quality,monthly,ew,17,2024-10-31,-0.0133655831845801
usa,quality,monthly,ew,17,2024-11-30,0.00288259094305657
usa,quality,monthly,ew,17,2024-12-31,-0.0116795593954956
usa,seasonality,monthly,ew,1,1926-02-28,-0.00357056315016129
usa,seasonality,monthly,ew,1,1926-03-31,-0.00881120911197436
usa,seasonality,monthly,ew,1,1926-04-30,0.0217749311818897
usa,seasonality,monthly,ew,1,1926-05-31,-0.00354170258639241
usa,seasonality,monthly,ew,1,1926-06-30,-0.0029468630904206
usa,seasonality,monthly,ew,1,1926-07-31,-0.00553291832249665
usa,seasonality,monthly,ew,1,1926-08-31,-0.00275511531991983
usa,seasonality,monthly,ew,1,1926-09-30,0.000010474726385927
usa,seasonality,monthly,ew,1,1926-10-31,0.00760024042547888
usa,seasonality,monthly,ew,1,1926-11-30,0.00305946114326859
usa,seasonality,monthly,ew,1,1926-12-31,0.00958985161366401
usa,seasonality,monthly,ew,1,1927-01-31,-0.0283186825191121
usa,seasonality,monthly,ew,1,1927-02-28,0.00582770978001732
usa,seasonality,monthly,ew,1,1927-03-31,0.00405505249225053
usa,seasonality,monthly,ew,1,1927-04-30,-0.00680177350728477
usa,seasonality,monthly,ew,1,1927-05-31,0.0060302963497228
usa,seasonality,monthly,ew,1,1927-06-30,-0.00992242635293766
usa,seasonality,monthly,ew,1,1927-07-31,-0.0169251346317885
usa,seasonality,monthly,ew,1,1927-08-31,-0.00855918415457337
usa,seasonality,monthly,ew,1,1927-09-30,-0.0023478656422587
usa,seasonality,monthly,ew,1,1927-10-31,0.00894537829594083
usa,seasonality,monthly,ew,1,1927-11-30,0.0188401330006435
usa,seasonality,monthly,ew,1,1927-12-31,0.0195072071861578
usa,seasonality,monthly,ew,1,1928-01-31,0.0128602087197391
usa,seasonality,monthly,ew,1,1928-02-29,0.00245367847340759
usa,seasonality,monthly,ew,1,1928-03-31,-0.00016730782753388
usa,seasonality,monthly,ew,1,1928-04-30,-0.027760352400103
usa,seasonality,monthly,ew,1,1928-05-31,0.00515334899521608
usa,seasonality,monthly,ew,1,1928-06-30,-0.00442856662270492
usa,seasonality,monthly,ew,1,1928-07-31,-0.00340427224692737
usa,seasonality,monthly,ew,2,1928-08-31,-0.0361596459189632
usa,seasonality,monthly,ew,2,1928-09-30,0.00143462772545941
usa,seasonality,monthly,ew,2,1928-10-31,0.0114073539520189
usa,seasonality,monthly,ew,2,1928-11-30,0.00472407822364813
usa,seasonality,monthly,ew,2,1928-12-31,-0.013789115488836
usa,seasonality,monthly,ew,2,1929-01-31,-0.00295224562161852
usa,seasonality,monthly,ew,2,1929-02-28,-0.0155254219768284
usa,seasonality,monthly,ew,2,1929-03-31,-0.00970445379813732
usa,seasonality,monthly,ew,2,1929-04-30,-0.0172664792517101
usa,seasonality,monthly,ew,2,1929-05-31,-0.022766918106036
usa,seasonality,monthly,ew,2,1929-06-30,-0.0251828248704043
usa,seasonality,monthly,ew,2,1929-07-31,-0.00666274860858005
usa,seasonality,monthly,ew,2,1929-08-31,-0.0261607545747096
usa,seasonality,monthly,ew,2,1929-09-30,-0.00404505302484185
usa,seasonality,monthly,ew,2,1929-10-31,-0.0204894046500353
usa,seasonality,monthly,ew,2,1929-11-30,0.0328823687538925
usa,seasonality,monthly,ew,2,1929-12-31,-0.0497088500253153
usa,seasonality,monthly,ew,2,1930-01-31,0.025784437064538
usa,seasonality,monthly,ew,2,1930-02-28,0.00866330686672366
usa,seasonality,monthly,ew,2,1930-03-31,0.0120899420841449
usa,seasonality,monthly,ew,2,1930-04-30,-0.00227187248637449
usa,seasonality,monthly,ew,2,1930-05-31,-0.0118550157670675
usa,seasonality,monthly,ew,2,1930-06-30,0.00146851268692083
usa,seasonality,monthly,ew,2,1930-07-31,-0.0100429881908181
usa,seasonality,monthly,ew,2,1930-08-31,-0.0197259247485618
usa,seasonality,monthly,ew,2,1930-09-30,0.00382950122217347
usa,seasonality,monthly,ew,2,1930-10-31,0.0179392869740634
usa,seasonality,monthly,ew,2,1930-11-30,-0.0101979787578604
usa,seasonality,monthly,ew,2,1930-12-31,-0.0329468494449099
usa,seasonality,monthly,ew,3,1931-01-31,0.0354627773557461
usa,seasonality,monthly,ew,3,1931-02-28,-0.0033493562317553
usa,seasonality,monthly,ew,3,1931-03-31,0.0185964693204098
usa,seasonality,monthly,ew,3,1931-04-30,-0.00397098191773881
usa,seasonality,monthly,ew,3,1931-05-31,0.0296995433117455
usa,seasonality,monthly,ew,3,1931-06-30,-0.0146708874214368
usa,seasonality,monthly,ew,3,1931-07-31,0.016421716706473
usa,seasonality,monthly,ew,3,1931-08-31,-0.00546392240296159
usa,seasonality,monthly,ew,3,1931-09-30,0.00220591923609274
usa,seasonality,monthly,ew,3,1931-10-31,-0.0312425174103838
usa,seasonality,monthly,ew,3,1931-11-30,0.0250846943630441
usa,seasonality,monthly,ew,3,1931-12-31,-0.00595203042840263
usa,seasonality,monthly,ew,3,1932-01-31,0.0264735072994878
usa,seasonality,monthly,ew,3,1932-02-29,-0.0231901950703174
usa,seasonality,monthly,ew,3,1932-03-31,0.0167459074596852
usa,seasonality,monthly,ew,3,1932-04-30,0.0441605839215793
usa,seasonality,monthly,ew,3,1932-05-31,0.0269883623317647
usa,seasonality,monthly,ew,3,1932-06-30,-0.0129609570442076
usa,seasonality,monthly,ew,3,1932-07-31,-0.0440166671856988
usa,seasonality,monthly,ew,3,1932-08-31,-0.0355581224904241
usa,seasonality,monthly,ew,3,1932-09-30,-0.0223091423898256
usa,seasonality,monthly,ew,3,1932-10-31,0.0347109757001043
usa,seasonality,monthly,ew,3,1932-11-30,0.0200307181680191
usa,seasonality,monthly,ew,3,1932-12-31,-0.0134511951203361
usa,seasonality,monthly,ew,3,1933-01-31,-0.0172781697192171
usa,seasonality,monthly,ew,3,1933-02-28,-0.00288478275162628
usa,seasonality,monthly,ew,3,1933-03-31,0.0239050551863738
usa,seasonality,monthly,ew,3,1933-04-30,-0.137605359433111
usa,seasonality,monthly,ew,3,1933-05-31,0.0446384800766843
usa,seasonality,monthly,ew,3,1933-06-30,0.00707240624441417
usa,seasonality,monthly,ew,3,1933-07-31,-0.00166651924029304
usa,seasonality,monthly,ew,3,1933-08-31,-0.0200304454628724
usa,seasonality,monthly,ew,3,1933-09-30,0.00885782034933876
usa,seasonality,monthly,ew,3,1933-10-31,0.000451219780983285
usa,seasonality,monthly,ew,3,1933-11-30,-0.0225649462399787
usa,seasonality,monthly,ew,3,1933-12-31,0.0105987892022926
usa,seasonality,monthly,ew,3,1934-01-31,0.101114966790546
usa,seasonality,monthly,ew,3,1934-02-28,0.0125580607246529
usa,seasonality,monthly,ew,3,1934-03-31,-0.00254623082260961
usa,seasonality,monthly,ew,3,1934-04-30,0.0179354730416002
usa,seasonality,monthly,ew,3,1934-05-31,0.0129232643963675
usa,seasonality,monthly,ew,3,1934-06-30,0.000487179952878671
usa,seasonality,monthly,ew,3,1934-07-31,-0.0247356255265748
usa,seasonality,monthly,ew,3,1934-08-31,0.00951423440759657
usa,seasonality,monthly,ew,3,1934-09-30,0.00374472658769307
usa,seasonality,monthly,ew,3,1934-10-31,0.0260169217237156
usa,seasonality,monthly,ew,3,1934-11-30,-0.000559188144615549
usa,seasonality,monthly,ew,3,1934-12-31,0.00758465245669206
usa,seasonality,monthly,ew,3,1935-01-31,0.0104738353011979
usa,seasonality,monthly,ew,3,1935-02-28,0.00667032237410379
usa,seasonality,monthly,ew,3,1935-03-31,-0.00882016105293815
usa,seasonality,monthly,ew,3,1935-04-30,-0.0161765217827004
usa,seasonality,monthly,ew,3,1935-05-31,-0.0111270132105067
usa,seasonality,monthly,ew,3,1935-06-30,-0.0283199374729369
usa,seasonality,monthly,ew,3,1935-07-31,0.0243095316822816
usa,seasonality,monthly,ew,3,1935-08-31,0.0583400261841298
usa,seasonality,monthly,ew,3,1935-09-30,-0.00186169116223997
usa,seasonality,monthly,ew,3,1935-10-31,-0.00904591030662289
usa,seasonality,monthly,ew,3,1935-11-30,-0.00569560001308629
usa,seasonality,monthly,ew,3,1935-12-31,-0.00598473637564014
usa,seasonality,monthly,ew,4,1936-01-31,0.0623247492818587
usa,seasonality,monthly,ew,4,1936-02-29,0.00398072552292445
usa,seasonality,monthly,ew,4,1936-03-31,0.00941318126193364
usa,seasonality,monthly,ew,4,1936-04-30,-0.00190777659039464
usa,seasonality,monthly,ew,4,1936-05-31,0.00123528483567384
usa,seasonality,monthly,ew,4,1936-06-30,-0.00466818716734484
usa,seasonality,monthly,ew,4,1936-07-31,-0.00345933692288029
usa,seasonality,monthly,ew,4,1936-08-31,-0.00112631017365203
usa,seasonality,monthly,ew,4,1936-09-30,-0.00071294541720132
usa,seasonality,monthly,ew,4,1936-10-31,-0.00686842394756824
usa,seasonality,monthly,ew,4,1936-11-30,0.0233783231660577
usa,seasonality,monthly,ew,4,1936-12-31,-0.0227693393278914
usa,seasonality,monthly,ew,4,1937-01-31,0.0312885738145821
usa,seasonality,monthly,ew,4,1937-02-28,-0.00595828940566945
usa,seasonality,monthly,ew,4,1937-03-31,-0.00371388512549559
usa,seasonality,monthly,ew,4,1937-04-30,-0.0015577362396273
usa,seasonality,monthly,ew,4,1937-05-31,0.00952327524482667
usa,seasonality,monthly,ew,4,1937-06-30,-0.00739794129718313
usa,seasonality,monthly,ew,4,1937-07-31,-0.000601790056189083
usa,seasonality,monthly,ew,4,1937-08-31,-0.00145126446283377
usa,seasonality,monthly,ew,4,1937-09-30,0.0300506877082028
usa,seasonality,monthly,ew,4,1937-10-31,0.0179024747186974
usa,seasonality,monthly,ew,4,1937-11-30,-0.00232061337388586
usa,seasonality,monthly,ew,4,1937-12-31,0.0200888170837268
usa,seasonality,monthly,ew,4,1938-01-31,-0.00658534428650518
usa,seasonality,monthly,ew,4,1938-02-28,-0.0148255837096436
usa,seasonality,monthly,ew,4,1938-03-31,0.0355197408138917
usa,seasonality,monthly,ew,4,1938-04-30,-0.00527573758751131
usa,seasonality,monthly,ew,4,1938-05-31,0.0122744054917062
usa,seasonality,monthly,ew,4,1938-06-30,-0.00978217891019102
usa,seasonality,monthly,ew,4,1938-07-31,-0.00464084585607515
usa,seasonality,monthly,ew,4,1938-08-31,-0.014268160301428
usa,seasonality,monthly,ew,4,1938-09-30,-0.00581603243955513
usa,seasonality,monthly,ew,4,1938-10-31,-0.00959236568241742
usa,seasonality,monthly,ew,4,1938-11-30,0.00044003904330394
usa,seasonality,monthly,ew,4,1938-12-31,0.00428536883619542
usa,seasonality,monthly,ew,4,1939-01-31,-0.0085535106510067
usa,seasonality,monthly,ew,4,1939-02-28,0.00177952635718892
usa,seasonality,monthly,ew,4,1939-03-31,0.0396375089349711
usa,seasonality,monthly,ew,4,1939-04-30,0.0162186256445502
usa,seasonality,monthly,ew,4,1939-05-31,-0.00831043530709979
usa,seasonality,monthly,ew,4,1939-06-30,0.0207528690557554
usa,seasonality,monthly,ew,4,1939-07-31,-0.00218677655841306
usa,seasonality,monthly,ew,4,1939-08-31,-0.00197981880677207
usa,seasonality,monthly,ew,4,1939-09-30,-0.155183413147322
usa,seasonality,monthly,ew,4,1939-10-31,0.0428340911239192
usa,seasonality,monthly,ew,4,1939-11-30,0.0205961270293631
usa,seasonality,monthly,ew,4,1939-12-31,0.0140371756127981
usa,seasonality,monthly,ew,4,1940-01-31,0.0212854385666493
usa,seasonality,monthly,ew,4,1940-02-29,0.00819842301640737
usa,seasonality,monthly,ew,4,1940-03-31,0.0016820655978098
usa,seasonality,monthly,ew,4,1940-04-30,0.00243440113685159
usa,seasonality,monthly,ew,4,1940-05-31,0.00510268528944298
usa,seasonality,monthly,ew,4,1940-06-30,0.00615440724951538
usa,seasonality,monthly,ew,4,1940-07-31,-0.00325712753126042
usa,seasonality,monthly,ew,4,1940-08-31,-0.00269240976131278
usa,seasonality,monthly,ew,4,1940-09-30,-0.00433892980617049
usa,seasonality,monthly,ew,4,1940-10-31,-0.0234077027996976
usa,seasonality,monthly,ew,4,1940-11-30,0.0229718018505054
usa,seasonality,monthly,ew,4,1940-12-31,0.0118230493311464
usa,seasonality,monthly,ew,6,1941-01-31,0.0302721090635686
usa,seasonality,monthly,ew,6,1941-02-28,-0.0000110893471737761
usa,seasonality,monthly,ew,6,1941-03-31,0.0115732466369649
usa,seasonality,monthly,ew,6,1941-04-30,0.0139072161640996
usa,seasonality,monthly,ew,6,1941-05-31,-0.00672203923758664
usa,seasonality,monthly,ew,6,1941-06-30,0.00755041245032879
usa,seasonality,monthly,ew,6,1941-07-31,0.0171294716896476
usa,seasonality,monthly,ew,6,1941-08-31,0.0104037674480891
usa,seasonality,monthly,ew,6,1941-09-30,0.00421011475446062
usa,seasonality,monthly,ew,6,1941-10-31,0.00998513806859441
usa,seasonality,monthly,ew,6,1941-11-30,0.0151101418273889
usa,seasonality,monthly,ew,6,1941-12-31,0.0163201723584187
usa,seasonality,monthly,ew,6,1942-01-31,0.0763162591521732
usa,seasonality,monthly,ew,6,1942-02-28,0.0020964738869416
usa,seasonality,monthly,ew,6,1942-03-31,-0.00161701038946234
usa,seasonality,monthly,ew,6,1942-04-30,-0.000984266892660876
usa,seasonality,monthly,ew,6,1942-05-31,-0.00162188252505525
usa,seasonality,monthly,ew,6,1942-06-30,-0.000651327006679346
usa,seasonality,monthly,ew,6,1942-07-31,0.00530750856604457
usa,seasonality,monthly,ew,6,1942-08-31,0.00578264231597174
usa,seasonality,monthly,ew,6,1942-09-30,-0.00128459482121268
usa,seasonality,monthly,ew,6,1942-10-31,-0.0191800506774913
usa,seasonality,monthly,ew,6,1942-11-30,0.00717373927410733
usa,seasonality,monthly,ew,6,1942-12-31,0.00402940945820897
usa,seasonality,monthly,ew,6,1943-01-31,0.033340450227956
usa,seasonality,monthly,ew,6,1943-02-28,-0.0036790781863289
usa,seasonality,monthly,ew,6,1943-03-31,-0.00224347496052402
usa,seasonality,monthly,ew,6,1943-04-30,0.0092861591313946
usa,seasonality,monthly,ew,6,1943-05-31,-0.00659045969735269
usa,seasonality,monthly,ew,6,1943-06-30,0.00219804294742471
usa,seasonality,monthly,ew,6,1943-07-31,-0.00809391504519626
usa,seasonality,monthly,ew,6,1943-08-31,0.000409884597527594
usa,seasonality,monthly,ew,6,1943-09-30,0.0022996590930315
usa,seasonality,monthly,ew,6,1943-10-31,0.00109732337604082
usa,seasonality,monthly,ew,6,1943-11-30,0.0203254214111518
usa,seasonality,monthly,ew,6,1943-12-31,-0.0185197136777407
usa,seasonality,monthly,ew,6,1944-01-31,0.0203436532871801
usa,seasonality,monthly,ew,6,1944-02-29,-0.00161649281637139
usa,seasonality,monthly,ew,6,1944-03-31,-0.00411474013633395
usa,seasonality,monthly,ew,6,1944-04-30,0.00757289311201073
usa,seasonality,monthly,ew,6,1944-05-31,-0.00764843141304794
usa,seasonality,monthly,ew,6,1944-06-30,-0.00469592336993106
usa,seasonality,monthly,ew,6,1944-07-31,-0.00555051681366729
usa,seasonality,monthly,ew,6,1944-08-31,-0.000379070441080675
usa,seasonality,monthly,ew,6,1944-09-30,-0.00190354858022731
usa,seasonality,monthly,ew,6,1944-10-31,0.00809741553899313
usa,seasonality,monthly,ew,6,1944-11-30,0.0010858818288466
usa,seasonality,monthly,ew,6,1944-12-31,-0.011441523219034
usa,seasonality,monthly,ew,6,1945-01-31,0.0135568081684299
usa,seasonality,monthly,ew,6,1945-02-28,0.00249939094979707
usa,seasonality,monthly,ew,6,1945-03-31,0.0088760694616001
usa,seasonality,monthly,ew,6,1945-04-30,-0.00306437443684836
usa,seasonality,monthly,ew,6,1945-05-31,-0.00265616982473508
usa,seasonality,monthly,ew,6,1945-06-30,-0.00455490792868498
usa,seasonality,monthly,ew,6,1945-07-31,0.00221619872891989
usa,seasonality,monthly,ew,6,1945-08-31,-0.00724141617426823
usa,seasonality,monthly,ew,6,1945-09-30,-0.00425272209798159
usa,seasonality,monthly,ew,6,1945-10-31,0.0178178681528267
usa,seasonality,monthly,ew,6,1945-11-30,-0.0140408337304201
usa,seasonality,monthly,ew,6,1945-12-31,-0.00675125502260187
usa,seasonality,monthly,ew,7,1946-01-31,0.0154275051929898
usa,seasonality,monthly,ew,7,1946-02-28,0.00738263673423085
usa,seasonality,monthly,ew,7,1946-03-31,0.0109977248089031
usa,seasonality,monthly,ew,7,1946-04-30,0.0152426884760134
usa,seasonality,monthly,ew,7,1946-05-31,-0.00793789355354048
usa,seasonality,monthly,ew,7,1946-06-30,0.00129194731495283
usa,seasonality,monthly,ew,7,1946-07-31,9.81422892154229e-6
usa,seasonality,monthly,ew,7,1946-08-31,0.011500103659383
usa,seasonality,monthly,ew,7,1946-09-30,0.0112626056506875
usa,seasonality,monthly,ew,7,1946-10-31,-0.001638987101795
usa,seasonality,monthly,ew,7,1946-11-30,-0.0000169259441035155
usa,seasonality,monthly,ew,7,1946-12-31,0.00578150328601932
usa,seasonality,monthly,ew,7,1947-01-31,0.00292332946581596
usa,seasonality,monthly,ew,7,1947-02-28,0.00271193211902574
usa,seasonality,monthly,ew,7,1947-03-31,0.0114351620232763
usa,seasonality,monthly,ew,7,1947-04-30,0.00374870390745346
usa,seasonality,monthly,ew,7,1947-05-31,0.00595142215229223
usa,seasonality,monthly,ew,7,1947-06-30,0.00054839668501571
usa,seasonality,monthly,ew,7,1947-07-31,-0.00627915197846244
usa,seasonality,monthly,ew,7,1947-08-31,0.0035786942410054
usa,seasonality,monthly,ew,7,1947-09-30,-0.00013946774394859
usa,seasonality,monthly,ew,7,1947-10-31,-0.00629459143350326
usa,seasonality,monthly,ew,7,1947-11-30,0.00839791083995337
usa,seasonality,monthly,ew,7,1947-12-31,-0.000708686836278093
usa,seasonality,monthly,ew,7,1948-01-31,0.00902135896347859
usa,seasonality,monthly,ew,7,1948-02-29,0.00438543160201175
usa,seasonality,monthly,ew,7,1948-03-31,-0.0175097063054942
usa,seasonality,monthly,ew,7,1948-04-30,0.00299895073038044
usa,seasonality,monthly,ew,7,1948-05-31,-0.00648812217315069
usa,seasonality,monthly,ew,7,1948-06-30,0.00139116869372337
usa,seasonality,monthly,ew,7,1948-07-31,0.00378696978059886
usa,seasonality,monthly,ew,7,1948-08-31,0.00235838589369566
usa,seasonality,monthly,ew,7,1948-09-30,0.0047740260350962
usa,seasonality,monthly,ew,7,1948-10-31,-0.00672642732070292
usa,seasonality,monthly,ew,7,1948-11-30,0.0194324618452032
usa,seasonality,monthly,ew,7,1948-12-31,0.00403901438836566
usa,seasonality,monthly,ew,7,1949-01-31,0.0134948745670574
usa,seasonality,monthly,ew,7,1949-02-28,0.00103231499655224
usa,seasonality,monthly,ew,7,1949-03-31,-0.00389427203605275
usa,seasonality,monthly,ew,7,1949-04-30,0.012758859400759
usa,seasonality,monthly,ew,7,1949-05-31,0.0153886774499128
usa,seasonality,monthly,ew,7,1949-06-30,0.00500773361750299
usa,seasonality,monthly,ew,7,1949-07-31,0.0016287905585131
usa,seasonality,monthly,ew,7,1949-08-31,0.000835991824420483
usa,seasonality,monthly,ew,7,1949-09-30,-0.005197760535083
usa,seasonality,monthly,ew,7,1949-10-31,0.00305079417593031
usa,seasonality,monthly,ew,7,1949-11-30,-0.000745805306822547
usa,seasonality,monthly,ew,7,1949-12-31,-0.00681598060820111
usa,seasonality,monthly,ew,7,1950-01-31,0.0135077741851346
usa,seasonality,monthly,ew,7,1950-02-28,0.00411147967102131
usa,seasonality,monthly,ew,7,1950-03-31,0.00172138063500643
usa,seasonality,monthly,ew,7,1950-04-30,-0.0122850218781989
usa,seasonality,monthly,ew,7,1950-05-31,-0.00227170641627581
usa,seasonality,monthly,ew,7,1950-06-30,0.00114790330417943
usa,seasonality,monthly,ew,7,1950-07-31,-0.000685536342495828
usa,seasonality,monthly,ew,7,1950-08-31,0.00500477074066008
usa,seasonality,monthly,ew,7,1950-09-30,-0.00473559322344273
usa,seasonality,monthly,ew,7,1950-10-31,0.00791707979453608
usa,seasonality,monthly,ew,8,1950-11-30,-0.0125678557273025
usa,seasonality,monthly,ew,8,1950-12-31,-0.00994662696879742
usa,seasonality,monthly,ew,8,1951-01-31,-0.000700569082366593
usa,seasonality,monthly,ew,8,1951-02-28,-0.000564242355927042
usa,seasonality,monthly,ew,8,1951-03-31,0.00423578457196511
usa,seasonality,monthly,ew,8,1951-04-30,-0.00581308116676544
usa,seasonality,monthly,ew,8,1951-05-31,0.00189974133037264
usa,seasonality,monthly,ew,8,1951-06-30,0.00054848539850221
usa,seasonality,monthly,ew,8,1951-07-31,-0.00170151836559672
usa,seasonality,monthly,ew,8,1951-08-31,-0.00138901700049895
usa,seasonality,monthly,ew,8,1951-09-30,-0.00176810529770452
usa,seasonality,monthly,ew,8,1951-10-31,0.00519415658864662
usa,seasonality,monthly,ew,11,1951-11-30,-0.00676967840885527
usa,seasonality,monthly,ew,11,1951-12-31,-0.0000744930092472098
usa,seasonality,monthly,ew,11,1952-01-31,0.0058594519905625
usa,seasonality,monthly,ew,11,1952-02-29,-0.00105938236289665
usa,seasonality,monthly,ew,11,1952-03-31,-0.000729463800682978
usa,seasonality,monthly,ew,11,1952-04-30,0.000506932682963291
usa,seasonality,monthly,ew,11,1952-05-31,-0.00109018931710365
usa,seasonality,monthly,ew,11,1952-06-30,0.00172783353627294
usa,seasonality,monthly,ew,11,1952-07-31,-0.00179818709917793
usa,seasonality,monthly,ew,11,1952-08-31,0.00223806370558847
usa,seasonality,monthly,ew,11,1952-09-30,0.000540569587646084
usa,seasonality,monthly,ew,11,1952-10-31,0.000381041013351018
usa,seasonality,monthly,ew,11,1952-11-30,-0.00362977220794252
usa,seasonality,monthly,ew,11,1952-12-31,-0.000323910423421241
usa,seasonality,monthly,ew,11,1953-01-31,0.00953270045571983
usa,seasonality,monthly,ew,11,1953-02-28,0.0011867026216399
usa,seasonality,monthly,ew,11,1953-03-31,0.00641035813195449
usa,seasonality,monthly,ew,11,1953-04-30,0.000604018892764315
usa,seasonality,monthly,ew,11,1953-05-31,-0.000466156547317237
usa,seasonality,monthly,ew,11,1953-06-30,0.00233279345710311
usa,seasonality,monthly,ew,11,1953-07-31,-0.000449215593189686
usa,seasonality,monthly,ew,11,1953-08-31,0.00817811840823254
usa,seasonality,monthly,ew,11,1953-09-30,0.000658001175417857
usa,seasonality,monthly,ew,11,1953-10-31,-0.00163772338314075
usa,seasonality,monthly,ew,11,1953-11-30,0.00309222085372552
usa,seasonality,monthly,ew,11,1953-12-31,0.00156781401834982
usa,seasonality,monthly,ew,11,1954-01-31,0.003887897475249
usa,seasonality,monthly,ew,11,1954-02-28,0.00149924817890743
usa,seasonality,monthly,ew,11,1954-03-31,0.00167141332466366
usa,seasonality,monthly,ew,11,1954-04-30,0.00181439820607498
usa,seasonality,monthly,ew,11,1954-05-31,-0.00273500036635445
usa,seasonality,monthly,ew,11,1954-06-30,0.00427971859803545
usa,seasonality,monthly,ew,11,1954-07-31,0.00222305701729702
usa,seasonality,monthly,ew,11,1954-08-31,0.00080382291314263
usa,seasonality,monthly,ew,11,1954-09-30,-0.0000299494128130856
usa,seasonality,monthly,ew,11,1954-10-31,0.00267163535911588
usa,seasonality,monthly,ew,11,1954-11-30,0.00270050840696301
usa,seasonality,monthly,ew,11,1954-12-31,0.00406896336837689
usa,seasonality,monthly,ew,11,1955-01-31,0.00748524251514521
usa,seasonality,monthly,ew,11,1955-02-28,-0.00234214775815307
usa,seasonality,monthly,ew,11,1955-03-31,-0.000151436557323694
usa,seasonality,monthly,ew,11,1955-04-30,0.00387089461964556
usa,seasonality,monthly,ew,11,1955-05-31,-0.000241043093903214
usa,seasonality,monthly,ew,11,1955-06-30,0.000335525234155866
usa,seasonality,monthly,ew,11,1955-07-31,0.00187489623485203
usa,seasonality,monthly,ew,11,1955-08-31,0.0021751213308724
usa,seasonality,monthly,ew,11,1955-09-30,0.00158419809021654
usa,seasonality,monthly,ew,11,1955-10-31,-0.000178618483722146
usa,seasonality,monthly,ew,11,1955-11-30,-0.00128784640437405
usa,seasonality,monthly,ew,11,1955-12-31,0.00313683531756502
usa,seasonality,monthly,ew,11,1956-01-31,0.00419509042408928
usa,seasonality,monthly,ew,11,1956-02-29,0.00156298003843424
usa,seasonality,monthly,ew,11,1956-03-31,0.00267552510377613
usa,seasonality,monthly,ew,11,1956-04-30,0.00223644217922234
usa,seasonality,monthly,ew,11,1956-05-31,0.00234942640489109
usa,seasonality,monthly,ew,11,1956-06-30,0.00319009575532182
usa,seasonality,monthly,ew,11,1956-07-31,0.00189554649448097
usa,seasonality,monthly,ew,11,1956-08-31,0.00287858492567458
usa,seasonality,monthly,ew,11,1956-09-30,0.000388432689899469
usa,seasonality,monthly,ew,11,1956-10-31,0.00132717774744929
usa,seasonality,monthly,ew,11,1956-11-30,0.00335382989552243
usa,seasonality,monthly,ew,11,1956-12-31,0.00682382445068182
usa,seasonality,monthly,ew,11,1957-01-31,0.00580089166399984
usa,seasonality,monthly,ew,11,1957-02-28,0.000498328314344506
usa,seasonality,monthly,ew,11,1957-03-31,-0.00105180171566445
usa,seasonality,monthly,ew,11,1957-04-30,0.000593765106109716
usa,seasonality,monthly,ew,11,1957-05-31,0.000446652782066655
usa,seasonality,monthly,ew,11,1957-06-30,0.00247940888247241
usa,seasonality,monthly,ew,11,1957-07-31,0.0000442074789632685
usa,seasonality,monthly,ew,11,1957-08-31,0.00807844650331334
usa,seasonality,monthly,ew,11,1957-09-30,0.00200333194395609
usa,seasonality,monthly,ew,11,1957-10-31,0.00428793480174363
usa,seasonality,monthly,ew,11,1957-11-30,0.00544180296793485
usa,seasonality,monthly,ew,11,1957-12-31,0.00234081269624594
usa,seasonality,monthly,ew,11,1958-01-31,0.0115120385136699
usa,seasonality,monthly,ew,11,1958-02-28,0.0039782260407381
usa,seasonality,monthly,ew,11,1958-03-31,0.001521199273136
usa,seasonality,monthly,ew,11,1958-04-30,0.00248531999408284
usa,seasonality,monthly,ew,11,1958-05-31,-0.000424937735789626
usa,seasonality,monthly,ew,11,1958-06-30,-0.0000361347806241573
usa,seasonality,monthly,ew,11,1958-07-31,-0.000168101981251856
usa,seasonality,monthly,ew,11,1958-08-31,0.00697740132632444
usa,seasonality,monthly,ew,11,1958-09-30,-0.0000522752571041139
usa,seasonality,monthly,ew,11,1958-10-31,0.00121575494680806
usa,seasonality,monthly,ew,11,1958-11-30,-0.000683846800818934
usa,seasonality,monthly,ew,11,1958-12-31,-0.00109360427902599
usa,seasonality,monthly,ew,11,1959-01-31,0.0125116145213253
usa,seasonality,monthly,ew,11,1959-02-28,0.00686806632265924
usa,seasonality,monthly,ew,11,1959-03-31,0.00139882879077144
usa,seasonality,monthly,ew,11,1959-04-30,0.00480252712330191
usa,seasonality,monthly,ew,11,1959-05-31,0.00186666955931227
usa,seasonality,monthly,ew,11,1959-06-30,0.00442319298930854
usa,seasonality,monthly,ew,11,1959-07-31,0.0029287514717846
usa,seasonality,monthly,ew,11,1959-08-31,0.000950733077338096
usa,seasonality,monthly,ew,11,1959-09-30,0.0054107171178318
usa,seasonality,monthly,ew,11,1959-10-31,0.00396312438720326
usa,seasonality,monthly,ew,11,1959-11-30,0.00524855595686049
usa,seasonality,monthly,ew,11,1959-12-31,0.00222913824886406
usa,seasonality,monthly,ew,11,1960-01-31,0.00932251546849494
usa,seasonality,monthly,ew,11,1960-02-29,0.0093732484495592
usa,seasonality,monthly,ew,11,1960-03-31,-0.00146146053297934
usa,seasonality,monthly,ew,11,1960-04-30,0.00519212032928245
usa,seasonality,monthly,ew,11,1960-05-31,0.00477250705997787
usa,seasonality,monthly,ew,11,1960-06-30,0.00150142215501831
usa,seasonality,monthly,ew,11,1960-07-31,-0.00135087615632133
usa,seasonality,monthly,ew,11,1960-08-31,0.00162759726476908
usa,seasonality,monthly,ew,11,1960-09-30,-0.00255320604718734
usa,seasonality,monthly,ew,11,1960-10-31,-0.00253850808791255
usa,seasonality,monthly,ew,11,1960-11-30,0.00483238223558584
usa,seasonality,monthly,ew,11,1960-12-31,-0.00103647629144598
usa,seasonality,monthly,ew,11,1961-01-31,0.00437722684854422
usa,seasonality,monthly,ew,11,1961-02-28,0.00715340127181617
usa,seasonality,monthly,ew,11,1961-03-31,0.00981476915700911
usa,seasonality,monthly,ew,11,1961-04-30,-0.00185071113727156
usa,seasonality,monthly,ew,11,1961-05-31,-0.00289827166222939
usa,seasonality,monthly,ew,11,1961-06-30,-0.000192697793218785
usa,seasonality,monthly,ew,11,1961-07-31,0.000939394767856821
usa,seasonality,monthly,ew,11,1961-08-31,0.00432987856661191
usa,seasonality,monthly,ew,11,1961-09-30,0.00470847725095392
usa,seasonality,monthly,ew,11,1961-10-31,0.00346066198143689
usa,seasonality,monthly,ew,11,1961-11-30,0.0035333943276777
usa,seasonality,monthly,ew,11,1961-12-31,0.0033850016754327
usa,seasonality,monthly,ew,11,1962-01-31,0.00818184741006228
usa,seasonality,monthly,ew,11,1962-02-28,-0.00027334851423676
usa,seasonality,monthly,ew,11,1962-03-31,-0.00222572959398891
usa,seasonality,monthly,ew,11,1962-04-30,0.00147864170562348
usa,seasonality,monthly,ew,11,1962-05-31,0.00128068108525838
usa,seasonality,monthly,ew,11,1962-06-30,0.00214390971279024
usa,seasonality,monthly,ew,11,1962-07-31,0.000514316383393202
usa,seasonality,monthly,ew,11,1962-08-31,0.00408510326776774
usa,seasonality,monthly,ew,11,1962-09-30,-0.00113407048209073
usa,seasonality,monthly,ew,11,1962-10-31,-0.00219075703052612
usa,seasonality,monthly,ew,11,1962-11-30,-0.00145677984510683
usa,seasonality,monthly,ew,11,1962-12-31,-0.0000626583349435683
usa,seasonality,monthly,ew,11,1963-01-31,0.0130119042825906
usa,seasonality,monthly,ew,11,1963-02-28,-0.000302936297678902
usa,seasonality,monthly,ew,11,1963-03-31,0.00224569475416232
usa,seasonality,monthly,ew,11,1963-04-30,0.000156705764923226
usa,seasonality,monthly,ew,11,1963-05-31,0.00210234721659634
usa,seasonality,monthly,ew,11,1963-06-30,-0.00150644282634653
usa,seasonality,monthly,ew,11,1963-07-31,0.000781744709691302
usa,seasonality,monthly,ew,11,1963-08-31,-0.00358710543282086
usa,seasonality,monthly,ew,11,1963-09-30,0.00306900370202739
usa,seasonality,monthly,ew,11,1963-10-31,0.00179499157287489
usa,seasonality,monthly,ew,11,1963-11-30,0.00166509577565171
usa,seasonality,monthly,ew,11,1963-12-31,0.000937612855853779
usa,seasonality,monthly,ew,11,1964-01-31,0.00779458563569364
usa,seasonality,monthly,ew,11,1964-02-29,-0.00068969292249013
usa,seasonality,monthly,ew,11,1964-03-31,0.00154578828072388
usa,seasonality,monthly,ew,11,1964-04-30,0.00599912261929633
usa,seasonality,monthly,ew,11,1964-05-31,-0.00167241397404365
usa,seasonality,monthly,ew,11,1964-06-30,-0.00034394043534485
usa,seasonality,monthly,ew,11,1964-07-31,0.00151319124620678
usa,seasonality,monthly,ew,11,1964-08-31,0.00408140987834105
usa,seasonality,monthly,ew,11,1964-09-30,-0.00664432767851885
usa,seasonality,monthly,ew,11,1964-10-31,0.00311910214690358
usa,seasonality,monthly,ew,11,1964-11-30,0.00125355014202044
usa,seasonality,monthly,ew,11,1964-12-31,0.00241700978355815
usa,seasonality,monthly,ew,11,1965-01-31,0.00603761643653173
usa,seasonality,monthly,ew,11,1965-02-28,0.00392079607034467
usa,seasonality,monthly,ew,11,1965-03-31,0.000702960827727345
usa,seasonality,monthly,ew,11,1965-04-30,-0.00155313440183258
usa,seasonality,monthly,ew,11,1965-05-31,0.00396586162243592
usa,seasonality,monthly,ew,11,1965-06-30,0.00257950349781725
usa,seasonality,monthly,ew,11,1965-07-31,0.00466819741558967
usa,seasonality,monthly,ew,11,1965-08-31,-0.00249207725358987
usa,seasonality,monthly,ew,11,1965-09-30,-0.00182557768073887
usa,seasonality,monthly,ew,11,1965-10-31,0.00152513876031642
usa,seasonality,monthly,ew,11,1965-11-30,0.010026804511508
usa,seasonality,monthly,ew,11,1965-12-31,0.0057672364647408
usa,seasonality,monthly,ew,11,1966-01-31,0.0152827395353938
usa,seasonality,monthly,ew,12,1966-02-28,0.00709063777958413
usa,seasonality,monthly,ew,12,1966-03-31,0.00617427735758835
usa,seasonality,monthly,ew,12,1966-04-30,0.00271207512265022
usa,seasonality,monthly,ew,12,1966-05-31,-0.0031377547512426
usa,seasonality,monthly,ew,12,1966-06-30,-0.000954784033181284
usa,seasonality,monthly,ew,12,1966-07-31,-0.00195223485788719
usa,seasonality,monthly,ew,12,1966-08-31,-0.000357097558767428
usa,seasonality,monthly,ew,12,1966-09-30,0.00585330347340924
usa,seasonality,monthly,ew,12,1966-10-31,-0.00200934694441813
usa,seasonality,monthly,ew,12,1966-11-30,0.00964990331212237
usa,seasonality,monthly,ew,12,1966-12-31,0.00453181910229911
usa,seasonality,monthly,ew,12,1967-01-31,0.016577441298712
usa,seasonality,monthly,ew,12,1967-02-28,0.00667823931245363
usa,seasonality,monthly,ew,12,1967-03-31,0.00373646050095562
usa,seasonality,monthly,ew,12,1967-04-30,-0.00443452782222754
usa,seasonality,monthly,ew,12,1967-05-31,0.00104408399688397
usa,seasonality,monthly,ew,12,1967-06-30,0.0026743521912282
usa,seasonality,monthly,ew,12,1967-07-31,0.000531653670463348
usa,seasonality,monthly,ew,12,1967-08-31,0.000995244732171163
usa,seasonality,monthly,ew,12,1967-09-30,0.00491887144266937
usa,seasonality,monthly,ew,12,1967-10-31,0.00207011771325034
usa,seasonality,monthly,ew,12,1967-11-30,-0.00186283861334413
usa,seasonality,monthly,ew,12,1967-12-31,0.00643999186241616
usa,seasonality,monthly,ew,12,1968-01-31,0.0208239169630973
usa,seasonality,monthly,ew,12,1968-02-29,0.00223550659349081
usa,seasonality,monthly,ew,12,1968-03-31,0.000811503538532472
usa,seasonality,monthly,ew,12,1968-04-30,-0.00578836043259634
usa,seasonality,monthly,ew,12,1968-05-31,0.00732907553911855
usa,seasonality,monthly,ew,12,1968-06-30,0.00234456874572908
usa,seasonality,monthly,ew,12,1968-07-31,0.00227444707852617
usa,seasonality,monthly,ew,12,1968-08-31,-0.00312108883082297
usa,seasonality,monthly,ew,12,1968-09-30,-0.000311827288226347
usa,seasonality,monthly,ew,12,1968-10-31,-0.000363997332883495
usa,seasonality,monthly,ew,12,1968-11-30,-0.000407716024897255
usa,seasonality,monthly,ew,12,1968-12-31,0.0038860077856045
usa,seasonality,monthly,ew,12,1969-01-31,0.000375417900585502
usa,seasonality,monthly,ew,12,1969-02-28,-0.00125814344969108
usa,seasonality,monthly,ew,12,1969-03-31,0.000710345388524929
usa,seasonality,monthly,ew,12,1969-04-30,0.00090825922734061
usa,seasonality,monthly,ew,12,1969-05-31,0.00616599185475349
usa,seasonality,monthly,ew,12,1969-06-30,-0.00641444665961844
usa,seasonality,monthly,ew,12,1969-07-31,-0.00201335015483861
usa,seasonality,monthly,ew,12,1969-08-31,-0.00384258886884936
usa,seasonality,monthly,ew,12,1969-09-30,-0.000449533531753852
usa,seasonality,monthly,ew,12,1969-10-31,-0.00306079574212312
usa,seasonality,monthly,ew,12,1969-11-30,0.0030527583686995
usa,seasonality,monthly,ew,12,1969-12-31,-0.00202697293655606
usa,seasonality,monthly,ew,12,1970-01-31,0.0251425724229032
usa,seasonality,monthly,ew,12,1970-02-28,-0.0111470108063661
usa,seasonality,monthly,ew,12,1970-03-31,0.000591232554052
usa,seasonality,monthly,ew,12,1970-04-30,-0.00187697845241185
usa,seasonality,monthly,ew,12,1970-05-31,0.00274572964502403
usa,seasonality,monthly,ew,12,1970-06-30,0.0105250136945681
usa,seasonality,monthly,ew,12,1970-07-31,-0.0089118364429902
usa,seasonality,monthly,ew,12,1970-08-31,-0.00389423070083932
usa,seasonality,monthly,ew,12,1970-09-30,0.00242498050255026
usa,seasonality,monthly,ew,12,1970-10-31,0.00798935819627888
usa,seasonality,monthly,ew,12,1970-11-30,-0.00792667621907176
usa,seasonality,monthly,ew,12,1970-12-31,-0.0004789617910681
usa,seasonality,monthly,ew,12,1971-01-31,0.0246264146020064
usa,seasonality,monthly,ew,12,1971-02-28,0.00271324943733554
usa,seasonality,monthly,ew,12,1971-03-31,0.00112748666470682
usa,seasonality,monthly,ew,12,1971-04-30,0.00161599898130927
usa,seasonality,monthly,ew,12,1971-05-31,0.00195649711113313
usa,seasonality,monthly,ew,12,1971-06-30,-0.00188097034402239
usa,seasonality,monthly,ew,12,1971-07-31,0.00154373583946429
usa,seasonality,monthly,ew,12,1971-08-31,-0.0050587308528534
usa,seasonality,monthly,ew,12,1971-09-30,-0.000611878304483775
usa,seasonality,monthly,ew,12,1971-10-31,0.0000825547389037256
usa,seasonality,monthly,ew,12,1971-11-30,-0.000456298913202348
usa,seasonality,monthly,ew,12,1971-12-31,0.00548355051303489
usa,seasonality,monthly,ew,12,1972-01-31,0.0299080546843162
usa,seasonality,monthly,ew,12,1972-02-29,0.00341884182717636
usa,seasonality,monthly,ew,12,1972-03-31,0.00244805606811703
usa,seasonality,monthly,ew,12,1972-04-30,0.00470246298675364
usa,seasonality,monthly,ew,12,1972-05-31,-0.000414695922048537
usa,seasonality,monthly,ew,12,1972-06-30,0.00053879103354487
usa,seasonality,monthly,ew,12,1972-07-31,0.00069705088331946
usa,seasonality,monthly,ew,12,1972-08-31,-0.00598603350434438
usa,seasonality,monthly,ew,12,1972-09-30,-0.00318138874091995
usa,seasonality,monthly,ew,12,1972-10-31,0.00145038801403396
usa,seasonality,monthly,ew,12,1972-11-30,0.0042040310688592
usa,seasonality,monthly,ew,12,1972-12-31,-0.00615684825338048
usa,seasonality,monthly,ew,12,1973-01-31,0.0118731614048321
usa,seasonality,monthly,ew,12,1973-02-28,-0.003471775643465
usa,seasonality,monthly,ew,12,1973-03-31,-0.000462428610851363
usa,seasonality,monthly,ew,12,1973-04-30,0.00206052548083394
usa,seasonality,monthly,ew,12,1973-05-31,-0.000900563632909067
usa,seasonality,monthly,ew,12,1973-06-30,0.0000287281263527707
usa,seasonality,monthly,ew,12,1973-07-31,-0.00110364789337387
usa,seasonality,monthly,ew,12,1973-08-31,0.00115274645803672
usa,seasonality,monthly,ew,12,1973-09-30,-0.00411124760388201
usa,seasonality,monthly,ew,12,1973-10-31,-0.00129292299164607
usa,seasonality,monthly,ew,12,1973-11-30,-0.00583646889095474
usa,seasonality,monthly,ew,12,1973-12-31,0.00276652860489558
usa,seasonality,monthly,ew,12,1974-01-31,0.0374931913112489
usa,seasonality,monthly,ew,12,1974-02-28,-0.0000420462745022803
usa,seasonality,monthly,ew,12,1974-03-31,0.00789211847495654
usa,seasonality,monthly,ew,12,1974-04-30,0.00621106196929298
usa,seasonality,monthly,ew,12,1974-05-31,0.000155021014248762
usa,seasonality,monthly,ew,12,1974-06-30,0.00383289438935149
usa,seasonality,monthly,ew,12,1974-07-31,0.00880639583151246
usa,seasonality,monthly,ew,12,1974-08-31,0.005101960075277
usa,seasonality,monthly,ew,12,1974-09-30,0.00285262815238821
usa,seasonality,monthly,ew,12,1974-10-31,-0.00443702740713529
usa,seasonality,monthly,ew,12,1974-11-30,-0.000584992338449857
usa,seasonality,monthly,ew,12,1974-12-31,-0.00198904401778712
usa,seasonality,monthly,ew,12,1975-01-31,0.0293984373001802
usa,seasonality,monthly,ew,12,1975-02-28,0.00746635224699287
usa,seasonality,monthly,ew,12,1975-03-31,0.00309780712754568
usa,seasonality,monthly,ew,12,1975-04-30,0.00123380775140865
usa,seasonality,monthly,ew,12,1975-05-31,0.000632928130672755
usa,seasonality,monthly,ew,12,1975-06-30,-0.0000104797582165852
usa,seasonality,monthly,ew,12,1975-07-31,0.00955102085095043
usa,seasonality,monthly,ew,12,1975-08-31,-0.00440574539809141
usa,seasonality,monthly,ew,12,1975-09-30,0.0031999903548465
usa,seasonality,monthly,ew,12,1975-10-31,0.0000139602737998288
usa,seasonality,monthly,ew,12,1975-11-30,-0.000203523900256478
usa,seasonality,monthly,ew,12,1975-12-31,0.00317590290665178
usa,seasonality,monthly,ew,12,1976-01-31,0.0288691124542285
usa,seasonality,monthly,ew,12,1976-02-29,0.0167149079129411
usa,seasonality,monthly,ew,12,1976-03-31,0.000932245958999819
usa,seasonality,monthly,ew,12,1976-04-30,-0.000781814885414059
usa,seasonality,monthly,ew,12,1976-05-31,-0.00266893292302782
usa,seasonality,monthly,ew,12,1976-06-30,-0.00245990188440079
usa,seasonality,monthly,ew,12,1976-07-31,0.00390370696537019
usa,seasonality,monthly,ew,12,1976-08-31,-0.000195935476993413
usa,seasonality,monthly,ew,12,1976-09-30,0.00246614811088621
usa,seasonality,monthly,ew,12,1976-10-31,0.000146859361351118
usa,seasonality,monthly,ew,12,1976-11-30,0.00272816541778835
usa,seasonality,monthly,ew,12,1976-12-31,0.0040775326546284
usa,seasonality,monthly,ew,12,1977-01-31,0.0223191932349106
usa,seasonality,monthly,ew,12,1977-02-28,0.00131410286202167
usa,seasonality,monthly,ew,12,1977-03-31,-0.000391053016919095
usa,seasonality,monthly,ew,12,1977-04-30,0.00167552327615871
usa,seasonality,monthly,ew,12,1977-05-31,0.00507177493906363
usa,seasonality,monthly,ew,12,1977-06-30,0.00299160225983635
usa,seasonality,monthly,ew,12,1977-07-31,0.00511136717380093
usa,seasonality,monthly,ew,12,1977-08-31,0.00388655207407172
usa,seasonality,monthly,ew,12,1977-09-30,0.00504989078355001
usa,seasonality,monthly,ew,12,1977-10-31,0.000705207869725024
usa,seasonality,monthly,ew,12,1977-11-30,0.00172573092502658
usa,seasonality,monthly,ew,12,1977-12-31,0.000288597395096922
usa,seasonality,monthly,ew,12,1978-01-31,0.00930074676159158
usa,seasonality,monthly,ew,12,1978-02-28,0.00148507081524452
usa,seasonality,monthly,ew,12,1978-03-31,0.00791773928653536
usa,seasonality,monthly,ew,12,1978-04-30,-0.00170202447141927
usa,seasonality,monthly,ew,12,1978-05-31,0.00228255764987599
usa,seasonality,monthly,ew,12,1978-06-30,0.00127400546435932
usa,seasonality,monthly,ew,12,1978-07-31,-0.000438770569433254
usa,seasonality,monthly,ew,12,1978-08-31,-0.00220398608998927
usa,seasonality,monthly,ew,12,1978-09-30,0.00383784440328539
usa,seasonality,monthly,ew,12,1978-10-31,0.00631310974823321
usa,seasonality,monthly,ew,12,1978-11-30,0.0058650629831314
usa,seasonality,monthly,ew,12,1978-12-31,0.00115793734260191
usa,seasonality,monthly,ew,12,1979-01-31,0.0147343555695471
usa,seasonality,monthly,ew,12,1979-02-28,0.0016686309521186
usa,seasonality,monthly,ew,12,1979-03-31,-0.000273710353772278
usa,seasonality,monthly,ew,12,1979-04-30,0.00245675328287318
usa,seasonality,monthly,ew,12,1979-05-31,0.00220218110730597
usa,seasonality,monthly,ew,12,1979-06-30,-0.00169640416837065
usa,seasonality,monthly,ew,12,1979-07-31,-0.00102774444081119
usa,seasonality,monthly,ew,12,1979-08-31,-0.00339618585924609
usa,seasonality,monthly,ew,12,1979-09-30,0.00076865683619753
usa,seasonality,monthly,ew,12,1979-10-31,0.00418686415279073
usa,seasonality,monthly,ew,12,1979-11-30,0.0035408045069814
usa,seasonality,monthly,ew,12,1979-12-31,0.00356068078197003
usa,seasonality,monthly,ew,12,1980-01-31,0.0182854282834468
usa,seasonality,monthly,ew,12,1980-02-29,0.00409682897135747
usa,seasonality,monthly,ew,12,1980-03-31,-0.00311809839499303
usa,seasonality,monthly,ew,12,1980-04-30,0.00152506764244071
usa,seasonality,monthly,ew,12,1980-05-31,-0.00393516542016682
usa,seasonality,monthly,ew,12,1980-06-30,0.00374349086143253
usa,seasonality,monthly,ew,12,1980-07-31,-0.0104504400425851
usa,seasonality,monthly,ew,12,1980-08-31,0.00131501537620497
usa,seasonality,monthly,ew,12,1980-09-30,0.00103337346047825
usa,seasonality,monthly,ew,12,1980-10-31,0.00480090422180663
usa,seasonality,monthly,ew,12,1980-11-30,0.00528161496736581
usa,seasonality,monthly,ew,12,1980-12-31,-0.00570385446958264
usa,seasonality,monthly,ew,12,1981-01-31,0.0126275890229224
usa,seasonality,monthly,ew,12,1981-02-28,0.000316371354932308
usa,seasonality,monthly,ew,12,1981-03-31,0.00621477104072027
usa,seasonality,monthly,ew,12,1981-04-30,0.00308891996560591
usa,seasonality,monthly,ew,12,1981-05-31,0.0000969162136735975
usa,seasonality,monthly,ew,12,1981-06-30,0.00524469022899503
usa,seasonality,monthly,ew,12,1981-07-31,0.00247867877471744
usa,seasonality,monthly,ew,12,1981-08-31,-0.00160235702900859
usa,seasonality,monthly,ew,12,1981-09-30,0.000920055442595888
usa,seasonality,monthly,ew,12,1981-10-31,-0.00174514066373416
usa,seasonality,monthly,ew,12,1981-11-30,0.000512207578058715
usa,seasonality,monthly,ew,12,1981-12-31,0.00147153565998678
usa,seasonality,monthly,ew,12,1982-01-31,0.00209632922924776
usa,seasonality,monthly,ew,12,1982-02-28,0.0053357882785584
usa,seasonality,monthly,ew,12,1982-03-31,0.00422486272191573
usa,seasonality,monthly,ew,12,1982-04-30,0.00266478125014468
usa,seasonality,monthly,ew,12,1982-05-31,0.00261345692601945
usa,seasonality,monthly,ew,12,1982-06-30,0.00640720264449818
usa,seasonality,monthly,ew,12,1982-07-31,0.0050229079070049
usa,seasonality,monthly,ew,12,1982-08-31,-0.00563369622356717
usa,seasonality,monthly,ew,12,1982-09-30,0.00784641158729218
usa,seasonality,monthly,ew,12,1982-10-31,-0.0102216083665114
usa,seasonality,monthly,ew,12,1982-11-30,-0.000542791551837603
usa,seasonality,monthly,ew,12,1982-12-31,0.00284491584462593
usa,seasonality,monthly,ew,12,1983-01-31,0.0242168414219628
usa,seasonality,monthly,ew,12,1983-02-28,0.00630901821534516
usa,seasonality,monthly,ew,12,1983-03-31,0.00717330438338367
usa,seasonality,monthly,ew,12,1983-04-30,0.00215320009377453
usa,seasonality,monthly,ew,12,1983-05-31,0.00867933116647711
usa,seasonality,monthly,ew,12,1983-06-30,0.00189881967315203
usa,seasonality,monthly,ew,12,1983-07-31,0.000978796610050474
usa,seasonality,monthly,ew,12,1983-08-31,-0.00395734165050695
usa,seasonality,monthly,ew,12,1983-09-30,0.00523845832014135
usa,seasonality,monthly,ew,12,1983-10-31,0.00775552839523395
usa,seasonality,monthly,ew,12,1983-11-30,-0.00137109450400254
usa,seasonality,monthly,ew,12,1983-12-31,0.00117217759124321
usa,seasonality,monthly,ew,12,1984-01-31,0.00575259325077006
usa,seasonality,monthly,ew,12,1984-02-29,-0.0012150023991199
usa,seasonality,monthly,ew,12,1984-03-31,0.00465780363235689
usa,seasonality,monthly,ew,12,1984-04-30,0.00106311696118675
usa,seasonality,monthly,ew,12,1984-05-31,0.0100480904676496
usa,seasonality,monthly,ew,12,1984-06-30,0.00188109106017346
usa,seasonality,monthly,ew,12,1984-07-31,-0.000222074818445126
usa,seasonality,monthly,ew,12,1984-08-31,0.00336975121230504
usa,seasonality,monthly,ew,12,1984-09-30,0.00196120680088539
usa,seasonality,monthly,ew,12,1984-10-31,0.000389728197697598
usa,seasonality,monthly,ew,12,1984-11-30,-0.000824652763508203
usa,seasonality,monthly,ew,12,1984-12-31,-0.00243919886215803
usa,seasonality,monthly,ew,12,1985-01-31,0.0082946118420164
usa,seasonality,monthly,ew,12,1985-02-28,0.00622056190924438
usa,seasonality,monthly,ew,12,1985-03-31,0.00230786218712804
usa,seasonality,monthly,ew,12,1985-04-30,0.00250466450816819
usa,seasonality,monthly,ew,12,1985-05-31,-0.00260317165962859
usa,seasonality,monthly,ew,12,1985-06-30,-9.99178533961856e-7
usa,seasonality,monthly,ew,12,1985-07-31,-0.00364680168415008
usa,seasonality,monthly,ew,12,1985-08-31,-0.00120367549881723
usa,seasonality,monthly,ew,12,1985-09-30,-0.000454777910303367
usa,seasonality,monthly,ew,12,1985-10-31,0.00303936149107757
usa,seasonality,monthly,ew,12,1985-11-30,-0.00249829711162081
usa,seasonality,monthly,ew,12,1985-12-31,-0.00348067655994999
usa,seasonality,monthly,ew,12,1986-01-31,0.00662876961829924
usa,seasonality,monthly,ew,12,1986-02-28,-0.00441140369440222
usa,seasonality,monthly,ew,12,1986-03-31,0.00150445059748043
usa,seasonality,monthly,ew,12,1986-04-30,0.00823852512506049
usa,seasonality,monthly,ew,12,1986-05-31,0.00120308194278685
usa,seasonality,monthly,ew,12,1986-06-30,0.00532531851311607
usa,seasonality,monthly,ew,12,1986-07-31,0.00579789361638822
usa,seasonality,monthly,ew,12,1986-08-31,-0.00316827820843473
usa,seasonality,monthly,ew,12,1986-09-30,0.00160803358079554
usa,seasonality,monthly,ew,12,1986-10-31,0.0011220862603614
usa,seasonality,monthly,ew,12,1986-11-30,-0.0000658875982350703
usa,seasonality,monthly,ew,12,1986-12-31,-0.00119361371803086
usa,seasonality,monthly,ew,12,1987-01-31,-0.00392758981856492
usa,seasonality,monthly,ew,12,1987-02-28,0.00550122514224398
usa,seasonality,monthly,ew,12,1987-03-31,0.00321545305878505
usa,seasonality,monthly,ew,12,1987-04-30,0.000107565882784667
usa,seasonality,monthly,ew,12,1987-05-31,0.00383065271956257
usa,seasonality,monthly,ew,12,1987-06-30,0.00109381517948166
usa,seasonality,monthly,ew,12,1987-07-31,0.000491670697268433
usa,seasonality,monthly,ew,12,1987-08-31,-0.00334601835229744
usa,seasonality,monthly,ew,12,1987-09-30,-0.00160915713806172
usa,seasonality,monthly,ew,12,1987-10-31,0.0083547799018635
usa,seasonality,monthly,ew,12,1987-11-30,0.00411305208647898
usa,seasonality,monthly,ew,12,1987-12-31,0.00135683579490591
usa,seasonality,monthly,ew,12,1988-01-31,0.00538454072320899
usa,seasonality,monthly,ew,12,1988-02-29,0.00302183902698778
usa,seasonality,monthly,ew,12,1988-03-31,0.00550375016120804
usa,seasonality,monthly,ew,12,1988-04-30,0.00194437298353918
usa,seasonality,monthly,ew,12,1988-05-31,-0.000928565973786999
usa,seasonality,monthly,ew,12,1988-06-30,-0.00574069647586095
usa,seasonality,monthly,ew,12,1988-07-31,0.0032863296294233
usa,seasonality,monthly,ew,12,1988-08-31,-0.00224151755507351
usa,seasonality,monthly,ew,12,1988-09-30,-0.000311357612069968
usa,seasonality,monthly,ew,12,1988-10-31,0.00349164817745463
usa,seasonality,monthly,ew,12,1988-11-30,0.00488158983074869
usa,seasonality,monthly,ew,12,1988-12-31,-0.00126482485442525
usa,seasonality,monthly,ew,12,1989-01-31,0.00281550487630203
usa,seasonality,monthly,ew,12,1989-02-28,0.00254332484820864
usa,seasonality,monthly,ew,12,1989-03-31,0.00499486518493995
usa,seasonality,monthly,ew,12,1989-04-30,-0.0011420557974378
usa,seasonality,monthly,ew,12,1989-05-31,-0.00144727211856535
usa,seasonality,monthly,ew,12,1989-06-30,0.00260538780169028
usa,seasonality,monthly,ew,12,1989-07-31,-0.0021877810865928
usa,seasonality,monthly,ew,12,1989-08-31,-0.000166753984816526
usa,seasonality,monthly,ew,12,1989-09-30,-0.000906730441157288
usa,seasonality,monthly,ew,12,1989-10-31,0.00294045361511488
usa,seasonality,monthly,ew,12,1989-11-30,0.00303375793902879
usa,seasonality,monthly,ew,12,1989-12-31,0.00121941115919925
usa,seasonality,monthly,ew,12,1990-01-31,0.0064336767683244
usa,seasonality,monthly,ew,12,1990-02-28,-0.00297862350327582
usa,seasonality,monthly,ew,12,1990-03-31,-0.00226064350314815
usa,seasonality,monthly,ew,12,1990-04-30,0.00648914813442401
usa,seasonality,monthly,ew,12,1990-05-31,-0.00200217284596068
usa,seasonality,monthly,ew,12,1990-06-30,0.000172074125066475
usa,seasonality,monthly,ew,12,1990-07-31,0.00148197787717651
usa,seasonality,monthly,ew,12,1990-08-31,-0.000899826667885534
usa,seasonality,monthly,ew,12,1990-09-30,0.00478942526950585
usa,seasonality,monthly,ew,12,1990-10-31,0.0106965089252966
usa,seasonality,monthly,ew,12,1990-11-30,-0.0102484785782726
usa,seasonality,monthly,ew,12,1990-12-31,-0.00389015685332763
usa,seasonality,monthly,ew,12,1991-01-31,0.00861568195551176
usa,seasonality,monthly,ew,12,1991-02-28,0.00921233404611803
usa,seasonality,monthly,ew,12,1991-03-31,0.00249931573811413
usa,seasonality,monthly,ew,12,1991-04-30,0.00214240537407374
usa,seasonality,monthly,ew,12,1991-05-31,-0.00271500303694441
usa,seasonality,monthly,ew,12,1991-06-30,0.000284456124624904
usa,seasonality,monthly,ew,12,1991-07-31,-0.000881773516529497
usa,seasonality,monthly,ew,12,1991-08-31,0.00101205861297383
usa,seasonality,monthly,ew,12,1991-09-30,-0.000867510505072286
usa,seasonality,monthly,ew,12,1991-10-31,-0.000936928334206911
usa,seasonality,monthly,ew,12,1991-11-30,-0.000395911033527731
usa,seasonality,monthly,ew,12,1991-12-31,-0.00479855161958191
usa,seasonality,monthly,ew,12,1992-01-31,0.0550194066190424
usa,seasonality,monthly,ew,12,1992-02-29,0.0115015154618227
usa,seasonality,monthly,ew,12,1992-03-31,0.00549125730699753
usa,seasonality,monthly,ew,12,1992-04-30,0.000872504446174205
usa,seasonality,monthly,ew,12,1992-05-31,0.0018637384987495
usa,seasonality,monthly,ew,12,1992-06-30,-0.00138343011256508
usa,seasonality,monthly,ew,12,1992-07-31,-0.000174397472831892
usa,seasonality,monthly,ew,12,1992-08-31,0.00313875653831285
usa,seasonality,monthly,ew,12,1992-09-30,-0.00120586957547198
usa,seasonality,monthly,ew,12,1992-10-31,-0.00603340117765927
usa,seasonality,monthly,ew,12,1992-11-30,-0.00209822342920659
usa,seasonality,monthly,ew,12,1992-12-31,0.000829027249352481
usa,seasonality,monthly,ew,12,1993-01-31,0.0108349708739885
usa,seasonality,monthly,ew,12,1993-02-28,0.00354020919017474
usa,seasonality,monthly,ew,12,1993-03-31,0.00339735920614004
usa,seasonality,monthly,ew,12,1993-04-30,0.00165323063074894
usa,seasonality,monthly,ew,12,1993-05-31,0.00403308633807829
usa,seasonality,monthly,ew,12,1993-06-30,0.00629955699349643
usa,seasonality,monthly,ew,12,1993-07-31,0.00410646818568992
usa,seasonality,monthly,ew,12,1993-08-31,0.00276099107289608
usa,seasonality,monthly,ew,12,1993-09-30,-0.000932833793496058
usa,seasonality,monthly,ew,12,1993-10-31,0.00155278048635287
usa,seasonality,monthly,ew,12,1993-11-30,-0.00449824198296293
usa,seasonality,monthly,ew,12,1993-12-31,0.00115626798620937
usa,seasonality,monthly,ew,12,1994-01-31,0.0100215858496076
usa,seasonality,monthly,ew,12,1994-02-28,0.005103067995902
usa,seasonality,monthly,ew,12,1994-03-31,0.000468572837819044
usa,seasonality,monthly,ew,12,1994-04-30,0.00193498894216197
usa,seasonality,monthly,ew,12,1994-05-31,-0.00140265783698327
usa,seasonality,monthly,ew,12,1994-06-30,0.00147537535573578
usa,seasonality,monthly,ew,12,1994-07-31,0.00313095987859637
usa,seasonality,monthly,ew,12,1994-08-31,-0.00440972702706572
usa,seasonality,monthly,ew,12,1994-09-30,0.00602462882246307
usa,seasonality,monthly,ew,12,1994-10-31,-0.00124041689327279
usa,seasonality,monthly,ew,12,1994-11-30,-0.0028846149615487
usa,seasonality,monthly,ew,12,1994-12-31,0.00592087771328684
usa,seasonality,monthly,ew,12,1995-01-31,0.00150343874987273
usa,seasonality,monthly,ew,12,1995-02-28,-0.00475591383786942
usa,seasonality,monthly,ew,12,1995-03-31,0.00220580649086461
usa,seasonality,monthly,ew,12,1995-04-30,0.00174167381099286
usa,seasonality,monthly,ew,12,1995-05-31,-0.00220389531065942
usa,seasonality,monthly,ew,12,1995-06-30,-0.00196812927253392
usa,seasonality,monthly,ew,12,1995-07-31,-0.000941508023683537
usa,seasonality,monthly,ew,12,1995-08-31,-0.00317533752117774
usa,seasonality,monthly,ew,12,1995-09-30,-0.00143621065577906
usa,seasonality,monthly,ew,12,1995-10-31,-0.00185479495888876
usa,seasonality,monthly,ew,12,1995-11-30,-0.00501630450879638
usa,seasonality,monthly,ew,12,1995-12-31,0.0020257904117148
usa,seasonality,monthly,ew,12,1996-01-31,0.00639553465406444
usa,seasonality,monthly,ew,12,1996-02-29,0.00477284776011654
usa,seasonality,monthly,ew,12,1996-03-31,0.00743924247474816
usa,seasonality,monthly,ew,12,1996-04-30,0.00505947515641755
usa,seasonality,monthly,ew,12,1996-05-31,0.00889325040451339
usa,seasonality,monthly,ew,12,1996-06-30,0.00420080065579827
usa,seasonality,monthly,ew,12,1996-07-31,-0.0015326871254475
usa,seasonality,monthly,ew,12,1996-08-31,-0.000576108294347452
usa,seasonality,monthly,ew,12,1996-09-30,-0.00716944821215689
usa,seasonality,monthly,ew,12,1996-10-31,-0.000691280849264487
usa,seasonality,monthly,ew,12,1996-11-30,-0.0057715052451732
usa,seasonality,monthly,ew,12,1996-12-31,-0.00134491909815594
usa,seasonality,monthly,ew,12,1997-01-31,0.0128441571971405
usa,seasonality,monthly,ew,12,1997-02-28,-0.00227181308395768
usa,seasonality,monthly,ew,12,1997-03-31,0.00327074973550997
usa,seasonality,monthly,ew,12,1997-04-30,-0.0019079700616719
usa,seasonality,monthly,ew,12,1997-05-31,0.0019546196441597
usa,seasonality,monthly,ew,12,1997-06-30,0.00110452857122376
usa,seasonality,monthly,ew,12,1997-07-31,-0.00413682295077013
usa,seasonality,monthly,ew,12,1997-08-31,0.00696617322955657
usa,seasonality,monthly,ew,12,1997-09-30,0.00307068300758058
usa,seasonality,monthly,ew,12,1997-10-31,0.00596067071587721
usa,seasonality,monthly,ew,12,1997-11-30,-0.00701512497814094
usa,seasonality,monthly,ew,12,1997-12-31,-0.0102811259858344
usa,seasonality,monthly,ew,12,1998-01-31,0.00836936548367368
usa,seasonality,monthly,ew,12,1998-02-28,-0.00209974890993394
usa,seasonality,monthly,ew,12,1998-03-31,0.00225860579432988
usa,seasonality,monthly,ew,12,1998-04-30,0.00566348953380467
usa,seasonality,monthly,ew,12,1998-05-31,-0.00238038749077963
usa,seasonality,monthly,ew,12,1998-06-30,-0.000319250304086052
usa,seasonality,monthly,ew,12,1998-07-31,-0.000336958197368189
usa,seasonality,monthly,ew,12,1998-08-31,-0.0100693126059224
usa,seasonality,monthly,ew,12,1998-09-30,-0.00238305867502221
usa,seasonality,monthly,ew,12,1998-10-31,-0.0114720877923454
usa,seasonality,monthly,ew,12,1998-11-30,-0.00226593741729251
usa,seasonality,monthly,ew,12,1998-12-31,-0.000457919626963725
usa,seasonality,monthly,ew,12,1999-01-31,0.0193445983449418
usa,seasonality,monthly,ew,12,1999-02-28,-0.0000209713742392355
usa,seasonality,monthly,ew,12,1999-03-31,-0.00285580782162295
usa,seasonality,monthly,ew,12,1999-04-30,0.0055692474998438
usa,seasonality,monthly,ew,12,1999-05-31,0.00872459160860417
usa,seasonality,monthly,ew,12,1999-06-30,-0.00543500237661745
usa,seasonality,monthly,ew,12,1999-07-31,0.00580029139046554
usa,seasonality,monthly,ew,12,1999-08-31,0.000471223577884698
usa,seasonality,monthly,ew,12,1999-09-30,-0.00232859336354426
usa,seasonality,monthly,ew,12,1999-10-31,-0.00599103132411225
usa,seasonality,monthly,ew,12,1999-11-30,0.00312935391494506
usa,seasonality,monthly,ew,12,1999-12-31,0.00736049906120238
usa,seasonality,monthly,ew,12,2000-01-31,0.0278328560020501
usa,seasonality,monthly,ew,12,2000-02-29,0.0149996731012373
usa,seasonality,monthly,ew,12,2000-03-31,0.00285618025904843
usa,seasonality,monthly,ew,12,2000-04-30,-0.0119453193342422
usa,seasonality,monthly,ew,12,2000-05-31,-0.0052477103644778
usa,seasonality,monthly,ew,12,2000-06-30,-0.00892898033155502
usa,seasonality,monthly,ew,12,2000-07-31,0.00362817292118779
usa,seasonality,monthly,ew,12,2000-08-31,-0.00547159915951519
usa,seasonality,monthly,ew,12,2000-09-30,0.00611806789387327
usa,seasonality,monthly,ew,12,2000-10-31,-0.00100549000307963
usa,seasonality,monthly,ew,12,2000-11-30,0.00521999513345982
usa,seasonality,monthly,ew,12,2000-12-31,0.00107392972838051
usa,seasonality,monthly,ew,12,2001-01-31,0.0427698069057747
usa,seasonality,monthly,ew,12,2001-02-28,0.0208161890315759
usa,seasonality,monthly,ew,12,2001-03-31,0.00946990930821219
usa,seasonality,monthly,ew,12,2001-04-30,-0.00738034575180835
usa,seasonality,monthly,ew,12,2001-05-31,0.0116179100477078
usa,seasonality,monthly,ew,12,2001-06-30,0.00313167683533559
usa,seasonality,monthly,ew,12,2001-07-31,0.00838423333863721
usa,seasonality,monthly,ew,12,2001-08-31,0.0135171209057196
usa,seasonality,monthly,ew,12,2001-09-30,0.0177344792704033
usa,seasonality,monthly,ew,12,2001-10-31,-0.0198352146903097
usa,seasonality,monthly,ew,12,2001-11-30,-0.00682774849136489
usa,seasonality,monthly,ew,12,2001-12-31,0.00466252437850912
usa,seasonality,monthly,ew,12,2002-01-31,0.00964983101444063
usa,seasonality,monthly,ew,12,2002-02-28,0.00941541171035584
usa,seasonality,monthly,ew,12,2002-03-31,0.00838251697622338
usa,seasonality,monthly,ew,12,2002-04-30,0.0181855252187416
usa,seasonality,monthly,ew,12,2002-05-31,0.00483325850234229
usa,seasonality,monthly,ew,12,2002-06-30,0.0127647550918172
usa,seasonality,monthly,ew,12,2002-07-31,-0.00386723674198981
usa,seasonality,monthly,ew,12,2002-08-31,-0.00312996526886246
usa,seasonality,monthly,ew,12,2002-09-30,0.00556012983013211
usa,seasonality,monthly,ew,12,2002-10-31,-0.0169419685085214
usa,seasonality,monthly,ew,12,2002-11-30,-0.00474664826295912
usa,seasonality,monthly,ew,12,2002-12-31,0.00714518724303272
usa,seasonality,monthly,ew,12,2003-01-31,-0.00021628291679809
usa,seasonality,monthly,ew,12,2003-02-28,-0.00206143509507019
usa,seasonality,monthly,ew,12,2003-03-31,-0.00278623472874638
usa,seasonality,monthly,ew,12,2003-04-30,-0.00524466073250365
usa,seasonality,monthly,ew,12,2003-05-31,-0.00442767597719543
usa,seasonality,monthly,ew,12,2003-06-30,0.00485817601012654
usa,seasonality,monthly,ew,12,2003-07-31,-0.000549841387393245
usa,seasonality,monthly,ew,12,2003-08-31,-0.00303228232444121
usa,seasonality,monthly,ew,12,2003-09-30,0.00730869428529815
usa,seasonality,monthly,ew,12,2003-10-31,-0.00666763206866866
usa,seasonality,monthly,ew,12,2003-11-30,0.00142799677104311
usa,seasonality,monthly,ew,12,2003-12-31,0.00912984552747849
usa,seasonality,monthly,ew,12,2004-01-31,0.0109406705142193
usa,seasonality,monthly,ew,12,2004-02-29,0.00842283580052421
usa,seasonality,monthly,ew,12,2004-03-31,0.00607939556370016
usa,seasonality,monthly,ew,12,2004-04-30,0.00811483068915302
usa,seasonality,monthly,ew,12,2004-05-31,-0.00456267099906367
usa,seasonality,monthly,ew,12,2004-06-30,0.000934345859104307
usa,seasonality,monthly,ew,12,2004-07-31,0.00996321835514002
usa,seasonality,monthly,ew,12,2004-08-31,0.0000226726435492229
usa,seasonality,monthly,ew,12,2004-09-30,0.00260447512594486
usa,seasonality,monthly,ew,12,2004-10-31,0.0000714680703183344
usa,seasonality,monthly,ew,12,2004-11-30,0.00634774261771239
usa,seasonality,monthly,ew,12,2004-12-31,0.00199500334291172
usa,seasonality,monthly,ew,12,2005-01-31,0.00274144798750237
usa,seasonality,monthly,ew,12,2005-02-28,0.0118011297824883
usa,seasonality,monthly,ew,12,2005-03-31,0.00864088446025981
usa,seasonality,monthly,ew,12,2005-04-30,0.000534006658957809
usa,seasonality,monthly,ew,12,2005-05-31,-0.00256202480751235
usa,seasonality,monthly,ew,12,2005-06-30,0.00394185559858587
usa,seasonality,monthly,ew,12,2005-07-31,0.000622373924290835
usa,seasonality,monthly,ew,12,2005-08-31,0.00624374090755868
usa,seasonality,monthly,ew,12,2005-09-30,0.0036074571302965
usa,seasonality,monthly,ew,12,2005-10-31,-0.00236730635068161
usa,seasonality,monthly,ew,12,2005-11-30,-0.000800362356985575
usa,seasonality,monthly,ew,12,2005-12-31,0.00183985293451778
usa,seasonality,monthly,ew,12,2006-01-31,0.00802788876284831
usa,seasonality,monthly,ew,12,2006-02-28,-0.000695163406824364
usa,seasonality,monthly,ew,12,2006-03-31,0.00648841507961901
usa,seasonality,monthly,ew,12,2006-04-30,0.00607998599224624
usa,seasonality,monthly,ew,12,2006-05-31,0.000959373409435169
usa,seasonality,monthly,ew,12,2006-06-30,0.00517779789006652
usa,seasonality,monthly,ew,12,2006-07-31,0.0083202026593086
usa,seasonality,monthly,ew,12,2006-08-31,-0.00253191356735106
usa,seasonality,monthly,ew,12,2006-09-30,-0.00450743678593432
usa,seasonality,monthly,ew,12,2006-10-31,0.0010686995874222
usa,seasonality,monthly,ew,12,2006-11-30,0.000466072472702663
usa,seasonality,monthly,ew,12,2006-12-31,0.000480599717962146
usa,seasonality,monthly,ew,12,2007-01-31,0.00551396542999634
usa,seasonality,monthly,ew,12,2007-02-28,0.000624449587819736
usa,seasonality,monthly,ew,12,2007-03-31,0.00519739290759561
usa,seasonality,monthly,ew,12,2007-04-30,0.00345192064715813
usa,seasonality,monthly,ew,12,2007-05-31,0.00188538755939418
usa,seasonality,monthly,ew,12,2007-06-30,0.000884981236064213
usa,seasonality,monthly,ew,12,2007-07-31,0.00300089373278197
usa,seasonality,monthly,ew,12,2007-08-31,-0.000979423825728769
usa,seasonality,monthly,ew,12,2007-09-30,0.00114602245700653
usa,seasonality,monthly,ew,12,2007-10-31,-0.00118534918895162
usa,seasonality,monthly,ew,12,2007-11-30,-0.00341081479675074
usa,seasonality,monthly,ew,12,2007-12-31,0.0024572393291632
usa,seasonality,monthly,ew,12,2008-01-31,0.00280426051164478
usa,seasonality,monthly,ew,12,2008-02-29,0.00881955794854067
usa,seasonality,monthly,ew,12,2008-03-31,-0.00415698896578402
usa,seasonality,monthly,ew,12,2008-04-30,0.00303516860945965
usa,seasonality,monthly,ew,12,2008-05-31,0.00935970266545921
usa,seasonality,monthly,ew,12,2008-06-30,0.0127901194829264
usa,seasonality,monthly,ew,12,2008-07-31,-0.00616823022574044
usa,seasonality,monthly,ew,12,2008-08-31,-0.00178458141846062
usa,seasonality,monthly,ew,12,2008-09-30,-0.0104494005922122
usa,seasonality,monthly,ew,12,2008-10-31,-0.00190402990900854
usa,seasonality,monthly,ew,12,2008-11-30,-0.007384662411841
usa,seasonality,monthly,ew,12,2008-12-31,-0.00177022638982328
usa,seasonality,monthly,ew,12,2009-01-31,0.0296384653329457
usa,seasonality,monthly,ew,12,2009-02-28,0.000648572773095848
usa,seasonality,monthly,ew,12,2009-03-31,-0.00422273653120534
usa,seasonality,monthly,ew,12,2009-04-30,0.0234362202526608
usa,seasonality,monthly,ew,12,2009-05-31,0.0180522968596653
usa,seasonality,monthly,ew,12,2009-06-30,0.00183077291726481
usa,seasonality,monthly,ew,12,2009-07-31,-0.00745455403083693
usa,seasonality,monthly,ew,12,2009-08-31,0.00280036919598576
usa,seasonality,monthly,ew,12,2009-09-30,0.0102795973625114
usa,seasonality,monthly,ew,12,2009-10-31,-0.00118332178822865
usa,seasonality,monthly,ew,12,2009-11-30,0.0036245000197287
usa,seasonality,monthly,ew,12,2009-12-31,0.00323659561145549
usa,seasonality,monthly,ew,12,2010-01-31,0.00625222746848053
usa,seasonality,monthly,ew,12,2010-02-28,0.000502398762777859
usa,seasonality,monthly,ew,12,2010-03-31,0.00473055585075364
usa,seasonality,monthly,ew,12,2010-04-30,0.013557169200133
usa,seasonality,monthly,ew,12,2010-05-31,0.00210078330098658
usa,seasonality,monthly,ew,12,2010-06-30,0.00285258310643424
usa,seasonality,monthly,ew,12,2010-07-31,-0.00482178021068187
usa,seasonality,monthly,ew,12,2010-08-31,-0.00101412440739037
usa,seasonality,monthly,ew,12,2010-09-30,-0.00468138440967525
usa,seasonality,monthly,ew,12,2010-10-31,-0.00208679041144709
usa,seasonality,monthly,ew,12,2010-11-30,0.00293525975074871
usa,seasonality,monthly,ew,12,2010-12-31,0.00449051903574055
usa,seasonality,monthly,ew,12,2011-01-31,0.00731376716840641
usa,seasonality,monthly,ew,12,2011-02-28,0.00320775093486373
usa,seasonality,monthly,ew,12,2011-03-31,0.00331189980810081
usa,seasonality,monthly,ew,12,2011-04-30,-0.00267874036835092
usa,seasonality,monthly,ew,12,2011-05-31,-0.000353551220132131
usa,seasonality,monthly,ew,12,2011-06-30,0.00397435709577163
usa,seasonality,monthly,ew,12,2011-07-31,0.000894347923258368
usa,seasonality,monthly,ew,12,2011-08-31,0.000275132398859247
usa,seasonality,monthly,ew,12,2011-09-30,-0.00111822250511051
usa,seasonality,monthly,ew,12,2011-10-31,-0.00653044719642511
usa,seasonality,monthly,ew,12,2011-11-30,-0.00234339519974538
usa,seasonality,monthly,ew,12,2011-12-31,0.00218641948343855
usa,seasonality,monthly,ew,12,2012-01-31,0.00863244714451937
usa,seasonality,monthly,ew,12,2012-02-29,0.00405255464541961
usa,seasonality,monthly,ew,12,2012-03-31,-0.000149670183508662
usa,seasonality,monthly,ew,12,2012-04-30,0.000388079451038552
usa,seasonality,monthly,ew,12,2012-05-31,0.00310255576585649
usa,seasonality,monthly,ew,12,2012-06-30,0.00256695122306965
usa,seasonality,monthly,ew,12,2012-07-31,0.00114577174074581
usa,seasonality,monthly,ew,12,2012-08-31,-0.000706361032250933
usa,seasonality,monthly,ew,12,2012-09-30,0.00715941549818558
usa,seasonality,monthly,ew,12,2012-10-31,0.00139097891845536
usa,seasonality,monthly,ew,12,2012-11-30,0.00455262646909843
usa,seasonality,monthly,ew,12,2012-12-31,0.0024461474023385
usa,seasonality,monthly,ew,12,2013-01-31,0.00941606575558555
usa,seasonality,monthly,ew,12,2013-02-28,-0.00204088697748931
usa,seasonality,monthly,ew,12,2013-03-31,0.000530739944774529
usa,seasonality,monthly,ew,12,2013-04-30,-0.0009644679705749
usa,seasonality,monthly,ew,12,2013-05-31,-0.00020459601533086
usa,seasonality,monthly,ew,12,2013-06-30,0.000901490098964076
usa,seasonality,monthly,ew,12,2013-07-31,0.000144421668044884
usa,seasonality,monthly,ew,12,2013-08-31,7.37697159120396e-6
usa,seasonality,monthly,ew,12,2013-09-30,-0.00466061097188717
usa,seasonality,monthly,ew,12,2013-10-31,0.000615260652597255
usa,seasonality,monthly,ew,12,2013-11-30,-0.00442713330731366
usa,seasonality,monthly,ew,12,2013-12-31,0.000619696536267082
usa,seasonality,monthly,ew,12,2014-01-31,0.00915386955168791
usa,seasonality,monthly,ew,12,2014-02-28,0.000888549337568922
usa,seasonality,monthly,ew,12,2014-03-31,0.00376416945366073
usa,seasonality,monthly,ew,12,2014-04-30,0.00814207296404591
usa,seasonality,monthly,ew,12,2014-05-31,8.22555893965882e-6
usa,seasonality,monthly,ew,12,2014-06-30,-0.00365157514329435
usa,seasonality,monthly,ew,12,2014-07-31,0.00371568457245122
usa,seasonality,monthly,ew,12,2014-08-31,0.00108747573699012
usa,seasonality,monthly,ew,12,2014-09-30,-0.00201342335654413
usa,seasonality,monthly,ew,12,2014-10-31,-0.0012916820173578
usa,seasonality,monthly,ew,12,2014-11-30,0.00498422428477805
usa,seasonality,monthly,ew,12,2014-12-31,-0.00309090333417126
usa,seasonality,monthly,ew,12,2015-01-31,0.00131034998188042
usa,seasonality,monthly,ew,12,2015-02-28,0.000355379039366278
usa,seasonality,monthly,ew,12,2015-03-31,-0.00179771749892015
usa,seasonality,monthly,ew,12,2015-04-30,0.0000777856139246415
usa,seasonality,monthly,ew,12,2015-05-31,-0.00295944536132659
usa,seasonality,monthly,ew,12,2015-06-30,0.000115103062390942
usa,seasonality,monthly,ew,12,2015-07-31,-0.00458063411608985
usa,seasonality,monthly,ew,12,2015-08-31,-0.00209124365336239
usa,seasonality,monthly,ew,12,2015-09-30,-0.000713671723205656
usa,seasonality,monthly,ew,12,2015-10-31,0.00136202042381003
usa,seasonality,monthly,ew,12,2015-11-30,-0.00448875430351464
usa,seasonality,monthly,ew,12,2015-12-31,-0.00515748363336787
usa,seasonality,monthly,ew,12,2016-01-31,-0.00571162959957598
usa,seasonality,monthly,ew,12,2016-02-29,0.0057365086399362
usa,seasonality,monthly,ew,12,2016-03-31,0.00555966353161513
usa,seasonality,monthly,ew,12,2016-04-30,0.00643172318541487
usa,seasonality,monthly,ew,12,2016-05-31,-0.00625754019255377
usa,seasonality,monthly,ew,12,2016-06-30,0.00795474391534275
usa,seasonality,monthly,ew,12,2016-07-31,0.00106958083591111
usa,seasonality,monthly,ew,12,2016-08-31,-0.00230995617308977
usa,seasonality,monthly,ew,12,2016-09-30,-0.0025044724382548
usa,seasonality,monthly,ew,12,2016-10-31,-0.000255740540831926
usa,seasonality,monthly,ew,12,2016-11-30,-0.00773185376136063
usa,seasonality,monthly,ew,12,2016-12-31,0.00320167384239314
usa,seasonality,monthly,ew,12,2017-01-31,0.00347334479274315
usa,seasonality,monthly,ew,12,2017-02-28,-0.00517814804633925
usa,seasonality,monthly,ew,12,2017-03-31,-0.00466416058267556
usa,seasonality,monthly,ew,12,2017-04-30,-0.00128252723052051
usa,seasonality,monthly,ew,12,2017-05-31,-0.00497730595929953
usa,seasonality,monthly,ew,12,2017-06-30,-0.0023641434505062
usa,seasonality,monthly,ew,12,2017-07-31,-0.000839133155799865
usa,seasonality,monthly,ew,12,2017-08-31,-0.0027502648060934
usa,seasonality,monthly,ew,12,2017-09-30,-0.00190677723672059
usa,seasonality,monthly,ew,12,2017-10-31,-0.0025310943814481
usa,seasonality,monthly,ew,12,2017-11-30,0.0060558787674821
usa,seasonality,monthly,ew,12,2017-12-31,0.00260958031103651
usa,seasonality,monthly,ew,12,2018-01-31,-0.00713274591691884
usa,seasonality,monthly,ew,12,2018-02-28,-0.00254299777578488
usa,seasonality,monthly,ew,12,2018-03-31,0.00109801002497189
usa,seasonality,monthly,ew,12,2018-04-30,0.000869880102001237
usa,seasonality,monthly,ew,12,2018-05-31,-0.00263041047416989
usa,seasonality,monthly,ew,12,2018-06-30,0.00476232392709184
usa,seasonality,monthly,ew,12,2018-07-31,-0.0000997656263679618
usa,seasonality,monthly,ew,12,2018-08-31,0.000801240438794143
usa,seasonality,monthly,ew,12,2018-09-30,-0.00296505225852902
usa,seasonality,monthly,ew,12,2018-10-31,0.000407189167718749
usa,seasonality,monthly,ew,12,2018-11-30,-0.00675964517022172
usa,seasonality,monthly,ew,12,2018-12-31,-0.00750546617077738
usa,seasonality,monthly,ew,12,2019-01-31,0.0134868328805764
usa,seasonality,monthly,ew,12,2019-02-28,0.0000470307636827692
usa,seasonality,monthly,ew,12,2019-03-31,-0.00666699195901841
usa,seasonality,monthly,ew,12,2019-04-30,-0.000157788768362908
usa,seasonality,monthly,ew,12,2019-05-31,-0.000656271968410597
usa,seasonality,monthly,ew,12,2019-06-30,-0.00563176088975019
usa,seasonality,monthly,ew,12,2019-07-31,0.00223514599012974
usa,seasonality,monthly,ew,12,2019-08-31,0.00284806834819211
usa,seasonality,monthly,ew,12,2019-09-30,0.00152153148778725
usa,seasonality,monthly,ew,12,2019-10-31,4.37531143417883e-6
usa,seasonality,monthly,ew,12,2019-11-30,-0.00291408714928761
usa,seasonality,monthly,ew,12,2019-12-31,-0.000860792412807881
usa,seasonality,monthly,ew,12,2020-01-31,0.00694733306577752
usa,seasonality,monthly,ew,12,2020-02-29,-0.000241277321120465
usa,seasonality,monthly,ew,12,2020-03-31,-0.0271914708647797
usa,seasonality,monthly,ew,12,2020-04-30,0.0301287222034644
usa,seasonality,monthly,ew,12,2020-05-31,0.00246773361354507
usa,seasonality,monthly,ew,12,2020-06-30,0.0121389148708153
usa,seasonality,monthly,ew,12,2020-07-31,0.00628147340397824
usa,seasonality,monthly,ew,12,2020-08-31,-0.00177787679690786
usa,seasonality,monthly,ew,12,2020-09-30,-0.00549965350798511
usa,seasonality,monthly,ew,12,2020-10-31,-0.00655642991141142
usa,seasonality,monthly,ew,12,2020-11-30,0.013067445166036
usa,seasonality,monthly,ew,12,2020-12-31,-0.00308716162069584
usa,seasonality,monthly,ew,12,2021-01-31,0.0433036773415545
usa,seasonality,monthly,ew,12,2021-02-28,0.00448221065340177
usa,seasonality,monthly,ew,12,2021-03-31,0.00246147578235707
usa,seasonality,monthly,ew,12,2021-04-30,0.00317431089475731
usa,seasonality,monthly,ew,12,2021-05-31,0.0063723221429528
usa,seasonality,monthly,ew,12,2021-06-30,-0.00116953633390768
usa,seasonality,monthly,ew,12,2021-07-31,-0.00256688576487812
usa,seasonality,monthly,ew,12,2021-08-31,-0.00176587417890727
usa,seasonality,monthly,ew,12,2021-09-30,0.0035679125296289
usa,seasonality,monthly,ew,12,2021-10-31,0.00135894391418482
usa,seasonality,monthly,ew,12,2021-11-30,0.000490721223064636
usa,seasonality,monthly,ew,12,2021-12-31,0.0141341271617807
usa,seasonality,monthly,ew,12,2022-01-31,-0.0000699921338784456
usa,seasonality,monthly,ew,12,2022-02-28,0.0108715293568139
usa,seasonality,monthly,ew,12,2022-03-31,0.000858642719912642
usa,seasonality,monthly,ew,12,2022-04-30,0.0104783290927897
usa,seasonality,monthly,ew,12,2022-05-31,-0.00168023120686987
usa,seasonality,monthly,ew,12,2022-06-30,-0.000121809469497327
usa,seasonality,monthly,ew,12,2022-07-31,-0.000260678443857108
usa,seasonality,monthly,ew,12,2022-08-31,0.00109831092277048
usa,seasonality,monthly,ew,12,2022-09-30,-0.0033199021606765
usa,seasonality,monthly,ew,12,2022-10-31,0.00559710404659439
usa,seasonality,monthly,ew,12,2022-11-30,-0.00251014683400367
usa,seasonality,monthly,ew,12,2022-12-31,0.00324017289112064
usa,seasonality,monthly,ew,12,2023-01-31,0.00284053413886847
usa,seasonality,monthly,ew,12,2023-02-28,-0.00492911674301713
usa,seasonality,monthly,ew,12,2023-03-31,0.00262294374150347
usa,seasonality,monthly,ew,12,2023-04-30,0.000395398698818389
usa,seasonality,monthly,ew,12,2023-05-31,0.0030380271800931
usa,seasonality,monthly,ew,12,2023-06-30,-0.00942048312031866
usa,seasonality,monthly,ew,12,2023-07-31,-0.0010698934600604
usa,seasonality,monthly,ew,12,2023-08-31,0.00168891429354973
usa,seasonality,monthly,ew,12,2023-09-30,0.00257237420920601
usa,seasonality,monthly,ew,12,2023-10-31,0.00623304991984663
usa,seasonality,monthly,ew,12,2023-11-30,-0.00293708335614072
usa,seasonality,monthly,ew,12,2023-12-31,-0.0024359743352511
usa,seasonality,monthly,ew,12,2024-01-31,-0.00646941197250307
usa,seasonality,monthly,ew,12,2024-02-29,-0.00294100779787579
usa,seasonality,monthly,ew,12,2024-03-31,0.00272924727883151
usa,seasonality,monthly,ew,12,2024-04-30,0.00444568068085981
usa,seasonality,monthly,ew,12,2024-05-31,0.00661538853690845
usa,seasonality,monthly,ew,12,2024-06-30,-0.00170617715001459
usa,seasonality,monthly,ew,12,2024-07-31,-0.00135955626912718
usa,seasonality,monthly,ew,12,2024-08-31,0.00252165013994578
usa,seasonality,monthly,ew,12,2024-09-30,-0.00273316629396284
usa,seasonality,monthly,ew,12,2024-10-31,0.00168379374512033
usa,seasonality,monthly,ew,12,2024-11-30,0.00591716043576386
usa,seasonality,monthly,ew,12,2024-12-31,0.00530505462322492
usa,short_term_reversal,monthly,ew,3,1926-02-28,0.00804651119855693
usa,short_term_reversal,monthly,ew,3,1926-03-31,-0.0305939155678161
usa,short_term_reversal,monthly,ew,3,1926-04-30,-0.00822812033938963
usa,short_term_reversal,monthly,ew,3,1926-05-31,-0.0163263214499569
usa,short_term_reversal,monthly,ew,4,1926-06-30,0.0125044530752902
usa,short_term_reversal,monthly,ew,4,1926-07-31,0.00509922795395109
usa,short_term_reversal,monthly,ew,4,1926-08-31,0.0160857756821643
usa,short_term_reversal,monthly,ew,4,1926-09-30,0.00808691525576592
usa,short_term_reversal,monthly,ew,4,1926-10-31,-0.0167110269217963
usa,short_term_reversal,monthly,ew,4,1926-11-30,0.0192534259267825
usa,short_term_reversal,monthly,ew,4,1926-12-31,0.01280674859679
usa,short_term_reversal,monthly,ew,4,1927-01-31,-0.00111472980414253
usa,short_term_reversal,monthly,ew,4,1927-02-28,-0.00667444643412486
usa,short_term_reversal,monthly,ew,4,1927-03-31,-0.00327650946453697
usa,short_term_reversal,monthly,ew,4,1927-04-30,-0.00817288527328956
usa,short_term_reversal,monthly,ew,4,1927-05-31,-0.000386896796013492
usa,short_term_reversal,monthly,ew,4,1927-06-30,0.0108334162305266
usa,short_term_reversal,monthly,ew,4,1927-07-31,0.0139344560270952
usa,short_term_reversal,monthly,ew,4,1927-08-31,0.00256071967566805
usa,short_term_reversal,monthly,ew,4,1927-09-30,0.00705274574286833
usa,short_term_reversal,monthly,ew,4,1927-10-31,0.00248766937154877
usa,short_term_reversal,monthly,ew,4,1927-11-30,0.0262376813595872
usa,short_term_reversal,monthly,ew,4,1927-12-31,0.00279984742966083
usa,short_term_reversal,monthly,ew,4,1928-01-31,0.0136928699947992
usa,short_term_reversal,monthly,ew,4,1928-02-29,0.000867984139568083
usa,short_term_reversal,monthly,ew,4,1928-03-31,0.010531223412058
usa,short_term_reversal,monthly,ew,4,1928-04-30,-0.0102212615051532
usa,short_term_reversal,monthly,ew,4,1928-05-31,0.0180970638218005
usa,short_term_reversal,monthly,ew,4,1928-06-30,0.0114527433597026
usa,short_term_reversal,monthly,ew,4,1928-07-31,0.00380703252617129
usa,short_term_reversal,monthly,ew,4,1928-08-31,0.0022246474763273
usa,short_term_reversal,monthly,ew,4,1928-09-30,0.00435083319490833
usa,short_term_reversal,monthly,ew,4,1928-10-31,-0.0205950264119227
usa,short_term_reversal,monthly,ew,4,1928-11-30,-0.00173061444186864
usa,short_term_reversal,monthly,ew,4,1928-12-31,-0.00545203130196627
usa,short_term_reversal,monthly,ew,4,1929-01-31,-0.00884268879257925
usa,short_term_reversal,monthly,ew,4,1929-02-28,0.00656514983583641
usa,short_term_reversal,monthly,ew,4,1929-03-31,-0.0074623205151018
usa,short_term_reversal,monthly,ew,4,1929-04-30,0.00580669853201784
usa,short_term_reversal,monthly,ew,4,1929-05-31,-0.00577684262290329
usa,short_term_reversal,monthly,ew,4,1929-06-30,0.0284503159989752
usa,short_term_reversal,monthly,ew,4,1929-07-31,-0.0105002345138655
usa,short_term_reversal,monthly,ew,4,1929-08-31,0.00589833231178386
usa,short_term_reversal,monthly,ew,4,1929-09-30,0.00486202979957957
usa,short_term_reversal,monthly,ew,4,1929-10-31,0.011509299142379
usa,short_term_reversal,monthly,ew,4,1929-11-30,0.00719060972230448
usa,short_term_reversal,monthly,ew,4,1929-12-31,0.00341006262228696
usa,short_term_reversal,monthly,ew,4,1930-01-31,0.0351214620326291
usa,short_term_reversal,monthly,ew,4,1930-02-28,0.00522522170782414
usa,short_term_reversal,monthly,ew,4,1930-03-31,-0.0130084464213199
usa,short_term_reversal,monthly,ew,4,1930-04-30,-0.00578740169332291
usa,short_term_reversal,monthly,ew,4,1930-05-31,0.019242484642622
usa,short_term_reversal,monthly,ew,4,1930-06-30,-0.00199743338005068
usa,short_term_reversal,monthly,ew,4,1930-07-31,0.0353266765792085
usa,short_term_reversal,monthly,ew,4,1930-08-31,0.025695074658014
usa,short_term_reversal,monthly,ew,4,1930-09-30,-0.00134327249761042
usa,short_term_reversal,monthly,ew,4,1930-10-31,0.000643574588368591
usa,short_term_reversal,monthly,ew,4,1930-11-30,0.0174763865896408
usa,short_term_reversal,monthly,ew,4,1930-12-31,0.0117957120468638
usa,short_term_reversal,monthly,ew,4,1931-01-31,0.0558238907962381
usa,short_term_reversal,monthly,ew,4,1931-02-28,-0.0231794458448181
usa,short_term_reversal,monthly,ew,4,1931-03-31,0.0484329956270785
usa,short_term_reversal,monthly,ew,4,1931-04-30,0.000385878997641378
usa,short_term_reversal,monthly,ew,4,1931-05-31,0.00867521229527372
usa,short_term_reversal,monthly,ew,4,1931-06-30,0.0577340212199345
usa,short_term_reversal,monthly,ew,4,1931-07-31,0.0379515697554573
usa,short_term_reversal,monthly,ew,4,1931-08-31,0.0201204679490444
usa,short_term_reversal,monthly,ew,4,1931-09-30,0.0148745013327335
usa,short_term_reversal,monthly,ew,4,1931-10-31,0.0792277983375043
usa,short_term_reversal,monthly,ew,4,1931-11-30,0.0294113286115421
usa,short_term_reversal,monthly,ew,4,1931-12-31,0.0164764070742849
usa,short_term_reversal,monthly,ew,4,1932-01-31,0.0886966946364372
usa,short_term_reversal,monthly,ew,4,1932-02-29,0.0383920758149986
usa,short_term_reversal,monthly,ew,4,1932-03-31,0.0123580934303522
usa,short_term_reversal,monthly,ew,4,1932-04-30,0.00479213265332982
usa,short_term_reversal,monthly,ew,4,1932-05-31,0.00203733056180255
usa,short_term_reversal,monthly,ew,4,1932-06-30,0.0777591878937411
usa,short_term_reversal,monthly,ew,4,1932-07-31,-0.0304734012392002
usa,short_term_reversal,monthly,ew,4,1932-08-31,-0.0745169082513837
usa,short_term_reversal,monthly,ew,4,1932-09-30,0.0482975828616255
usa,short_term_reversal,monthly,ew,4,1932-10-31,0.031794616459567
usa,short_term_reversal,monthly,ew,4,1932-11-30,0.0100005839185319
usa,short_term_reversal,monthly,ew,4,1932-12-31,0.00749733730891975
usa,short_term_reversal,monthly,ew,4,1933-01-31,0.013179300331818
usa,short_term_reversal,monthly,ew,4,1933-02-28,0.020426780277934
usa,short_term_reversal,monthly,ew,4,1933-03-31,0.035368264854873
usa,short_term_reversal,monthly,ew,4,1933-04-30,-0.0337028693628757
usa,short_term_reversal,monthly,ew,4,1933-05-31,0.0175063956805159
usa,short_term_reversal,monthly,ew,4,1933-06-30,-0.0061946345424518
usa,short_term_reversal,monthly,ew,4,1933-07-31,0.0532612875378942
usa,short_term_reversal,monthly,ew,4,1933-08-31,0.0317050677041208
usa,short_term_reversal,monthly,ew,4,1933-09-30,-0.0217013868419977
usa,short_term_reversal,monthly,ew,4,1933-10-31,0.0138173995741846
usa,short_term_reversal,monthly,ew,4,1933-11-30,0.010364431045699
usa,short_term_reversal,monthly,ew,4,1933-12-31,-0.0000414191331869515
usa,short_term_reversal,monthly,ew,4,1934-01-31,0.00855618971812509
usa,short_term_reversal,monthly,ew,4,1934-02-28,-0.000728616749830076
usa,short_term_reversal,monthly,ew,4,1934-03-31,0.00855744448801014
usa,short_term_reversal,monthly,ew,4,1934-04-30,0.00891775366554097
usa,short_term_reversal,monthly,ew,4,1934-05-31,-0.0191343548952945
usa,short_term_reversal,monthly,ew,4,1934-06-30,-0.00212683208458212
usa,short_term_reversal,monthly,ew,4,1934-07-31,-0.00131588622758878
usa,short_term_reversal,monthly,ew,4,1934-08-31,0.066798562369752
usa,short_term_reversal,monthly,ew,4,1934-09-30,0.0110258501191685
usa,short_term_reversal,monthly,ew,4,1934-10-31,0.00792508755676895
usa,short_term_reversal,monthly,ew,4,1934-11-30,-0.00157960605182584
usa,short_term_reversal,monthly,ew,4,1934-12-31,-0.0081449666130439
usa,short_term_reversal,monthly,ew,4,1935-01-31,0.0194155283332031
usa,short_term_reversal,monthly,ew,4,1935-02-28,0.0446147711150445
usa,short_term_reversal,monthly,ew,4,1935-03-31,-0.0145423003124368
usa,short_term_reversal,monthly,ew,4,1935-04-30,0.00962615878627566
usa,short_term_reversal,monthly,ew,4,1935-05-31,0.020616801259314
usa,short_term_reversal,monthly,ew,4,1935-06-30,0.00622372258579028
usa,short_term_reversal,monthly,ew,4,1935-07-31,0.0276753064309263
usa,short_term_reversal,monthly,ew,4,1935-08-31,-0.0109397737085972
usa,short_term_reversal,monthly,ew,4,1935-09-30,0.0214674673960808
usa,short_term_reversal,monthly,ew,4,1935-10-31,0.0196890241582713
usa,short_term_reversal,monthly,ew,4,1935-11-30,0.0371996334924672
usa,short_term_reversal,monthly,ew,4,1935-12-31,-0.00263745169596954
usa,short_term_reversal,monthly,ew,4,1936-01-31,0.0041566602303313
usa,short_term_reversal,monthly,ew,4,1936-02-29,0.0139820462988678
usa,short_term_reversal,monthly,ew,4,1936-03-31,0.0233151386915976
usa,short_term_reversal,monthly,ew,4,1936-04-30,-0.00111323001188564
usa,short_term_reversal,monthly,ew,4,1936-05-31,0.0205976210044101
usa,short_term_reversal,monthly,ew,4,1936-06-30,0.00663803983225516
usa,short_term_reversal,monthly,ew,4,1936-07-31,0.0111474040233835
usa,short_term_reversal,monthly,ew,4,1936-08-31,0.00431059471313976
usa,short_term_reversal,monthly,ew,4,1936-09-30,0.00615549119429509
usa,short_term_reversal,monthly,ew,4,1936-10-31,0.00171145933992964
usa,short_term_reversal,monthly,ew,4,1936-11-30,0.00042865364194537
usa,short_term_reversal,monthly,ew,4,1936-12-31,-0.00628069698606978
usa,short_term_reversal,monthly,ew,4,1937-01-31,-0.0000659757086377312
usa,short_term_reversal,monthly,ew,4,1937-02-28,0.00644802674564257
usa,short_term_reversal,monthly,ew,4,1937-03-31,-0.0145633344050611
usa,short_term_reversal,monthly,ew,4,1937-04-30,0.0107254303300603
usa,short_term_reversal,monthly,ew,4,1937-05-31,0.00462606363145621
usa,short_term_reversal,monthly,ew,4,1937-06-30,-0.00201372644609805
usa,short_term_reversal,monthly,ew,4,1937-07-31,0.025009639116647
usa,short_term_reversal,monthly,ew,4,1937-08-31,0.0199421838242786
usa,short_term_reversal,monthly,ew,4,1937-09-30,-0.00419509803381553
usa,short_term_reversal,monthly,ew,4,1937-10-31,0.00371609336919613
usa,short_term_reversal,monthly,ew,4,1937-11-30,0.0115497109189814
usa,short_term_reversal,monthly,ew,4,1937-12-31,-0.00911358856902347
usa,short_term_reversal,monthly,ew,4,1938-01-31,0.0379050700745363
usa,short_term_reversal,monthly,ew,4,1938-02-28,0.0205999945720044
usa,short_term_reversal,monthly,ew,4,1938-03-31,0.0360757058957568
usa,short_term_reversal,monthly,ew,4,1938-04-30,0.054623480738698
usa,short_term_reversal,monthly,ew,4,1938-05-31,0.028970953279279
usa,short_term_reversal,monthly,ew,4,1938-06-30,0.0677481366647454
usa,short_term_reversal,monthly,ew,4,1938-07-31,0.000165572456854668
usa,short_term_reversal,monthly,ew,4,1938-08-31,0.0133818387539727
usa,short_term_reversal,monthly,ew,4,1938-09-30,0.00904581249380963
usa,short_term_reversal,monthly,ew,4,1938-10-31,0.00319290692492778
usa,short_term_reversal,monthly,ew,4,1938-11-30,0.00577851231585657
usa,short_term_reversal,monthly,ew,4,1938-12-31,0.0108539427758407
usa,short_term_reversal,monthly,ew,4,1939-01-31,0.0148384544165254
usa,short_term_reversal,monthly,ew,4,1939-02-28,0.0128869175402199
usa,short_term_reversal,monthly,ew,4,1939-03-31,0.0159128664344449
usa,short_term_reversal,monthly,ew,4,1939-04-30,0.0277894761971852
usa,short_term_reversal,monthly,ew,4,1939-05-31,0.00286648216603721
usa,short_term_reversal,monthly,ew,4,1939-06-30,0.000317149615116141
usa,short_term_reversal,monthly,ew,4,1939-07-31,0.0388239208344875
usa,short_term_reversal,monthly,ew,4,1939-08-31,0.0368967495033935
usa,short_term_reversal,monthly,ew,4,1939-09-30,0.0160388159166607
usa,short_term_reversal,monthly,ew,4,1939-10-31,0.101396535521003
usa,short_term_reversal,monthly,ew,4,1939-11-30,-0.0191081260269563
usa,short_term_reversal,monthly,ew,4,1939-12-31,-0.00213502889783281
usa,short_term_reversal,monthly,ew,4,1940-01-31,0.0081911856069632
usa,short_term_reversal,monthly,ew,4,1940-02-29,0.00105667188922411
usa,short_term_reversal,monthly,ew,4,1940-03-31,-0.000724376667501621
usa,short_term_reversal,monthly,ew,4,1940-04-30,0.0163504187927583
usa,short_term_reversal,monthly,ew,4,1940-05-31,0.0309890648065947
usa,short_term_reversal,monthly,ew,4,1940-06-30,0.0296690280931367
usa,short_term_reversal,monthly,ew,4,1940-07-31,0.0126860874273003
usa,short_term_reversal,monthly,ew,4,1940-08-31,0.00695742218043736
usa,short_term_reversal,monthly,ew,4,1940-09-30,0.0020316934709573
usa,short_term_reversal,monthly,ew,4,1940-10-31,0.0140491123119741
usa,short_term_reversal,monthly,ew,4,1940-11-30,0.0175216109741568
usa,short_term_reversal,monthly,ew,4,1940-12-31,0.0129597007435047
usa,short_term_reversal,monthly,ew,4,1941-01-31,0.0112276280060802
usa,short_term_reversal,monthly,ew,4,1941-02-28,0.0108311078824001
usa,short_term_reversal,monthly,ew,4,1941-03-31,0.0137373940580543
usa,short_term_reversal,monthly,ew,4,1941-04-30,-0.00276872173824476
usa,short_term_reversal,monthly,ew,4,1941-05-31,0.0130597058602819
usa,short_term_reversal,monthly,ew,4,1941-06-30,0.00691935186649003
usa,short_term_reversal,monthly,ew,4,1941-07-31,-0.0033075031212476
usa,short_term_reversal,monthly,ew,4,1941-08-31,0.00379689127305087
usa,short_term_reversal,monthly,ew,4,1941-09-30,-0.00259060849035906
usa,short_term_reversal,monthly,ew,4,1941-10-31,-0.00658460382322735
usa,short_term_reversal,monthly,ew,4,1941-11-30,-0.00753579037532916
usa,short_term_reversal,monthly,ew,4,1941-12-31,-0.000674137503402877
usa,short_term_reversal,monthly,ew,4,1942-01-31,0.0396773945325003
usa,short_term_reversal,monthly,ew,4,1942-02-28,-0.00497726510925768
usa,short_term_reversal,monthly,ew,4,1942-03-31,-0.00523571088067821
usa,short_term_reversal,monthly,ew,4,1942-04-30,0.00174033318313054
usa,short_term_reversal,monthly,ew,4,1942-05-31,0.00209410390321275
usa,short_term_reversal,monthly,ew,4,1942-06-30,0.000106349014095864
usa,short_term_reversal,monthly,ew,4,1942-07-31,0.0165023692258679
usa,short_term_reversal,monthly,ew,4,1942-08-31,0.013481938767976
usa,short_term_reversal,monthly,ew,4,1942-09-30,-0.00592475030147999
usa,short_term_reversal,monthly,ew,4,1942-10-31,-0.013262789945869
usa,short_term_reversal,monthly,ew,4,1942-11-30,0.0425403811230917
usa,short_term_reversal,monthly,ew,4,1942-12-31,0.0108046797075024
usa,short_term_reversal,monthly,ew,4,1943-01-31,0.0245142698282572
usa,short_term_reversal,monthly,ew,4,1943-02-28,-0.0651868017222165
usa,short_term_reversal,monthly,ew,4,1943-03-31,-0.00783279226698297
usa,short_term_reversal,monthly,ew,4,1943-04-30,0.00779189275436173
usa,short_term_reversal,monthly,ew,4,1943-05-31,0.00199236549713096
usa,short_term_reversal,monthly,ew,4,1943-06-30,0.0125605021432201
usa,short_term_reversal,monthly,ew,4,1943-07-31,0.0114473472936558
usa,short_term_reversal,monthly,ew,4,1943-08-31,0.00675382403542854
usa,short_term_reversal,monthly,ew,4,1943-09-30,0.011549037554086
usa,short_term_reversal,monthly,ew,4,1943-10-31,0.0137508113822074
usa,short_term_reversal,monthly,ew,4,1943-11-30,0.00611437725793638
usa,short_term_reversal,monthly,ew,4,1943-12-31,0.0107493474971792
usa,short_term_reversal,monthly,ew,4,1944-01-31,0.0102009465050681
usa,short_term_reversal,monthly,ew,4,1944-02-29,0.00203983114585382
usa,short_term_reversal,monthly,ew,4,1944-03-31,0.00397041619777682
usa,short_term_reversal,monthly,ew,4,1944-04-30,0.00889371234025255
usa,short_term_reversal,monthly,ew,4,1944-05-31,0.0109799061476894
usa,short_term_reversal,monthly,ew,4,1944-06-30,0.00450025149763106
usa,short_term_reversal,monthly,ew,4,1944-07-31,0.0219131897770461
usa,short_term_reversal,monthly,ew,4,1944-08-31,0.0184686982788077
usa,short_term_reversal,monthly,ew,4,1944-09-30,0.00565171659272964
usa,short_term_reversal,monthly,ew,4,1944-10-31,0.00545907677452755
usa,short_term_reversal,monthly,ew,4,1944-11-30,0.000851260829018912
usa,short_term_reversal,monthly,ew,4,1944-12-31,0.00277157559161834
usa,short_term_reversal,monthly,ew,4,1945-01-31,0.028963662040899
usa,short_term_reversal,monthly,ew,4,1945-02-28,0.00875734557252348
usa,short_term_reversal,monthly,ew,4,1945-03-31,0.0170212078891251
usa,short_term_reversal,monthly,ew,4,1945-04-30,0.0103040268601301
usa,short_term_reversal,monthly,ew,4,1945-05-31,0.00659668610443763
usa,short_term_reversal,monthly,ew,4,1945-06-30,-0.00505261406274506
usa,short_term_reversal,monthly,ew,4,1945-07-31,0.0233814198377922
usa,short_term_reversal,monthly,ew,4,1945-08-31,0.0101674308538924
usa,short_term_reversal,monthly,ew,4,1945-09-30,0.00362961741490535
usa,short_term_reversal,monthly,ew,4,1945-10-31,0.00017749444814345
usa,short_term_reversal,monthly,ew,4,1945-11-30,0.00359921172813743
usa,short_term_reversal,monthly,ew,4,1945-12-31,0.016400571723206
usa,short_term_reversal,monthly,ew,4,1946-01-31,0.0172297771405371
usa,short_term_reversal,monthly,ew,4,1946-02-28,0.0151203438557671
usa,short_term_reversal,monthly,ew,4,1946-03-31,0.00271138019023164
usa,short_term_reversal,monthly,ew,4,1946-04-30,-0.0297695980299116
usa,short_term_reversal,monthly,ew,4,1946-05-31,0.0164168454675659
usa,short_term_reversal,monthly,ew,4,1946-06-30,0.0102122451065243
usa,short_term_reversal,monthly,ew,4,1946-07-31,0.00486956090896357
usa,short_term_reversal,monthly,ew,4,1946-08-31,-0.000835032883671323
usa,short_term_reversal,monthly,ew,4,1946-09-30,-0.00351587224801441
usa,short_term_reversal,monthly,ew,4,1946-10-31,0.00337911849013446
usa,short_term_reversal,monthly,ew,4,1946-11-30,0.0112384175594444
usa,short_term_reversal,monthly,ew,4,1946-12-31,0.00844656781592845
usa,short_term_reversal,monthly,ew,4,1947-01-31,0.00351544916293819
usa,short_term_reversal,monthly,ew,4,1947-02-28,0.00584649149014239
usa,short_term_reversal,monthly,ew,4,1947-03-31,0.0091344450302137
usa,short_term_reversal,monthly,ew,4,1947-04-30,-0.00687136034470291
usa,short_term_reversal,monthly,ew,4,1947-05-31,0.00455729044136801
usa,short_term_reversal,monthly,ew,4,1947-06-30,0.00462990935324021
usa,short_term_reversal,monthly,ew,4,1947-07-31,0.0137281640123383
usa,short_term_reversal,monthly,ew,4,1947-08-31,0.00379727467547998
usa,short_term_reversal,monthly,ew,4,1947-09-30,-0.00288147971519362
usa,short_term_reversal,monthly,ew,4,1947-10-31,0.0123594430306654
usa,short_term_reversal,monthly,ew,4,1947-11-30,0.00775309644342934
usa,short_term_reversal,monthly,ew,4,1947-12-31,-0.0074380412501292
usa,short_term_reversal,monthly,ew,4,1948-01-31,0.0187430010571071
usa,short_term_reversal,monthly,ew,4,1948-02-29,0.00380958150253302
usa,short_term_reversal,monthly,ew,4,1948-03-31,0.0206192961865955
usa,short_term_reversal,monthly,ew,4,1948-04-30,0.00772462816946973
usa,short_term_reversal,monthly,ew,4,1948-05-31,0.0113377530307592
usa,short_term_reversal,monthly,ew,4,1948-06-30,0.00803642591132766
usa,short_term_reversal,monthly,ew,4,1948-07-31,0.0180878068494903
usa,short_term_reversal,monthly,ew,4,1948-08-31,-3.43668226829416e-6
usa,short_term_reversal,monthly,ew,4,1948-09-30,0.00147320276838632
usa,short_term_reversal,monthly,ew,4,1948-10-31,0.0130445486224794
usa,short_term_reversal,monthly,ew,4,1948-11-30,0.00914571408592449
usa,short_term_reversal,monthly,ew,4,1948-12-31,0.00643879890156133
usa,short_term_reversal,monthly,ew,4,1949-01-31,0.0191743554373972
usa,short_term_reversal,monthly,ew,4,1949-02-28,-0.0000230871866653895
usa,short_term_reversal,monthly,ew,4,1949-03-31,0.0089565093112359
usa,short_term_reversal,monthly,ew,4,1949-04-30,0.00140239880935405
usa,short_term_reversal,monthly,ew,4,1949-05-31,0.00430505479944733
usa,short_term_reversal,monthly,ew,4,1949-06-30,-0.00531816732157338
usa,short_term_reversal,monthly,ew,4,1949-07-31,0.0159211103986094
usa,short_term_reversal,monthly,ew,4,1949-08-31,0.0070194791727327
usa,short_term_reversal,monthly,ew,4,1949-09-30,0.00492782359074789
usa,short_term_reversal,monthly,ew,4,1949-10-31,0.00542714036606939
usa,short_term_reversal,monthly,ew,4,1949-11-30,0.00396764137014122
usa,short_term_reversal,monthly,ew,4,1949-12-31,0.0167586613532236
usa,short_term_reversal,monthly,ew,4,1950-01-31,0.00459471562075086
usa,short_term_reversal,monthly,ew,4,1950-02-28,0.010869732502971
usa,short_term_reversal,monthly,ew,4,1950-03-31,0.00685859986894888
usa,short_term_reversal,monthly,ew,4,1950-04-30,-0.00271666834843474
usa,short_term_reversal,monthly,ew,4,1950-05-31,0.0124488840444312
usa,short_term_reversal,monthly,ew,4,1950-06-30,0.0149368012319516
usa,short_term_reversal,monthly,ew,4,1950-07-31,-0.012654664346974
usa,short_term_reversal,monthly,ew,4,1950-08-31,0.0178762580184291
usa,short_term_reversal,monthly,ew,4,1950-09-30,-0.000292129631976106
usa,short_term_reversal,monthly,ew,4,1950-10-31,0.0189514471931454
usa,short_term_reversal,monthly,ew,4,1950-11-30,0.00406493866006938
usa,short_term_reversal,monthly,ew,4,1950-12-31,-0.0189870930601179
usa,short_term_reversal,monthly,ew,4,1951-01-31,0.0234988544910534
usa,short_term_reversal,monthly,ew,4,1951-02-28,0.0188159748421299
usa,short_term_reversal,monthly,ew,4,1951-03-31,0.00989662031443765
usa,short_term_reversal,monthly,ew,4,1951-04-30,0.0082456297345657
usa,short_term_reversal,monthly,ew,4,1951-05-31,0.0115678795100525
usa,short_term_reversal,monthly,ew,5,1951-06-30,0.00259385878467509
usa,short_term_reversal,monthly,ew,5,1951-07-31,0.0143667548578345
usa,short_term_reversal,monthly,ew,5,1951-08-31,-0.00194124815415842
usa,short_term_reversal,monthly,ew,5,1951-09-30,0.00799424083440919
usa,short_term_reversal,monthly,ew,5,1951-10-31,0.00642998603139132
usa,short_term_reversal,monthly,ew,5,1951-11-30,0.010391866624068
usa,short_term_reversal,monthly,ew,5,1951-12-31,-0.0020309357255903
usa,short_term_reversal,monthly,ew,5,1952-01-31,0.0137565845378867
usa,short_term_reversal,monthly,ew,5,1952-02-29,0.00376102503725877
usa,short_term_reversal,monthly,ew,5,1952-03-31,0.00517452241657926
usa,short_term_reversal,monthly,ew,5,1952-04-30,0.00673407638025571
usa,short_term_reversal,monthly,ew,5,1952-05-31,0.00660215169779458
usa,short_term_reversal,monthly,ew,5,1952-06-30,-0.00259796519933366
usa,short_term_reversal,monthly,ew,5,1952-07-31,0.0068567498290151
usa,short_term_reversal,monthly,ew,5,1952-08-31,-0.000214940810897708
usa,short_term_reversal,monthly,ew,5,1952-09-30,0.000893163494617757
usa,short_term_reversal,monthly,ew,5,1952-10-31,-0.00100356386647474
usa,short_term_reversal,monthly,ew,5,1952-11-30,0.00675302775180208
usa,short_term_reversal,monthly,ew,5,1952-12-31,0.0075283735737606
usa,short_term_reversal,monthly,ew,5,1953-01-31,0.00222711344215653
usa,short_term_reversal,monthly,ew,5,1953-02-28,-0.00522820854824224
usa,short_term_reversal,monthly,ew,5,1953-03-31,0.0107011950581158
usa,short_term_reversal,monthly,ew,5,1953-04-30,0.00127741517580328
usa,short_term_reversal,monthly,ew,5,1953-05-31,-0.00129911896228929
usa,short_term_reversal,monthly,ew,5,1953-06-30,0.000466866355708351
usa,short_term_reversal,monthly,ew,5,1953-07-31,0.000281671646972242
usa,short_term_reversal,monthly,ew,5,1953-08-31,0.00457405824603921
usa,short_term_reversal,monthly,ew,5,1953-09-30,-0.00175755960489081
usa,short_term_reversal,monthly,ew,5,1953-10-31,0.00315393726387027
usa,short_term_reversal,monthly,ew,5,1953-11-30,0.000183197877437619
usa,short_term_reversal,monthly,ew,5,1953-12-31,-0.00198574624845574
usa,short_term_reversal,monthly,ew,5,1954-01-31,0.0146276785782286
usa,short_term_reversal,monthly,ew,5,1954-02-28,0.0088917523905198
usa,short_term_reversal,monthly,ew,5,1954-03-31,0.00331430160505892
usa,short_term_reversal,monthly,ew,5,1954-04-30,0.00310337275279266
usa,short_term_reversal,monthly,ew,5,1954-05-31,0.00914640977500119
usa,short_term_reversal,monthly,ew,5,1954-06-30,0.0113725918127586
usa,short_term_reversal,monthly,ew,5,1954-07-31,0.00353812491245796
usa,short_term_reversal,monthly,ew,5,1954-08-31,0.0123941369408359
usa,short_term_reversal,monthly,ew,5,1954-09-30,0.00306317472461781
usa,short_term_reversal,monthly,ew,5,1954-10-31,0.00442609968426953
usa,short_term_reversal,monthly,ew,5,1954-11-30,-0.00240867023182681
usa,short_term_reversal,monthly,ew,5,1954-12-31,0.0107961243230665
usa,short_term_reversal,monthly,ew,5,1955-01-31,0.0151336367262157
usa,short_term_reversal,monthly,ew,5,1955-02-28,0.00236308153388341
usa,short_term_reversal,monthly,ew,5,1955-03-31,0.00949426405015984
usa,short_term_reversal,monthly,ew,5,1955-04-30,0.00921998409490967
usa,short_term_reversal,monthly,ew,5,1955-05-31,0.00205227663907477
usa,short_term_reversal,monthly,ew,5,1955-06-30,0.00221494671564097
usa,short_term_reversal,monthly,ew,5,1955-07-31,0.0119997324616198
usa,short_term_reversal,monthly,ew,5,1955-08-31,0.00509278400155966
usa,short_term_reversal,monthly,ew,5,1955-09-30,0.00485796137808332
usa,short_term_reversal,monthly,ew,5,1955-10-31,0.00319769954410811
usa,short_term_reversal,monthly,ew,5,1955-11-30,0.0105295528500147
usa,short_term_reversal,monthly,ew,5,1955-12-31,0.00710211351958656
usa,short_term_reversal,monthly,ew,5,1956-01-31,0.0126828406335189
usa,short_term_reversal,monthly,ew,5,1956-02-29,0.0115212520384269
usa,short_term_reversal,monthly,ew,5,1956-03-31,-0.00768342439094201
usa,short_term_reversal,monthly,ew,5,1956-04-30,0.0029217055122152
usa,short_term_reversal,monthly,ew,5,1956-05-31,0.0149252241866404
usa,short_term_reversal,monthly,ew,5,1956-06-30,0.0019399770477025
usa,short_term_reversal,monthly,ew,5,1956-07-31,-0.00313195583005752
usa,short_term_reversal,monthly,ew,5,1956-08-31,0.0087195740287658
usa,short_term_reversal,monthly,ew,5,1956-09-30,-0.00189746729477058
usa,short_term_reversal,monthly,ew,5,1956-10-31,0.00583816397367433
usa,short_term_reversal,monthly,ew,5,1956-11-30,-0.00850382940794363
usa,short_term_reversal,monthly,ew,5,1956-12-31,-0.0000104892728064222
usa,short_term_reversal,monthly,ew,5,1957-01-31,0.0173641427212248
usa,short_term_reversal,monthly,ew,5,1957-02-28,0.00221907037907836
usa,short_term_reversal,monthly,ew,5,1957-03-31,0.00638433072703148
usa,short_term_reversal,monthly,ew,5,1957-04-30,-0.00673806012252935
usa,short_term_reversal,monthly,ew,5,1957-05-31,0.0017036650078187
usa,short_term_reversal,monthly,ew,5,1957-06-30,-0.00484908460231657
usa,short_term_reversal,monthly,ew,5,1957-07-31,-0.0000846022460671447
usa,short_term_reversal,monthly,ew,5,1957-08-31,0.0040703816648827
usa,short_term_reversal,monthly,ew,5,1957-09-30,-0.000570482462596354
usa,short_term_reversal,monthly,ew,5,1957-10-31,-0.0084124698258334
usa,short_term_reversal,monthly,ew,5,1957-11-30,0.000952571490084106
usa,short_term_reversal,monthly,ew,5,1957-12-31,0.00363046905685319
usa,short_term_reversal,monthly,ew,5,1958-01-31,0.0160039060212218
usa,short_term_reversal,monthly,ew,5,1958-02-28,0.0175258351667939
usa,short_term_reversal,monthly,ew,5,1958-03-31,0.00381426927143457
usa,short_term_reversal,monthly,ew,5,1958-04-30,0.00217023212172269
usa,short_term_reversal,monthly,ew,5,1958-05-31,0.00364809301756265
usa,short_term_reversal,monthly,ew,5,1958-06-30,0.00954732866873689
usa,short_term_reversal,monthly,ew,5,1958-07-31,0.0150914169970985
usa,short_term_reversal,monthly,ew,5,1958-08-31,0.00431539424567279
usa,short_term_reversal,monthly,ew,5,1958-09-30,0.00403963217525885
usa,short_term_reversal,monthly,ew,5,1958-10-31,0.000341685850355657
usa,short_term_reversal,monthly,ew,5,1958-11-30,-0.0013404922066027
usa,short_term_reversal,monthly,ew,5,1958-12-31,0.0100402818521624
usa,short_term_reversal,monthly,ew,5,1959-01-31,0.00984237491420372
usa,short_term_reversal,monthly,ew,5,1959-02-28,0.00934075219718958
usa,short_term_reversal,monthly,ew,5,1959-03-31,-0.00218126061105217
usa,short_term_reversal,monthly,ew,5,1959-04-30,0.00531332963525231
usa,short_term_reversal,monthly,ew,5,1959-05-31,0.00122249072075066
usa,short_term_reversal,monthly,ew,5,1959-06-30,-0.000270127918708596
usa,short_term_reversal,monthly,ew,5,1959-07-31,0.00348264142055133
usa,short_term_reversal,monthly,ew,5,1959-08-31,0.00455142540747998
usa,short_term_reversal,monthly,ew,5,1959-09-30,0.0024739372123648
usa,short_term_reversal,monthly,ew,5,1959-10-31,0.00345806782923428
usa,short_term_reversal,monthly,ew,5,1959-11-30,-0.011099982252489
usa,short_term_reversal,monthly,ew,5,1959-12-31,0.0112134878254195
usa,short_term_reversal,monthly,ew,5,1960-01-31,0.0147188630677159
usa,short_term_reversal,monthly,ew,5,1960-02-29,0.0104433935658881
usa,short_term_reversal,monthly,ew,5,1960-03-31,0.00621185131849007
usa,short_term_reversal,monthly,ew,5,1960-04-30,0.0139908877268528
usa,short_term_reversal,monthly,ew,5,1960-05-31,-0.0149123951985729
usa,short_term_reversal,monthly,ew,5,1960-06-30,0.00650718681183799
usa,short_term_reversal,monthly,ew,5,1960-07-31,0.011325642008064
usa,short_term_reversal,monthly,ew,5,1960-08-31,0.00277202188537664
usa,short_term_reversal,monthly,ew,5,1960-09-30,0.00492422240071877
usa,short_term_reversal,monthly,ew,5,1960-10-31,-0.0000811164324807295
usa,short_term_reversal,monthly,ew,5,1960-11-30,0.00719985998293945
usa,short_term_reversal,monthly,ew,5,1960-12-31,0.0021936691721977
usa,short_term_reversal,monthly,ew,5,1961-01-31,0.00921063635067554
usa,short_term_reversal,monthly,ew,5,1961-02-28,0.0040468482950224
usa,short_term_reversal,monthly,ew,5,1961-03-31,0.000664368815300677
usa,short_term_reversal,monthly,ew,5,1961-04-30,0.00940194858153871
usa,short_term_reversal,monthly,ew,5,1961-05-31,0.0143094454687898
usa,short_term_reversal,monthly,ew,5,1961-06-30,0.0167074713769736
usa,short_term_reversal,monthly,ew,5,1961-07-31,0.00729799787772912
usa,short_term_reversal,monthly,ew,5,1961-08-31,-0.00231104203097871
usa,short_term_reversal,monthly,ew,5,1961-09-30,0.000847028420997414
usa,short_term_reversal,monthly,ew,5,1961-10-31,-0.00137070458072605
usa,short_term_reversal,monthly,ew,5,1961-11-30,-0.00605139397824803
usa,short_term_reversal,monthly,ew,5,1961-12-31,0.0139250556229021
usa,short_term_reversal,monthly,ew,5,1962-01-31,-0.0037397396567662
usa,short_term_reversal,monthly,ew,5,1962-02-28,0.00464927211127471
usa,short_term_reversal,monthly,ew,5,1962-03-31,0.00255842441413176
usa,short_term_reversal,monthly,ew,5,1962-04-30,0.00250508455158628
usa,short_term_reversal,monthly,ew,5,1962-05-31,0.012632682354397
usa,short_term_reversal,monthly,ew,5,1962-06-30,0.00823206509354908
usa,short_term_reversal,monthly,ew,5,1962-07-31,0.00345752017027393
usa,short_term_reversal,monthly,ew,5,1962-08-31,0.00888959048276295
usa,short_term_reversal,monthly,ew,5,1962-09-30,0.0247096554402739
usa,short_term_reversal,monthly,ew,5,1962-10-31,0.0043798811263809
usa,short_term_reversal,monthly,ew,5,1962-11-30,0.00313642712320799
usa,short_term_reversal,monthly,ew,5,1962-12-31,0.0225234157804232
usa,short_term_reversal,monthly,ew,5,1963-01-31,0.0214292104422696
usa,short_term_reversal,monthly,ew,5,1963-02-28,0.00835960869800836
usa,short_term_reversal,monthly,ew,5,1963-03-31,0.0120902737757175
usa,short_term_reversal,monthly,ew,5,1963-04-30,0.00123603534308232
usa,short_term_reversal,monthly,ew,5,1963-05-31,-0.000473994427024011
usa,short_term_reversal,monthly,ew,5,1963-06-30,0.0101693889534829
usa,short_term_reversal,monthly,ew,5,1963-07-31,0.00967123815152529
usa,short_term_reversal,monthly,ew,5,1963-08-31,0.000982238863545339
usa,short_term_reversal,monthly,ew,5,1963-09-30,0.0138001900237345
usa,short_term_reversal,monthly,ew,5,1963-10-31,0.00892319530157068
usa,short_term_reversal,monthly,ew,5,1963-11-30,0.0125996495139226
usa,short_term_reversal,monthly,ew,5,1963-12-31,0.0177543454683309
usa,short_term_reversal,monthly,ew,5,1964-01-31,0.00535747580426834
usa,short_term_reversal,monthly,ew,5,1964-02-29,0.00277610362590615
usa,short_term_reversal,monthly,ew,5,1964-03-31,0.00848482494938955
usa,short_term_reversal,monthly,ew,5,1964-04-30,0.0208684755266674
usa,short_term_reversal,monthly,ew,5,1964-05-31,-0.00416652348938873
usa,short_term_reversal,monthly,ew,5,1964-06-30,0.00460112979735035
usa,short_term_reversal,monthly,ew,5,1964-07-31,0.00890231804417295
usa,short_term_reversal,monthly,ew,5,1964-08-31,0.00924326430553069
usa,short_term_reversal,monthly,ew,5,1964-09-30,0.000797753516376131
usa,short_term_reversal,monthly,ew,5,1964-10-31,0.0190764620911462
usa,short_term_reversal,monthly,ew,5,1964-11-30,0.00882823348493744
usa,short_term_reversal,monthly,ew,5,1964-12-31,0.00316989369332292
usa,short_term_reversal,monthly,ew,5,1965-01-31,0.0156042141666924
usa,short_term_reversal,monthly,ew,5,1965-02-28,0.0039464696687369
usa,short_term_reversal,monthly,ew,5,1965-03-31,0.00897540565272743
usa,short_term_reversal,monthly,ew,5,1965-04-30,0.00595275906837603
usa,short_term_reversal,monthly,ew,5,1965-05-31,-0.00185940611038035
usa,short_term_reversal,monthly,ew,5,1965-06-30,0.0143272397233667
usa,short_term_reversal,monthly,ew,5,1965-07-31,0.00534254349654047
usa,short_term_reversal,monthly,ew,5,1965-08-31,0.00504982101202122
usa,short_term_reversal,monthly,ew,5,1965-09-30,-0.00214338251997735
usa,short_term_reversal,monthly,ew,5,1965-10-31,-0.0122317765773398
usa,short_term_reversal,monthly,ew,5,1965-11-30,-0.00912126570839629
usa,short_term_reversal,monthly,ew,5,1965-12-31,0.0148015465528614
usa,short_term_reversal,monthly,ew,5,1966-01-31,-0.00031251620801902
usa,short_term_reversal,monthly,ew,5,1966-02-28,-0.012312279872808
usa,short_term_reversal,monthly,ew,5,1966-03-31,0.00134191054952611
usa,short_term_reversal,monthly,ew,5,1966-04-30,-0.00738605955050018
usa,short_term_reversal,monthly,ew,5,1966-05-31,0.030067167016062
usa,short_term_reversal,monthly,ew,5,1966-06-30,-0.00129035486849736
usa,short_term_reversal,monthly,ew,5,1966-07-31,0.00827626643120181
usa,short_term_reversal,monthly,ew,5,1966-08-31,0.0068723481746778
usa,short_term_reversal,monthly,ew,5,1966-09-30,0.0142255060880719
usa,short_term_reversal,monthly,ew,5,1966-10-31,-0.00111151792775429
usa,short_term_reversal,monthly,ew,5,1966-11-30,0.0183402853180615
usa,short_term_reversal,monthly,ew,5,1966-12-31,0.00445634033345316
usa,short_term_reversal,monthly,ew,5,1967-01-31,-0.00401146549702783
usa,short_term_reversal,monthly,ew,5,1967-02-28,-0.00464374600589674
usa,short_term_reversal,monthly,ew,5,1967-03-31,-0.0000104574901745841
usa,short_term_reversal,monthly,ew,5,1967-04-30,0.00106106842792624
usa,short_term_reversal,monthly,ew,5,1967-05-31,0.0117495651482338
usa,short_term_reversal,monthly,ew,5,1967-06-30,-0.0310755288281369
usa,short_term_reversal,monthly,ew,5,1967-07-31,-0.00506693567259935
usa,short_term_reversal,monthly,ew,5,1967-08-31,0.0136991424840899
usa,short_term_reversal,monthly,ew,6,1967-09-30,-0.0083860097843821
usa,short_term_reversal,monthly,ew,6,1967-10-31,0.00470931434391128
usa,short_term_reversal,monthly,ew,6,1967-11-30,0.00517924295071573
usa,short_term_reversal,monthly,ew,5,1967-12-31,-0.00969025791327583
usa,short_term_reversal,monthly,ew,5,1968-01-31,0.00858221420173147
usa,short_term_reversal,monthly,ew,5,1968-02-29,0.0135637074168199
usa,short_term_reversal,monthly,ew,5,1968-03-31,-0.000467936653852813
usa,short_term_reversal,monthly,ew,5,1968-04-30,-0.00826086107422876
usa,short_term_reversal,monthly,ew,5,1968-05-31,-0.00435831705427948
usa,short_term_reversal,monthly,ew,5,1968-06-30,0.0216831775414469
usa,short_term_reversal,monthly,ew,6,1968-07-31,0.00335106972638431
usa,short_term_reversal,monthly,ew,6,1968-08-31,-0.00566999447313192
usa,short_term_reversal,monthly,ew,6,1968-09-30,-0.00387432448481914
usa,short_term_reversal,monthly,ew,6,1968-10-31,0.0207171943247522
usa,short_term_reversal,monthly,ew,6,1968-11-30,0.00326167733701958
usa,short_term_reversal,monthly,ew,6,1968-12-31,0.0133962732777731
usa,short_term_reversal,monthly,ew,5,1969-01-31,0.00640347769380216
usa,short_term_reversal,monthly,ew,5,1969-02-28,0.0167670944642822
usa,short_term_reversal,monthly,ew,6,1969-03-31,0.00653207720588776
usa,short_term_reversal,monthly,ew,6,1969-04-30,-0.00303792487240871
usa,short_term_reversal,monthly,ew,6,1969-05-31,0.00796811783759528
usa,short_term_reversal,monthly,ew,6,1969-06-30,0.0171316582273863
usa,short_term_reversal,monthly,ew,6,1969-07-31,0.00399838866321424
usa,short_term_reversal,monthly,ew,6,1969-08-31,0.00889961532016609
usa,short_term_reversal,monthly,ew,6,1969-09-30,0.00717278947407853
usa,short_term_reversal,monthly,ew,6,1969-10-31,0.0147101219100589
usa,short_term_reversal,monthly,ew,6,1969-11-30,0.0189841872436205
usa,short_term_reversal,monthly,ew,6,1969-12-31,-0.00384645580546804
usa,short_term_reversal,monthly,ew,6,1970-01-31,0.0106706042012711
usa,short_term_reversal,monthly,ew,6,1970-02-28,0.0135329964748757
usa,short_term_reversal,monthly,ew,6,1970-03-31,0.0126399160669971
usa,short_term_reversal,monthly,ew,6,1970-04-30,-0.00178674224606779
usa,short_term_reversal,monthly,ew,6,1970-05-31,0.00277039582150328
usa,short_term_reversal,monthly,ew,6,1970-06-30,0.0291845368119061
usa,short_term_reversal,monthly,ew,6,1970-07-31,0.0162192953505666
usa,short_term_reversal,monthly,ew,6,1970-08-31,0.010581233980675
usa,short_term_reversal,monthly,ew,6,1970-09-30,0.0130774628939501
usa,short_term_reversal,monthly,ew,6,1970-10-31,0.0466594397812225
usa,short_term_reversal,monthly,ew,6,1970-11-30,0.0104268923143071
usa,short_term_reversal,monthly,ew,6,1970-12-31,0.0160680801184995
usa,short_term_reversal,monthly,ew,6,1971-01-31,0.00387924222263173
usa,short_term_reversal,monthly,ew,6,1971-02-28,0.00171726861883281
usa,short_term_reversal,monthly,ew,6,1971-03-31,0.00342731736504295
usa,short_term_reversal,monthly,ew,6,1971-04-30,0.0106556328122678
usa,short_term_reversal,monthly,ew,6,1971-05-31,0.00547727819965828
usa,short_term_reversal,monthly,ew,6,1971-06-30,0.00287713783815116
usa,short_term_reversal,monthly,ew,6,1971-07-31,0.0152368191125752
usa,short_term_reversal,monthly,ew,6,1971-08-31,0.0168617002946809
usa,short_term_reversal,monthly,ew,6,1971-09-30,0.000470554656521998
usa,short_term_reversal,monthly,ew,6,1971-10-31,0.00475952918757983
usa,short_term_reversal,monthly,ew,6,1971-11-30,0.00792328284737377
usa,short_term_reversal,monthly,ew,6,1971-12-31,0.0172009855258491
usa,short_term_reversal,monthly,ew,6,1972-01-31,-0.0137179071122411
usa,short_term_reversal,monthly,ew,6,1972-02-29,0.00433058196140874
usa,short_term_reversal,monthly,ew,6,1972-03-31,0.0143972075092954
usa,short_term_reversal,monthly,ew,6,1972-04-30,-0.00103774062868705
usa,short_term_reversal,monthly,ew,6,1972-05-31,-0.000389839819965918
usa,short_term_reversal,monthly,ew,6,1972-06-30,0.00350724765254557
usa,short_term_reversal,monthly,ew,6,1972-07-31,0.007912421254039
usa,short_term_reversal,monthly,ew,6,1972-08-31,0.00350524534813888
usa,short_term_reversal,monthly,ew,6,1972-09-30,0.00857447107425623
usa,short_term_reversal,monthly,ew,6,1972-10-31,0.00693921314861792
usa,short_term_reversal,monthly,ew,6,1972-11-30,0.0183070023637154
usa,short_term_reversal,monthly,ew,6,1972-12-31,0.0188825484133069
usa,short_term_reversal,monthly,ew,6,1973-01-31,0.0102196916308801
usa,short_term_reversal,monthly,ew,6,1973-02-28,0.00208342562777383
usa,short_term_reversal,monthly,ew,6,1973-03-31,0.0125849637295889
usa,short_term_reversal,monthly,ew,6,1973-04-30,0.00987021987175458
usa,short_term_reversal,monthly,ew,6,1973-05-31,0.0119109215804612
usa,short_term_reversal,monthly,ew,6,1973-06-30,0.0153076616825625
usa,short_term_reversal,monthly,ew,6,1973-07-31,0.0320549023576155
usa,short_term_reversal,monthly,ew,6,1973-08-31,0.0233663433666909
usa,short_term_reversal,monthly,ew,6,1973-09-30,0.00807458296297591
usa,short_term_reversal,monthly,ew,6,1973-10-31,0.0145063221648788
usa,short_term_reversal,monthly,ew,6,1973-11-30,0.00767906188727233
usa,short_term_reversal,monthly,ew,6,1973-12-31,0.0139977353203364
usa,short_term_reversal,monthly,ew,6,1974-01-31,0.0326082194098111
usa,short_term_reversal,monthly,ew,6,1974-02-28,0.0136166187192112
usa,short_term_reversal,monthly,ew,6,1974-03-31,0.0146499859062926
usa,short_term_reversal,monthly,ew,6,1974-04-30,0.00457049224218958
usa,short_term_reversal,monthly,ew,6,1974-05-31,-0.000459539497963075
usa,short_term_reversal,monthly,ew,6,1974-06-30,0.00794588257003935
usa,short_term_reversal,monthly,ew,6,1974-07-31,0.011446389214943
usa,short_term_reversal,monthly,ew,6,1974-08-31,0.0077752935655047
usa,short_term_reversal,monthly,ew,6,1974-09-30,0.0242240324804033
usa,short_term_reversal,monthly,ew,6,1974-10-31,0.0216296229628714
usa,short_term_reversal,monthly,ew,6,1974-11-30,0.00155926751334934
usa,short_term_reversal,monthly,ew,6,1974-12-31,0.0123295568016553
usa,short_term_reversal,monthly,ew,6,1975-01-31,0.0264674475603763
usa,short_term_reversal,monthly,ew,6,1975-02-28,0.0259752817921728
usa,short_term_reversal,monthly,ew,6,1975-03-31,0.024425333692953
usa,short_term_reversal,monthly,ew,6,1975-04-30,0.0137004649702937
usa,short_term_reversal,monthly,ew,6,1975-05-31,-0.00205298877486355
usa,short_term_reversal,monthly,ew,6,1975-06-30,0.0238631356831631
usa,short_term_reversal,monthly,ew,6,1975-07-31,0.0227813592151278
usa,short_term_reversal,monthly,ew,6,1975-08-31,0.0135469197977206
usa,short_term_reversal,monthly,ew,6,1975-09-30,0.00974105368712691
usa,short_term_reversal,monthly,ew,6,1975-10-31,0.00888112630757411
usa,short_term_reversal,monthly,ew,6,1975-11-30,-0.010982910274059
usa,short_term_reversal,monthly,ew,6,1975-12-31,0.0153562671865626
usa,short_term_reversal,monthly,ew,6,1976-01-31,0.018307266703161
usa,short_term_reversal,monthly,ew,6,1976-02-29,0.00115549061750707
usa,short_term_reversal,monthly,ew,6,1976-03-31,0.020238608275905
usa,short_term_reversal,monthly,ew,6,1976-04-30,0.0122721184053446
usa,short_term_reversal,monthly,ew,6,1976-05-31,-0.00145053957557679
usa,short_term_reversal,monthly,ew,6,1976-06-30,0.00351107955337053
usa,short_term_reversal,monthly,ew,6,1976-07-31,0.0138245081794491
usa,short_term_reversal,monthly,ew,6,1976-08-31,0.00312175565570093
usa,short_term_reversal,monthly,ew,6,1976-09-30,0.0019795019636027
usa,short_term_reversal,monthly,ew,6,1976-10-31,0.00152506494672008
usa,short_term_reversal,monthly,ew,6,1976-11-30,0.00711261770610033
usa,short_term_reversal,monthly,ew,6,1976-12-31,0.0239312991420597
usa,short_term_reversal,monthly,ew,6,1977-01-31,0.00189309309300852
usa,short_term_reversal,monthly,ew,6,1977-02-28,0.00288208766742796
usa,short_term_reversal,monthly,ew,6,1977-03-31,0.00815437575925314
usa,short_term_reversal,monthly,ew,6,1977-04-30,-0.000953364707225455
usa,short_term_reversal,monthly,ew,6,1977-05-31,0.00282262672304911
usa,short_term_reversal,monthly,ew,6,1977-06-30,-0.0101843231938516
usa,short_term_reversal,monthly,ew,6,1977-07-31,0.0129007576225616
usa,short_term_reversal,monthly,ew,6,1977-08-31,0.000319706595643743
usa,short_term_reversal,monthly,ew,6,1977-09-30,-0.0000278577094126715
usa,short_term_reversal,monthly,ew,6,1977-10-31,0.00744550861875713
usa,short_term_reversal,monthly,ew,6,1977-11-30,0.00381064861352299
usa,short_term_reversal,monthly,ew,6,1977-12-31,0.00308872030473153
usa,short_term_reversal,monthly,ew,6,1978-01-31,0.00524119668408779
usa,short_term_reversal,monthly,ew,6,1978-02-28,-0.00651675231673299
usa,short_term_reversal,monthly,ew,6,1978-03-31,-0.00966720810201743
usa,short_term_reversal,monthly,ew,6,1978-04-30,-0.00316392478293779
usa,short_term_reversal,monthly,ew,6,1978-05-31,0.00560696176950753
usa,short_term_reversal,monthly,ew,6,1978-06-30,0.0106855159728563
usa,short_term_reversal,monthly,ew,6,1978-07-31,0.00944658537296113
usa,short_term_reversal,monthly,ew,6,1978-08-31,0.0115679061311208
usa,short_term_reversal,monthly,ew,6,1978-09-30,0.0248766385937481
usa,short_term_reversal,monthly,ew,6,1978-10-31,0.0163363658692208
usa,short_term_reversal,monthly,ew,6,1978-11-30,0.0269463755675392
usa,short_term_reversal,monthly,ew,6,1978-12-31,-0.00258351551494159
usa,short_term_reversal,monthly,ew,6,1979-01-31,0.021264166175418
usa,short_term_reversal,monthly,ew,6,1979-02-28,0.00724821176692877
usa,short_term_reversal,monthly,ew,6,1979-03-31,-0.00534860584366487
usa,short_term_reversal,monthly,ew,6,1979-04-30,-0.00346244375395462
usa,short_term_reversal,monthly,ew,6,1979-05-31,0.0117927886302408
usa,short_term_reversal,monthly,ew,6,1979-06-30,-0.00249133494753783
usa,short_term_reversal,monthly,ew,6,1979-07-31,0.00579330891396502
usa,short_term_reversal,monthly,ew,6,1979-08-31,0.0200523100956474
usa,short_term_reversal,monthly,ew,6,1979-09-30,0.00274425455003366
usa,short_term_reversal,monthly,ew,6,1979-10-31,0.00053417911240713
usa,short_term_reversal,monthly,ew,6,1979-11-30,0.00401440033440241
usa,short_term_reversal,monthly,ew,6,1979-12-31,-0.00106041180718215
usa,short_term_reversal,monthly,ew,6,1980-01-31,-0.017767101626006
usa,short_term_reversal,monthly,ew,6,1980-02-29,-0.00777441154124965
usa,short_term_reversal,monthly,ew,6,1980-03-31,0.043083552386272
usa,short_term_reversal,monthly,ew,6,1980-04-30,0.00989676006568216
usa,short_term_reversal,monthly,ew,6,1980-05-31,0.0158505526859417
usa,short_term_reversal,monthly,ew,6,1980-06-30,0.00885249022621294
usa,short_term_reversal,monthly,ew,6,1980-07-31,0.018162736328237
usa,short_term_reversal,monthly,ew,6,1980-08-31,-0.00411398477749393
usa,short_term_reversal,monthly,ew,6,1980-09-30,0.00763521619251045
usa,short_term_reversal,monthly,ew,6,1980-10-31,-0.00542967298857239
usa,short_term_reversal,monthly,ew,6,1980-11-30,-0.0284004407662925
usa,short_term_reversal,monthly,ew,6,1980-12-31,0.0155540688229202
usa,short_term_reversal,monthly,ew,6,1981-01-31,0.00332685467064728
usa,short_term_reversal,monthly,ew,6,1981-02-28,-0.000573617325428295
usa,short_term_reversal,monthly,ew,6,1981-03-31,0.0104683893470182
usa,short_term_reversal,monthly,ew,6,1981-04-30,0.00366390562567027
usa,short_term_reversal,monthly,ew,6,1981-05-31,-0.0106477764852516
usa,short_term_reversal,monthly,ew,6,1981-06-30,0.020534113701814
usa,short_term_reversal,monthly,ew,6,1981-07-31,0.00692784671778228
usa,short_term_reversal,monthly,ew,6,1981-08-31,0.00312439230430706
usa,short_term_reversal,monthly,ew,6,1981-09-30,0.01229920427334
usa,short_term_reversal,monthly,ew,6,1981-10-31,0.0113841435383231
usa,short_term_reversal,monthly,ew,6,1981-11-30,0.0180447807716706
usa,short_term_reversal,monthly,ew,6,1981-12-31,0.0156847883138998
usa,short_term_reversal,monthly,ew,6,1982-01-31,0.0043492243452006
usa,short_term_reversal,monthly,ew,6,1982-02-28,0.00561415675799478
usa,short_term_reversal,monthly,ew,6,1982-03-31,0.00783932245007531
usa,short_term_reversal,monthly,ew,6,1982-04-30,0.00999881838599835
usa,short_term_reversal,monthly,ew,6,1982-05-31,0.00939417225628821
usa,short_term_reversal,monthly,ew,6,1982-06-30,0.00191742542021219
usa,short_term_reversal,monthly,ew,6,1982-07-31,0.00572129229459752
usa,short_term_reversal,monthly,ew,6,1982-08-31,0.0110324433235372
usa,short_term_reversal,monthly,ew,6,1982-09-30,0.0184993517908126
usa,short_term_reversal,monthly,ew,6,1982-10-31,0.0105671585411625
usa,short_term_reversal,monthly,ew,6,1982-11-30,0.00251581085884187
usa,short_term_reversal,monthly,ew,6,1982-12-31,0.010277059626331
usa,short_term_reversal,monthly,ew,6,1983-01-31,-0.00508841986169134
usa,short_term_reversal,monthly,ew,6,1983-02-28,0.0154964511259141
usa,short_term_reversal,monthly,ew,6,1983-03-31,0.00755520431297059
usa,short_term_reversal,monthly,ew,6,1983-04-30,-0.00251383764601079
usa,short_term_reversal,monthly,ew,6,1983-05-31,0.013254212400553
usa,short_term_reversal,monthly,ew,6,1983-06-30,0.00526546392249987
usa,short_term_reversal,monthly,ew,6,1983-07-31,0.0143429103032257
usa,short_term_reversal,monthly,ew,6,1983-08-31,-0.00208275811354472
usa,short_term_reversal,monthly,ew,6,1983-09-30,0.00813661189757415
usa,short_term_reversal,monthly,ew,6,1983-10-31,-0.00119156244541876
usa,short_term_reversal,monthly,ew,6,1983-11-30,0.030456838496307
usa,short_term_reversal,monthly,ew,6,1983-12-31,0.0125988584241901
usa,short_term_reversal,monthly,ew,6,1984-01-31,0.00489591977873898
usa,short_term_reversal,monthly,ew,6,1984-02-29,0.00675397739136297
usa,short_term_reversal,monthly,ew,6,1984-03-31,0.00511239006648269
usa,short_term_reversal,monthly,ew,6,1984-04-30,0.00651812640066114
usa,short_term_reversal,monthly,ew,6,1984-05-31,0.00864185684356266
usa,short_term_reversal,monthly,ew,6,1984-06-30,0.00897943897474511
usa,short_term_reversal,monthly,ew,6,1984-07-31,0.00183176054758298
usa,short_term_reversal,monthly,ew,6,1984-08-31,0.0172882365356157
usa,short_term_reversal,monthly,ew,6,1984-09-30,0.0125275326153501
usa,short_term_reversal,monthly,ew,6,1984-10-31,0.00115855306428065
usa,short_term_reversal,monthly,ew,6,1984-11-30,0.00250096127823565
usa,short_term_reversal,monthly,ew,6,1984-12-31,0.00887841432716499
usa,short_term_reversal,monthly,ew,6,1985-01-31,0.00609341831382218
usa,short_term_reversal,monthly,ew,6,1985-02-28,0.0083010951950879
usa,short_term_reversal,monthly,ew,6,1985-03-31,0.00837561986932694
usa,short_term_reversal,monthly,ew,6,1985-04-30,0.000333428457545903
usa,short_term_reversal,monthly,ew,6,1985-05-31,-0.00220221772517327
usa,short_term_reversal,monthly,ew,6,1985-06-30,-0.00884349200056761
usa,short_term_reversal,monthly,ew,6,1985-07-31,0.013648485512995
usa,short_term_reversal,monthly,ew,6,1985-08-31,-0.00108348537068641
usa,short_term_reversal,monthly,ew,6,1985-09-30,-0.000391048461348418
usa,short_term_reversal,monthly,ew,6,1985-10-31,0.00973944665738293
usa,short_term_reversal,monthly,ew,6,1985-11-30,0.00424443324953043
usa,short_term_reversal,monthly,ew,6,1985-12-31,0.001292725043515
usa,short_term_reversal,monthly,ew,6,1986-01-31,0.0130040314009467
usa,short_term_reversal,monthly,ew,6,1986-02-28,-0.000440634937368257
usa,short_term_reversal,monthly,ew,6,1986-03-31,0.0127376994055133
usa,short_term_reversal,monthly,ew,6,1986-04-30,0.00897157910379362
usa,short_term_reversal,monthly,ew,6,1986-05-31,0.000746328135957349
usa,short_term_reversal,monthly,ew,6,1986-06-30,-0.0121007619908303
usa,short_term_reversal,monthly,ew,6,1986-07-31,-0.00684708629987343
usa,short_term_reversal,monthly,ew,6,1986-08-31,0.00624806649780777
usa,short_term_reversal,monthly,ew,6,1986-09-30,-0.00110174286793967
usa,short_term_reversal,monthly,ew,6,1986-10-31,0.0155200279918502
usa,short_term_reversal,monthly,ew,6,1986-11-30,0.0052505719862797
usa,short_term_reversal,monthly,ew,6,1986-12-31,0.00442523965695409
usa,short_term_reversal,monthly,ew,6,1987-01-31,0.0116940838670294
usa,short_term_reversal,monthly,ew,6,1987-02-28,0.00390979670287838
usa,short_term_reversal,monthly,ew,6,1987-03-31,0.00694074042643134
usa,short_term_reversal,monthly,ew,6,1987-04-30,0.00257886714400576
usa,short_term_reversal,monthly,ew,6,1987-05-31,0.000716642551430324
usa,short_term_reversal,monthly,ew,6,1987-06-30,0.00305954844150058
usa,short_term_reversal,monthly,ew,6,1987-07-31,-0.00371932790133788
usa,short_term_reversal,monthly,ew,6,1987-08-31,0.0115417167743649
usa,short_term_reversal,monthly,ew,6,1987-09-30,0.00997550507111535
usa,short_term_reversal,monthly,ew,6,1987-10-31,0.0113998860419253
usa,short_term_reversal,monthly,ew,6,1987-11-30,0.0350914890285082
usa,short_term_reversal,monthly,ew,6,1987-12-31,0.026769715969918
usa,short_term_reversal,monthly,ew,6,1988-01-31,0.0171809255974068
usa,short_term_reversal,monthly,ew,6,1988-02-29,0.0155410606508326
usa,short_term_reversal,monthly,ew,6,1988-03-31,0.0152524838281684
usa,short_term_reversal,monthly,ew,6,1988-04-30,0.00591776407266365
usa,short_term_reversal,monthly,ew,6,1988-05-31,0.0112507929093972
usa,short_term_reversal,monthly,ew,6,1988-06-30,0.00137456076757751
usa,short_term_reversal,monthly,ew,6,1988-07-31,0.00723866243783989
usa,short_term_reversal,monthly,ew,6,1988-08-31,0.00230994458892488
usa,short_term_reversal,monthly,ew,6,1988-09-30,0.00770681762161963
usa,short_term_reversal,monthly,ew,6,1988-10-31,0.00459107402264712
usa,short_term_reversal,monthly,ew,6,1988-11-30,0.00778911353428496
usa,short_term_reversal,monthly,ew,6,1988-12-31,0.0121913976005708
usa,short_term_reversal,monthly,ew,6,1989-01-31,0.00795101965983961
usa,short_term_reversal,monthly,ew,6,1989-02-28,0.00876954090940398
usa,short_term_reversal,monthly,ew,6,1989-03-31,0.000636147851926291
usa,short_term_reversal,monthly,ew,6,1989-04-30,-0.00212305634486998
usa,short_term_reversal,monthly,ew,6,1989-05-31,-0.00328931319758175
usa,short_term_reversal,monthly,ew,6,1989-06-30,0.0102323170056564
usa,short_term_reversal,monthly,ew,6,1989-07-31,-0.00201972168382112
usa,short_term_reversal,monthly,ew,6,1989-08-31,0.000755911138838119
usa,short_term_reversal,monthly,ew,6,1989-09-30,0.00742300036331302
usa,short_term_reversal,monthly,ew,6,1989-10-31,-0.00484045028199754
usa,short_term_reversal,monthly,ew,6,1989-11-30,-0.0015985943421565
usa,short_term_reversal,monthly,ew,6,1989-12-31,0.00306612647169596
usa,short_term_reversal,monthly,ew,6,1990-01-31,0.0134102195188607
usa,short_term_reversal,monthly,ew,6,1990-02-28,0.0131654229533175
usa,short_term_reversal,monthly,ew,6,1990-03-31,0.00455958847741187
usa,short_term_reversal,monthly,ew,6,1990-04-30,-0.00541823988339709
usa,short_term_reversal,monthly,ew,6,1990-05-31,-0.00497699794807862
usa,short_term_reversal,monthly,ew,6,1990-06-30,-0.00126894389161169
usa,short_term_reversal,monthly,ew,6,1990-07-31,0.00957550358267053
usa,short_term_reversal,monthly,ew,6,1990-08-31,-0.00448801195408987
usa,short_term_reversal,monthly,ew,6,1990-09-30,0.00532364438508706
usa,short_term_reversal,monthly,ew,6,1990-10-31,0.0241458242897767
usa,short_term_reversal,monthly,ew,6,1990-11-30,0.0183696237166813
usa,short_term_reversal,monthly,ew,6,1990-12-31,0.0129927145632599
usa,short_term_reversal,monthly,ew,6,1991-01-31,-0.00596217472442092
usa,short_term_reversal,monthly,ew,6,1991-02-28,0.0118183500154985
usa,short_term_reversal,monthly,ew,6,1991-03-31,0.00656545095488868
usa,short_term_reversal,monthly,ew,6,1991-04-30,0.0195462832487718
usa,short_term_reversal,monthly,ew,6,1991-05-31,-0.00213801169337554
usa,short_term_reversal,monthly,ew,6,1991-06-30,0.0000782691431696105
usa,short_term_reversal,monthly,ew,6,1991-07-31,0.0206725128911645
usa,short_term_reversal,monthly,ew,6,1991-08-31,-0.00960698156831303
usa,short_term_reversal,monthly,ew,6,1991-09-30,0.00143681433571452
usa,short_term_reversal,monthly,ew,6,1991-10-31,-0.0090387043524269
usa,short_term_reversal,monthly,ew,6,1991-11-30,0.00805620613211787
usa,short_term_reversal,monthly,ew,6,1991-12-31,0.0228986722568187
usa,short_term_reversal,monthly,ew,6,1992-01-31,0.0031594485372545
usa,short_term_reversal,monthly,ew,6,1992-02-29,-0.0180514851774151
usa,short_term_reversal,monthly,ew,6,1992-03-31,0.00302219589682054
usa,short_term_reversal,monthly,ew,6,1992-04-30,-0.00909170602398035
usa,short_term_reversal,monthly,ew,6,1992-05-31,0.00151190122096672
usa,short_term_reversal,monthly,ew,6,1992-06-30,0.0057180894152424
usa,short_term_reversal,monthly,ew,6,1992-07-31,0.0076899972765033
usa,short_term_reversal,monthly,ew,6,1992-08-31,0.00533265368424599
usa,short_term_reversal,monthly,ew,6,1992-09-30,-0.00348442725503296
usa,short_term_reversal,monthly,ew,6,1992-10-31,0.00234179403323066
usa,short_term_reversal,monthly,ew,6,1992-11-30,-0.0179832923469124
usa,short_term_reversal,monthly,ew,6,1992-12-31,0.0118435874698849
usa,short_term_reversal,monthly,ew,6,1993-01-31,-0.000128297089083075
usa,short_term_reversal,monthly,ew,6,1993-02-28,0.00442195850473402
usa,short_term_reversal,monthly,ew,6,1993-03-31,0.00724160735759791
usa,short_term_reversal,monthly,ew,6,1993-04-30,0.00308692512105884
usa,short_term_reversal,monthly,ew,6,1993-05-31,-0.0046594437782717
usa,short_term_reversal,monthly,ew,6,1993-06-30,0.00746508241411231
usa,short_term_reversal,monthly,ew,6,1993-07-31,-0.000275640622272369
usa,short_term_reversal,monthly,ew,6,1993-08-31,0.00925069990352259
usa,short_term_reversal,monthly,ew,6,1993-09-30,0.00111710282739622
usa,short_term_reversal,monthly,ew,6,1993-10-31,0.00137865576310639
usa,short_term_reversal,monthly,ew,6,1993-11-30,0.00221244592129358
usa,short_term_reversal,monthly,ew,6,1993-12-31,0.0048371859018752
usa,short_term_reversal,monthly,ew,6,1994-01-31,0.00606340194666949
usa,short_term_reversal,monthly,ew,6,1994-02-28,0.000178308308572423
usa,short_term_reversal,monthly,ew,6,1994-03-31,0.00651772884840516
usa,short_term_reversal,monthly,ew,6,1994-04-30,0.00807284509938303
usa,short_term_reversal,monthly,ew,6,1994-05-31,-0.00106583121605283
usa,short_term_reversal,monthly,ew,6,1994-06-30,0.00164517751110143
usa,short_term_reversal,monthly,ew,6,1994-07-31,0.0114944451527185
usa,short_term_reversal,monthly,ew,6,1994-08-31,0.00471505648655269
usa,short_term_reversal,monthly,ew,6,1994-09-30,-0.00247214690699779
usa,short_term_reversal,monthly,ew,6,1994-10-31,-0.00366947430285142
usa,short_term_reversal,monthly,ew,6,1994-11-30,-0.0021555703642448
usa,short_term_reversal,monthly,ew,6,1994-12-31,0.0199416713443089
usa,short_term_reversal,monthly,ew,6,1995-01-31,0.00978656629665
usa,short_term_reversal,monthly,ew,6,1995-02-28,0.00117767339562057
usa,short_term_reversal,monthly,ew,6,1995-03-31,0.00221303125721108
usa,short_term_reversal,monthly,ew,6,1995-04-30,-0.0010278462748134
usa,short_term_reversal,monthly,ew,6,1995-05-31,-0.00340133834190346
usa,short_term_reversal,monthly,ew,6,1995-06-30,-0.00395372384092141
usa,short_term_reversal,monthly,ew,6,1995-07-31,-0.0116545150042593
usa,short_term_reversal,monthly,ew,6,1995-08-31,0.00334132879269468
usa,short_term_reversal,monthly,ew,6,1995-09-30,-0.00486515974648503
usa,short_term_reversal,monthly,ew,6,1995-10-31,0.00273040773174181
usa,short_term_reversal,monthly,ew,6,1995-11-30,0.000892898721933815
usa,short_term_reversal,monthly,ew,6,1995-12-31,0.00229708429098399
usa,short_term_reversal,monthly,ew,6,1996-01-31,0.00921735190385652
usa,short_term_reversal,monthly,ew,6,1996-02-29,-0.00247045766285607
usa,short_term_reversal,monthly,ew,6,1996-03-31,0.000289717478407811
usa,short_term_reversal,monthly,ew,6,1996-04-30,-0.00134933893094402
usa,short_term_reversal,monthly,ew,6,1996-05-31,-0.00901465071932343
usa,short_term_reversal,monthly,ew,6,1996-06-30,0.0211002846400883
usa,short_term_reversal,monthly,ew,6,1996-07-31,0.00623752529062924
usa,short_term_reversal,monthly,ew,6,1996-08-31,0.0113543252170432
usa,short_term_reversal,monthly,ew,6,1996-09-30,0.00206308913245064
usa,short_term_reversal,monthly,ew,6,1996-10-31,0.0105143445575686
usa,short_term_reversal,monthly,ew,6,1996-11-30,0.000810468108456853
usa,short_term_reversal,monthly,ew,6,1996-12-31,0.00739809556318498
usa,short_term_reversal,monthly,ew,6,1997-01-31,0.0139534702991772
usa,short_term_reversal,monthly,ew,6,1997-02-28,0.0114510125393215
usa,short_term_reversal,monthly,ew,6,1997-03-31,0.00287312983476258
usa,short_term_reversal,monthly,ew,6,1997-04-30,0.00337584865989011
usa,short_term_reversal,monthly,ew,6,1997-05-31,0.0188114605926312
usa,short_term_reversal,monthly,ew,6,1997-06-30,0.0045962572185661
usa,short_term_reversal,monthly,ew,6,1997-07-31,0.00968321188556621
usa,short_term_reversal,monthly,ew,6,1997-08-31,0.00448944440461129
usa,short_term_reversal,monthly,ew,6,1997-09-30,0.017225534442692
usa,short_term_reversal,monthly,ew,6,1997-10-31,0.0106630160810062
usa,short_term_reversal,monthly,ew,6,1997-11-30,-0.00092309377216039
usa,short_term_reversal,monthly,ew,6,1997-12-31,-0.00650061279248057
usa,short_term_reversal,monthly,ew,6,1998-01-31,0.019832647081531
usa,short_term_reversal,monthly,ew,6,1998-02-28,0.0112430624265117
usa,short_term_reversal,monthly,ew,6,1998-03-31,0.00211392679939623
usa,short_term_reversal,monthly,ew,6,1998-04-30,0.00272983167120273
usa,short_term_reversal,monthly,ew,6,1998-05-31,0.00628895302053007
usa,short_term_reversal,monthly,ew,6,1998-06-30,0.00573619728544764
usa,short_term_reversal,monthly,ew,6,1998-07-31,0.00693050451949415
usa,short_term_reversal,monthly,ew,6,1998-08-31,0.00857596369059895
usa,short_term_reversal,monthly,ew,6,1998-09-30,0.019394998512695
usa,short_term_reversal,monthly,ew,6,1998-10-31,0.0235028582794012
usa,short_term_reversal,monthly,ew,6,1998-11-30,0.00866678731780016
usa,short_term_reversal,monthly,ew,6,1998-12-31,0.0135131434439957
usa,short_term_reversal,monthly,ew,6,1999-01-31,-0.0203673101176128
usa,short_term_reversal,monthly,ew,6,1999-02-28,0.0110873567750097
usa,short_term_reversal,monthly,ew,6,1999-03-31,-0.00698307552294304
usa,short_term_reversal,monthly,ew,6,1999-04-30,0.00198055367676882
usa,short_term_reversal,monthly,ew,6,1999-05-31,0.0171350934212324
usa,short_term_reversal,monthly,ew,6,1999-06-30,0.00610364284285317
usa,short_term_reversal,monthly,ew,6,1999-07-31,0.0127790494089185
usa,short_term_reversal,monthly,ew,6,1999-08-31,-0.00108822106790839
usa,short_term_reversal,monthly,ew,6,1999-09-30,-0.00960174780234173
usa,short_term_reversal,monthly,ew,6,1999-10-31,0.0150233095158361
usa,short_term_reversal,monthly,ew,6,1999-11-30,-0.000164806382184487
usa,short_term_reversal,monthly,ew,6,1999-12-31,-0.0950636005380155
usa,short_term_reversal,monthly,ew,6,2000-01-31,-0.0324101881292162
usa,short_term_reversal,monthly,ew,6,2000-02-29,-0.125976300330416
usa,short_term_reversal,monthly,ew,6,2000-03-31,0.0684391560421582
usa,short_term_reversal,monthly,ew,6,2000-04-30,0.0482534792344329
usa,short_term_reversal,monthly,ew,6,2000-05-31,0.000739601504541102
usa,short_term_reversal,monthly,ew,6,2000-06-30,0.0181503969280235
usa,short_term_reversal,monthly,ew,6,2000-07-31,0.0562157772290569
usa,short_term_reversal,monthly,ew,6,2000-08-31,0.0151173569191286
usa,short_term_reversal,monthly,ew,6,2000-09-30,0.0131592309826336
usa,short_term_reversal,monthly,ew,6,2000-10-31,0.0131931471505154
usa,short_term_reversal,monthly,ew,6,2000-11-30,0.0160016353707432
usa,short_term_reversal,monthly,ew,6,2000-12-31,0.012329313298431
usa,short_term_reversal,monthly,ew,6,2001-01-31,0.0196846934810087
usa,short_term_reversal,monthly,ew,6,2001-02-28,0.0559702161766414
usa,short_term_reversal,monthly,ew,6,2001-03-31,-0.0220439916070661
usa,short_term_reversal,monthly,ew,6,2001-04-30,0.0427800853945191
usa,short_term_reversal,monthly,ew,6,2001-05-31,0.0114975819814797
usa,short_term_reversal,monthly,ew,6,2001-06-30,0.00826797928645519
usa,short_term_reversal,monthly,ew,6,2001-07-31,0.0224565446141651
usa,short_term_reversal,monthly,ew,6,2001-08-31,-0.00962081191566776
usa,short_term_reversal,monthly,ew,6,2001-09-30,-0.000397028637765732
usa,short_term_reversal,monthly,ew,6,2001-10-31,0.0325300878118222
usa,short_term_reversal,monthly,ew,6,2001-11-30,0.00533361290291314
usa,short_term_reversal,monthly,ew,6,2001-12-31,0.00125044934258509
usa,short_term_reversal,monthly,ew,6,2002-01-31,0.0171590877226173
usa,short_term_reversal,monthly,ew,6,2002-02-28,0.00500193214685038
usa,short_term_reversal,monthly,ew,6,2002-03-31,0.0130921875557459
usa,short_term_reversal,monthly,ew,6,2002-04-30,0.0117500188806177
usa,short_term_reversal,monthly,ew,6,2002-05-31,-0.0121025062586208
usa,short_term_reversal,monthly,ew,6,2002-06-30,-0.00212116596506621
usa,short_term_reversal,monthly,ew,6,2002-07-31,0.00765150840596338
usa,short_term_reversal,monthly,ew,6,2002-08-31,0.00776447945084203
usa,short_term_reversal,monthly,ew,6,2002-09-30,0.0119342334775798
usa,short_term_reversal,monthly,ew,6,2002-10-31,0.0238427341752048
usa,short_term_reversal,monthly,ew,6,2002-11-30,-0.030963805246913
usa,short_term_reversal,monthly,ew,6,2002-12-31,0.0495455586804722
usa,short_term_reversal,monthly,ew,6,2003-01-31,0.0021219472296543
usa,short_term_reversal,monthly,ew,6,2003-02-28,-0.00315772885635695
usa,short_term_reversal,monthly,ew,6,2003-03-31,0.000372766969164482
usa,short_term_reversal,monthly,ew,6,2003-04-30,-0.00533368150227419
usa,short_term_reversal,monthly,ew,6,2003-05-31,-0.0309697920803803
usa,short_term_reversal,monthly,ew,6,2003-06-30,-0.0126244695568441
usa,short_term_reversal,monthly,ew,6,2003-07-31,-0.00484097113151897
usa,short_term_reversal,monthly,ew,6,2003-08-31,-0.00667827964743945
usa,short_term_reversal,monthly,ew,6,2003-09-30,-0.00734384049576402
usa,short_term_reversal,monthly,ew,6,2003-10-31,-0.00724390694671724
usa,short_term_reversal,monthly,ew,6,2003-11-30,-0.00883947439855019
usa,short_term_reversal,monthly,ew,6,2003-12-31,0.000663224835593652
usa,short_term_reversal,monthly,ew,6,2004-01-31,0.00829093864622845
usa,short_term_reversal,monthly,ew,6,2004-02-29,0.010527404121066
usa,short_term_reversal,monthly,ew,6,2004-03-31,-0.014495356961513
usa,short_term_reversal,monthly,ew,6,2004-04-30,-0.0023943941360543
usa,short_term_reversal,monthly,ew,6,2004-05-31,0.00650634038054474
usa,short_term_reversal,monthly,ew,6,2004-06-30,0.00230446067902444
usa,short_term_reversal,monthly,ew,6,2004-07-31,0.00129497503192801
usa,short_term_reversal,monthly,ew,6,2004-08-31,0.00144626249481544
usa,short_term_reversal,monthly,ew,6,2004-09-30,0.00446607289159565
usa,short_term_reversal,monthly,ew,6,2004-10-31,-0.000466311098870835
usa,short_term_reversal,monthly,ew,6,2004-11-30,0.00736341958981218
usa,short_term_reversal,monthly,ew,6,2004-12-31,0.0000139522987348088
usa,short_term_reversal,monthly,ew,6,2005-01-31,0.0193507181395234
usa,short_term_reversal,monthly,ew,6,2005-02-28,-0.00363435215647289
usa,short_term_reversal,monthly,ew,6,2005-03-31,-0.00390241221747126
usa,short_term_reversal,monthly,ew,6,2005-04-30,0.00240224437971583
usa,short_term_reversal,monthly,ew,6,2005-05-31,0.0067280194695726
usa,short_term_reversal,monthly,ew,6,2005-06-30,0.00243684394407641
usa,short_term_reversal,monthly,ew,6,2005-07-31,0.00547744264348371
usa,short_term_reversal,monthly,ew,6,2005-08-31,-0.00370946945615699
usa,short_term_reversal,monthly,ew,6,2005-09-30,-0.00875788628698622
usa,short_term_reversal,monthly,ew,6,2005-10-31,0.00470108940574571
usa,short_term_reversal,monthly,ew,6,2005-11-30,-0.00155939246427346
usa,short_term_reversal,monthly,ew,6,2005-12-31,-0.00606260625244717
usa,short_term_reversal,monthly,ew,6,2006-01-31,-0.0054250968527562
usa,short_term_reversal,monthly,ew,6,2006-02-28,0.00288540052738189
usa,short_term_reversal,monthly,ew,6,2006-03-31,-0.00868083785576045
usa,short_term_reversal,monthly,ew,6,2006-04-30,-0.00557219272372052
usa,short_term_reversal,monthly,ew,6,2006-05-31,-0.000386738261825329
usa,short_term_reversal,monthly,ew,6,2006-06-30,-0.00344535786883799
usa,short_term_reversal,monthly,ew,6,2006-07-31,0.0061022309293904
usa,short_term_reversal,monthly,ew,6,2006-08-31,0.00903960764400869
usa,short_term_reversal,monthly,ew,6,2006-09-30,0.00147078722321247
usa,short_term_reversal,monthly,ew,6,2006-10-31,0.0000340486070681857
usa,short_term_reversal,monthly,ew,6,2006-11-30,-0.000118078707343428
usa,short_term_reversal,monthly,ew,6,2006-12-31,0.00918284116551624
usa,short_term_reversal,monthly,ew,6,2007-01-31,-0.00211957627364187
usa,short_term_reversal,monthly,ew,6,2007-02-28,-0.000460303355608822
usa,short_term_reversal,monthly,ew,6,2007-03-31,-0.0132269617321019
usa,short_term_reversal,monthly,ew,6,2007-04-30,-0.009577288926353
usa,short_term_reversal,monthly,ew,6,2007-05-31,0.00155570028259588
usa,short_term_reversal,monthly,ew,6,2007-06-30,-0.00482987557884188
usa,short_term_reversal,monthly,ew,6,2007-07-31,-0.00837239756089783
usa,short_term_reversal,monthly,ew,6,2007-08-31,-0.000977289648688906
usa,short_term_reversal,monthly,ew,6,2007-09-30,0.00238929070120526
usa,short_term_reversal,monthly,ew,6,2007-10-31,-0.0130418031118424
usa,short_term_reversal,monthly,ew,6,2007-11-30,0.00165884597012512
usa,short_term_reversal,monthly,ew,6,2007-12-31,0.00125158646881204
usa,short_term_reversal,monthly,ew,6,2008-01-31,0.0120528409151581
usa,short_term_reversal,monthly,ew,6,2008-02-29,0.0194972947186411
usa,short_term_reversal,monthly,ew,6,2008-03-31,0.0000776210062485392
usa,short_term_reversal,monthly,ew,6,2008-04-30,0.0149421918681975
usa,short_term_reversal,monthly,ew,6,2008-05-31,-0.0124197256326824
usa,short_term_reversal,monthly,ew,6,2008-06-30,-0.0188747177722731
usa,short_term_reversal,monthly,ew,6,2008-07-31,0.0389167654379809
usa,short_term_reversal,monthly,ew,6,2008-08-31,0.00366261083754724
usa,short_term_reversal,monthly,ew,6,2008-09-30,-0.000300150956733682
usa,short_term_reversal,monthly,ew,6,2008-10-31,0.00994086914826116
usa,short_term_reversal,monthly,ew,6,2008-11-30,-0.00663732084938999
usa,short_term_reversal,monthly,ew,6,2008-12-31,0.0377286666860351
usa,short_term_reversal,monthly,ew,6,2009-01-31,-0.00964031627913718
usa,short_term_reversal,monthly,ew,6,2009-02-28,-0.00110950987154406
usa,short_term_reversal,monthly,ew,6,2009-03-31,0.0176549200879448
usa,short_term_reversal,monthly,ew,6,2009-04-30,-0.0222152361294066
usa,short_term_reversal,monthly,ew,6,2009-05-31,-0.018117861174042
usa,short_term_reversal,monthly,ew,6,2009-06-30,0.00733871041250851
usa,short_term_reversal,monthly,ew,6,2009-07-31,0.0194743434830825
usa,short_term_reversal,monthly,ew,6,2009-08-31,-0.0124654626551975
usa,short_term_reversal,monthly,ew,6,2009-09-30,0.00369778593217881
usa,short_term_reversal,monthly,ew,6,2009-10-31,0.0199371693828025
usa,short_term_reversal,monthly,ew,6,2009-11-30,-0.00662109589120434
usa,short_term_reversal,monthly,ew,6,2009-12-31,0.0022876012640124
usa,short_term_reversal,monthly,ew,6,2010-01-31,0.00697032198752797
usa,short_term_reversal,monthly,ew,6,2010-02-28,0.00846576272581821
usa,short_term_reversal,monthly,ew,6,2010-03-31,0.0164474394271583
usa,short_term_reversal,monthly,ew,6,2010-04-30,0.00798066406425046
usa,short_term_reversal,monthly,ew,6,2010-05-31,0.00529926282832896
usa,short_term_reversal,monthly,ew,6,2010-06-30,-0.00713198399461248
usa,short_term_reversal,monthly,ew,6,2010-07-31,0.00925714741830632
usa,short_term_reversal,monthly,ew,6,2010-08-31,0.0145162883288071
usa,short_term_reversal,monthly,ew,6,2010-09-30,0.0124707950273207
usa,short_term_reversal,monthly,ew,6,2010-10-31,0.00739870482209248
usa,short_term_reversal,monthly,ew,6,2010-11-30,-0.00157185598135305
usa,short_term_reversal,monthly,ew,6,2010-12-31,0.00177875728673861
usa,short_term_reversal,monthly,ew,6,2011-01-31,0.00472435840749414
usa,short_term_reversal,monthly,ew,6,2011-02-28,-0.00178232261045795
usa,short_term_reversal,monthly,ew,6,2011-03-31,-0.00558916994527148
usa,short_term_reversal,monthly,ew,6,2011-04-30,0.0000106575082170878
usa,short_term_reversal,monthly,ew,6,2011-05-31,0.000602540652761729
usa,short_term_reversal,monthly,ew,6,2011-06-30,0.0010269280832828
usa,short_term_reversal,monthly,ew,6,2011-07-31,0.007156868894087
usa,short_term_reversal,monthly,ew,6,2011-08-31,0.00562941551542784
usa,short_term_reversal,monthly,ew,6,2011-09-30,-0.0154432036083158
usa,short_term_reversal,monthly,ew,6,2011-10-31,0.0218925802880055
usa,short_term_reversal,monthly,ew,6,2011-11-30,0.00394107696696139
usa,short_term_reversal,monthly,ew,6,2011-12-31,0.00624512995523127
usa,short_term_reversal,monthly,ew,6,2012-01-31,0.0160659635586543
usa,short_term_reversal,monthly,ew,6,2012-02-29,-0.00289514860758356
usa,short_term_reversal,monthly,ew,6,2012-03-31,0.0014154661279327
usa,short_term_reversal,monthly,ew,6,2012-04-30,-0.00586445137442265
usa,short_term_reversal,monthly,ew,6,2012-05-31,-0.00227861821462459
usa,short_term_reversal,monthly,ew,6,2012-06-30,0.00376544902309815
usa,short_term_reversal,monthly,ew,6,2012-07-31,0.0109327083028162
usa,short_term_reversal,monthly,ew,6,2012-08-31,-0.000849115819435466
usa,short_term_reversal,monthly,ew,6,2012-09-30,-0.0011658751792578
usa,short_term_reversal,monthly,ew,6,2012-10-31,0.00597281190040021
usa,short_term_reversal,monthly,ew,6,2012-11-30,-0.000815951052297333
usa,short_term_reversal,monthly,ew,6,2012-12-31,0.000686342564565058
usa,short_term_reversal,monthly,ew,6,2013-01-31,0.00931271502147792
usa,short_term_reversal,monthly,ew,6,2013-02-28,-0.0105057675801065
usa,short_term_reversal,monthly,ew,6,2013-03-31,-0.00943879225097903
usa,short_term_reversal,monthly,ew,6,2013-04-30,-0.00864503437994737
usa,short_term_reversal,monthly,ew,6,2013-05-31,-0.00153442409822943
usa,short_term_reversal,monthly,ew,6,2013-06-30,0.00135701079702259
usa,short_term_reversal,monthly,ew,6,2013-07-31,0.0126548200769094
usa,short_term_reversal,monthly,ew,6,2013-08-31,0.00604556441449632
usa,short_term_reversal,monthly,ew,6,2013-09-30,-0.0013380263120468
usa,short_term_reversal,monthly,ew,6,2013-10-31,-0.00035018087186369
usa,short_term_reversal,monthly,ew,6,2013-11-30,-0.00166210388231559
usa,short_term_reversal,monthly,ew,6,2013-12-31,-0.00064081095792211
usa,short_term_reversal,monthly,ew,6,2014-01-31,-0.00306199163548932
usa,short_term_reversal,monthly,ew,6,2014-02-28,-0.00985005014148898
usa,short_term_reversal,monthly,ew,6,2014-03-31,0.00671760262938782
usa,short_term_reversal,monthly,ew,6,2014-04-30,0.00573536332777742
usa,short_term_reversal,monthly,ew,6,2014-05-31,-0.00165917632356413
usa,short_term_reversal,monthly,ew,6,2014-06-30,0.00478722011069825
usa,short_term_reversal,monthly,ew,6,2014-07-31,0.0111002194149046
usa,short_term_reversal,monthly,ew,6,2014-08-31,0.00812838157560096
usa,short_term_reversal,monthly,ew,6,2014-09-30,-0.0100031230435528
usa,short_term_reversal,monthly,ew,6,2014-10-31,0.00269937642444187
usa,short_term_reversal,monthly,ew,6,2014-11-30,0.000865389733573591
usa,short_term_reversal,monthly,ew,6,2014-12-31,-0.00748910469217858
usa,short_term_reversal,monthly,ew,6,2015-01-31,0.000291772795187942
usa,short_term_reversal,monthly,ew,6,2015-02-28,0.00958912382601947
usa,short_term_reversal,monthly,ew,6,2015-03-31,0.00551270578907667
usa,short_term_reversal,monthly,ew,6,2015-04-30,0.00474185708597354
usa,short_term_reversal,monthly,ew,6,2015-05-31,0.0127270562753398
usa,short_term_reversal,monthly,ew,6,2015-06-30,-0.0118547124347208
usa,short_term_reversal,monthly,ew,6,2015-07-31,-0.012743743349118
usa,short_term_reversal,monthly,ew,6,2015-08-31,0.00913589661795532
usa,short_term_reversal,monthly,ew,6,2015-09-30,0.00648097576555456
usa,short_term_reversal,monthly,ew,6,2015-10-31,0.00375848627293342
usa,short_term_reversal,monthly,ew,6,2015-11-30,-0.00195769272564905
usa,short_term_reversal,monthly,ew,6,2015-12-31,0.00684936514361016
usa,short_term_reversal,monthly,ew,6,2016-01-31,-0.000864293202547925
usa,short_term_reversal,monthly,ew,6,2016-02-29,0.00627788655522982
usa,short_term_reversal,monthly,ew,6,2016-03-31,0.00613100313628318
usa,short_term_reversal,monthly,ew,6,2016-04-30,-0.0265081876460895
usa,short_term_reversal,monthly,ew,6,2016-05-31,0.00889131446542817
usa,short_term_reversal,monthly,ew,6,2016-06-30,0.0131128365454382
usa,short_term_reversal,monthly,ew,6,2016-07-31,0.00499397544790077
usa,short_term_reversal,monthly,ew,6,2016-08-31,0.00208120289180582
usa,short_term_reversal,monthly,ew,6,2016-09-30,0.002230048431817
usa,short_term_reversal,monthly,ew,6,2016-10-31,0.00454498318878344
usa,short_term_reversal,monthly,ew,6,2016-11-30,0.00658002033412034
usa,short_term_reversal,monthly,ew,6,2016-12-31,-0.00787168401561117
usa,short_term_reversal,monthly,ew,6,2017-01-31,0.00763193778146949
usa,short_term_reversal,monthly,ew,6,2017-02-28,-0.00592035825706872
usa,short_term_reversal,monthly,ew,6,2017-03-31,-0.0147623086991324
usa,short_term_reversal,monthly,ew,6,2017-04-30,-0.00153143709588634
usa,short_term_reversal,monthly,ew,6,2017-05-31,-0.00609056673169899
usa,short_term_reversal,monthly,ew,6,2017-06-30,0.00544616215078003
usa,short_term_reversal,monthly,ew,6,2017-07-31,0.00710645418991415
usa,short_term_reversal,monthly,ew,6,2017-08-31,0.00726108384777264
usa,short_term_reversal,monthly,ew,6,2017-09-30,-0.00187439796914472
usa,short_term_reversal,monthly,ew,6,2017-10-31,0.00112136160657575
usa,short_term_reversal,monthly,ew,6,2017-11-30,0.00489334540648938
usa,short_term_reversal,monthly,ew,6,2017-12-31,-0.00867808225257024
usa,short_term_reversal,monthly,ew,6,2018-01-31,0.0114846427614928
usa,short_term_reversal,monthly,ew,6,2018-02-28,0.00332417330287917
usa,short_term_reversal,monthly,ew,6,2018-03-31,0.000380714843406832
usa,short_term_reversal,monthly,ew,6,2018-04-30,0.00274009895506095
usa,short_term_reversal,monthly,ew,6,2018-05-31,0.0036880853413004
usa,short_term_reversal,monthly,ew,6,2018-06-30,-0.00472179782510282
usa,short_term_reversal,monthly,ew,6,2018-07-31,0.0133376742356509
usa,short_term_reversal,monthly,ew,6,2018-08-31,0.011023864228287
usa,short_term_reversal,monthly,ew,6,2018-09-30,-0.00643892872174014
usa,short_term_reversal,monthly,ew,6,2018-10-31,0.00470716207703408
usa,short_term_reversal,monthly,ew,6,2018-11-30,0.00657738011989179
usa,short_term_reversal,monthly,ew,6,2018-12-31,-0.0074118528113679
usa,short_term_reversal,monthly,ew,6,2019-01-31,-0.00092952243555892
usa,short_term_reversal,monthly,ew,6,2019-02-28,-0.00082637865631779
usa,short_term_reversal,monthly,ew,6,2019-03-31,-0.00467879224564791
usa,short_term_reversal,monthly,ew,6,2019-04-30,0.0101762143881004
usa,short_term_reversal,monthly,ew,6,2019-05-31,0.00483459753182832
usa,short_term_reversal,monthly,ew,6,2019-06-30,-0.00320564334034757
usa,short_term_reversal,monthly,ew,6,2019-07-31,-0.00287304603567728
usa,short_term_reversal,monthly,ew,6,2019-08-31,0.000641415294942624
usa,short_term_reversal,monthly,ew,6,2019-09-30,0.0171883915408064
usa,short_term_reversal,monthly,ew,6,2019-10-31,0.00459272933205957
usa,short_term_reversal,monthly,ew,6,2019-11-30,-0.0105726144135122
usa,short_term_reversal,monthly,ew,6,2019-12-31,-0.0138082298182538
usa,short_term_reversal,monthly,ew,6,2020-01-31,0.0127257880172184
usa,short_term_reversal,monthly,ew,6,2020-02-29,-0.0253229302387626
usa,short_term_reversal,monthly,ew,6,2020-03-31,-0.00529980835735843
usa,short_term_reversal,monthly,ew,6,2020-04-30,0.0370437290161476
usa,short_term_reversal,monthly,ew,6,2020-05-31,-0.000472753045011253
usa,short_term_reversal,monthly,ew,6,2020-06-30,-0.00205401831000722
usa,short_term_reversal,monthly,ew,6,2020-07-31,-0.00215547311158523
usa,short_term_reversal,monthly,ew,6,2020-08-31,0.024863597044638
usa,short_term_reversal,monthly,ew,6,2020-09-30,0.00311653342877304
usa,short_term_reversal,monthly,ew,6,2020-10-31,0.0167892404448427
usa,short_term_reversal,monthly,ew,6,2020-11-30,-0.00819329884044451
usa,short_term_reversal,monthly,ew,6,2020-12-31,-0.0163542081533227
usa,short_term_reversal,monthly,ew,6,2021-01-31,-0.0672572745569499
usa,short_term_reversal,monthly,ew,6,2021-02-28,-0.007010734312887
usa,short_term_reversal,monthly,ew,6,2021-03-31,0.0159044514848327
usa,short_term_reversal,monthly,ew,6,2021-04-30,0.00540056172747773
usa,short_term_reversal,monthly,ew,6,2021-05-31,0.000071799350158674
usa,short_term_reversal,monthly,ew,6,2021-06-30,0.008727142726782
usa,short_term_reversal,monthly,ew,6,2021-07-31,0.0254004140416792
usa,short_term_reversal,monthly,ew,6,2021-08-31,-0.00656269226748265
usa,short_term_reversal,monthly,ew,6,2021-09-30,-0.00133110791799377
usa,short_term_reversal,monthly,ew,6,2021-10-31,-0.000355135797546986
usa,short_term_reversal,monthly,ew,6,2021-11-30,0.00336891780695663
usa,short_term_reversal,monthly,ew,6,2021-12-31,0.00244320516122719
usa,short_term_reversal,monthly,ew,6,2022-01-31,0.00682800859382947
usa,short_term_reversal,monthly,ew,6,2022-02-28,-0.00525792226004694
usa,short_term_reversal,monthly,ew,6,2022-03-31,-0.00430506141875666
usa,short_term_reversal,monthly,ew,6,2022-04-30,0.0270310325019044
usa,short_term_reversal,monthly,ew,6,2022-05-31,0.000845202774545301
usa,short_term_reversal,monthly,ew,6,2022-06-30,0.00113327349570143
usa,short_term_reversal,monthly,ew,6,2022-07-31,0.0170351582696744
usa,short_term_reversal,monthly,ew,6,2022-08-31,-0.00049660665854359
usa,short_term_reversal,monthly,ew,6,2022-09-30,0.011426683810126
usa,short_term_reversal,monthly,ew,6,2022-10-31,0.0151826999398314
usa,short_term_reversal,monthly,ew,6,2022-11-30,-0.00231534688717532
usa,short_term_reversal,monthly,ew,6,2022-12-31,-0.00233600258678209
usa,short_term_reversal,monthly,ew,6,2023-01-31,0.0300468558119371
usa,short_term_reversal,monthly,ew,6,2023-02-28,0.0288698025432905
usa,short_term_reversal,monthly,ew,6,2023-03-31,-0.00846492257066748
usa,short_term_reversal,monthly,ew,6,2023-04-30,-0.00360143063231718
usa,short_term_reversal,monthly,ew,6,2023-05-31,0.0205441455989049
usa,short_term_reversal,monthly,ew,6,2023-06-30,0.00620768347253494
usa,short_term_reversal,monthly,ew,6,2023-07-31,-0.0133046988046216
usa,short_term_reversal,monthly,ew,6,2023-08-31,0.0267823885520994
usa,short_term_reversal,monthly,ew,6,2023-09-30,-0.0148799124548814
usa,short_term_reversal,monthly,ew,6,2023-10-31,-0.0147201839584518
usa,short_term_reversal,monthly,ew,6,2023-11-30,0.0293085103862321
usa,short_term_reversal,monthly,ew,6,2023-12-31,-0.0125635469394601
usa,short_term_reversal,monthly,ew,6,2024-01-31,0.0111258986639953
usa,short_term_reversal,monthly,ew,6,2024-02-29,-0.00138192981791199
usa,short_term_reversal,monthly,ew,6,2024-03-31,0.0133216844790961
usa,short_term_reversal,monthly,ew,6,2024-04-30,-0.014156555537413
usa,short_term_reversal,monthly,ew,6,2024-05-31,0.0236430628980269
usa,short_term_reversal,monthly,ew,6,2024-06-30,0.0173973872776762
usa,short_term_reversal,monthly,ew,6,2024-07-31,0.0220999561648301
usa,short_term_reversal,monthly,ew,6,2024-08-31,0.00382783341160818
usa,short_term_reversal,monthly,ew,6,2024-09-30,0.000234067475577468
usa,short_term_reversal,monthly,ew,6,2024-10-31,-0.0219590952899128
usa,short_term_reversal,monthly,ew,6,2024-11-30,-0.013730159022435
usa,short_term_reversal,monthly,ew,6,2024-12-31,-0.0142800555081716
usa,size,monthly,ew,2,1926-01-31,0.0449419626094691
usa,size,monthly,ew,2,1926-02-28,-0.0168609082304061
usa,size,monthly,ew,2,1926-03-31,-0.0560044095261764
usa,size,monthly,ew,4,1926-04-30,-0.0072797197961884
usa,size,monthly,ew,4,1926-05-31,-0.0169363087052999
usa,size,monthly,ew,4,1926-06-30,-0.0115005351095552
usa,size,monthly,ew,4,1926-07-31,-0.0184007406032279
usa,size,monthly,ew,4,1926-08-31,0.0101457193412286
usa,size,monthly,ew,4,1926-09-30,-0.00751105863344822
usa,size,monthly,ew,4,1926-10-31,0.00104620617748339
usa,size,monthly,ew,4,1926-11-30,-0.0209324821903982
usa,size,monthly,ew,4,1926-12-31,-0.00899888955694009
usa,size,monthly,ew,4,1927-01-31,0.0128492511594723
usa,size,monthly,ew,4,1927-02-28,-0.00219815968330776
usa,size,monthly,ew,4,1927-03-31,-0.0300874266723767
usa,size,monthly,ew,4,1927-04-30,0.000461502129067747
usa,size,monthly,ew,4,1927-05-31,-0.00321854067982007
usa,size,monthly,ew,4,1927-06-30,0.00899265995661217
usa,size,monthly,ew,4,1927-07-31,-0.0142843798733081
usa,size,monthly,ew,4,1927-08-31,-0.00778629176379182
usa,size,monthly,ew,4,1927-09-30,-0.0375595656539209
usa,size,monthly,ew,4,1927-10-31,0.00153723224305656
usa,size,monthly,ew,4,1927-11-30,0.0476787960555129
usa,size,monthly,ew,4,1927-12-31,-0.00183310695221625
usa,size,monthly,ew,4,1928-01-31,0.0478508205492682
usa,size,monthly,ew,4,1928-02-29,0.00705413956603353
usa,size,monthly,ew,4,1928-03-31,-0.0151944104511869
usa,size,monthly,ew,4,1928-04-30,0.088400242082168
usa,size,monthly,ew,4,1928-05-31,0.0420045474364949
usa,size,monthly,ew,4,1928-06-30,-0.036936051414148
usa,size,monthly,ew,4,1928-07-31,-0.0243908939955521
usa,size,monthly,ew,4,1928-08-31,-0.035798610558678
usa,size,monthly,ew,4,1928-09-30,0.0170299757203254
usa,size,monthly,ew,4,1928-10-31,0.000769789865081623
usa,size,monthly,ew,4,1928-11-30,0.00330590157112696
usa,size,monthly,ew,4,1928-12-31,-0.0347541471306368
usa,size,monthly,ew,4,1929-01-31,-0.0220004471221893
usa,size,monthly,ew,4,1929-02-28,0.00660925240606422
usa,size,monthly,ew,4,1929-03-31,-0.0156965630610421
usa,size,monthly,ew,4,1929-04-30,-0.00955263185600401
usa,size,monthly,ew,4,1929-05-31,-0.0473082773615894
usa,size,monthly,ew,4,1929-06-30,-0.0544780260017186
usa,size,monthly,ew,4,1929-07-31,-0.0257267289337445
usa,size,monthly,ew,4,1929-08-31,-0.062921145019689
usa,size,monthly,ew,4,1929-09-30,-0.0114201396199815
usa,size,monthly,ew,4,1929-10-31,-0.000963717141074905
usa,size,monthly,ew,4,1929-11-30,0.0067520601154456
usa,size,monthly,ew,4,1929-12-31,-0.0911227432733717
usa,size,monthly,ew,4,1930-01-31,0.0894440164795379
usa,size,monthly,ew,4,1930-02-28,0.0123630245597563
usa,size,monthly,ew,4,1930-03-31,0.0612147096524611
usa,size,monthly,ew,4,1930-04-30,-0.0179776159469081
usa,size,monthly,ew,4,1930-05-31,-0.0298336345153932
usa,size,monthly,ew,4,1930-06-30,-0.0241222975205222
usa,size,monthly,ew,4,1930-07-31,-0.0197619778069684
usa,size,monthly,ew,4,1930-08-31,-0.0318155168928411
usa,size,monthly,ew,4,1930-09-30,-0.0246947556149729
usa,size,monthly,ew,4,1930-10-31,0.0133243753858917
usa,size,monthly,ew,4,1930-11-30,-0.00558885622609811
usa,size,monthly,ew,4,1930-12-31,-0.0793932985117445
usa,size,monthly,ew,4,1931-01-31,0.112581584260528
usa,size,monthly,ew,4,1931-02-28,0.0636018710921373
usa,size,monthly,ew,4,1931-03-31,0.0129215959470108
usa,size,monthly,ew,4,1931-04-30,-0.0494695499038785
usa,size,monthly,ew,4,1931-05-31,0.0182288782192144
usa,size,monthly,ew,4,1931-06-30,0.031969500691915
usa,size,monthly,ew,4,1931-07-31,0.0104967298234841
usa,size,monthly,ew,4,1931-08-31,-0.0419877571000073
usa,size,monthly,ew,4,1931-09-30,-0.00972098121070496
usa,size,monthly,ew,4,1931-10-31,0.0127867374136667
usa,size,monthly,ew,4,1931-11-30,0.0140831545974507
usa,size,monthly,ew,4,1931-12-31,-0.0742526870691968
usa,size,monthly,ew,4,1932-01-31,0.127027859347385
usa,size,monthly,ew,4,1932-02-29,-0.0400681902026077
usa,size,monthly,ew,4,1932-03-31,-0.008406105577606
usa,size,monthly,ew,4,1932-04-30,-0.00504171677377183
usa,size,monthly,ew,4,1932-05-31,0.0738382206523898
usa,size,monthly,ew,4,1932-06-30,0.0109306527394088
usa,size,monthly,ew,4,1932-07-31,0.121710500187334
usa,size,monthly,ew,4,1932-08-31,0.478888040211185
usa,size,monthly,ew,4,1932-09-30,-0.0700135920732654
usa,size,monthly,ew,4,1932-10-31,-0.0420394948488878
usa,size,monthly,ew,4,1932-11-30,-0.0278952611029914
usa,size,monthly,ew,4,1932-12-31,-0.12456325210099
usa,size,monthly,ew,4,1933-01-31,0.0232261625552007
usa,size,monthly,ew,4,1933-02-28,0.00904907150125605
usa,size,monthly,ew,4,1933-03-31,0.0580598818098777
usa,size,monthly,ew,4,1933-04-30,0.14137925603804
usa,size,monthly,ew,4,1933-05-31,0.670812069797265
usa,size,monthly,ew,4,1933-06-30,0.144132983496303
usa,size,monthly,ew,4,1933-07-31,0.0356520101647063
usa,size,monthly,ew,4,1933-08-31,-0.0731180603979996
usa,size,monthly,ew,4,1933-09-30,-0.0743619087467748
usa,size,monthly,ew,4,1933-10-31,-0.029158739154476
usa,size,monthly,ew,4,1933-11-30,-0.0532281176608671
usa,size,monthly,ew,4,1933-12-31,-0.0113655628956718
usa,size,monthly,ew,4,1934-01-31,0.319341113480281
usa,size,monthly,ew,4,1934-02-28,0.0716174482058517
usa,size,monthly,ew,4,1934-03-31,-0.00658531233282384
usa,size,monthly,ew,4,1934-04-30,0.0365064699256053
usa,size,monthly,ew,4,1934-05-31,-0.0516082780487579
usa,size,monthly,ew,4,1934-06-30,-0.0532933536067038
usa,size,monthly,ew,4,1934-07-31,-0.0921668479055441
usa,size,monthly,ew,4,1934-08-31,0.0484742966902792
usa,size,monthly,ew,4,1934-09-30,-0.0139600888560795
usa,size,monthly,ew,4,1934-10-31,-0.0190345433875091
usa,size,monthly,ew,4,1934-11-30,0.0534954405632536
usa,size,monthly,ew,4,1934-12-31,0.00339213038020614
usa,size,monthly,ew,4,1935-01-31,0.0204599162868839
usa,size,monthly,ew,4,1935-02-28,-0.0806134116665427
usa,size,monthly,ew,4,1935-03-31,-0.0494856256097873
usa,size,monthly,ew,4,1935-04-30,0.0352347977039429
usa,size,monthly,ew,4,1935-05-31,-0.00474245157775433
usa,size,monthly,ew,4,1935-06-30,-0.0611345946563856
usa,size,monthly,ew,4,1935-07-31,0.073860989427369
usa,size,monthly,ew,4,1935-08-31,0.124693615305472
usa,size,monthly,ew,4,1935-09-30,-0.00253677101859134
usa,size,monthly,ew,4,1935-10-31,0.026841258975743
usa,size,monthly,ew,4,1935-11-30,0.180859509879421
usa,size,monthly,ew,4,1935-12-31,0.00160154523357466
usa,size,monthly,ew,4,1936-01-31,0.172466791046715
usa,size,monthly,ew,4,1936-02-29,0.0273915194687821
usa,size,monthly,ew,4,1936-03-31,0.00133962384388418
usa,size,monthly,ew,4,1936-04-30,-0.0657896381996216
usa,size,monthly,ew,4,1936-05-31,0.00272274858758795
usa,size,monthly,ew,4,1936-06-30,-0.023996451216562
usa,size,monthly,ew,4,1936-07-31,0.0173809923567799
usa,size,monthly,ew,4,1936-08-31,0.00298138326313536
usa,size,monthly,ew,4,1936-09-30,0.0344293239395007
usa,size,monthly,ew,4,1936-10-31,0.00864966058975397
usa,size,monthly,ew,4,1936-11-30,0.0876891448569034
usa,size,monthly,ew,4,1936-12-31,0.0333468256313399
usa,size,monthly,ew,4,1937-01-31,0.072481200031312
usa,size,monthly,ew,4,1937-02-28,0.0070287465378857
usa,size,monthly,ew,4,1937-03-31,-0.00308186271712024
usa,size,monthly,ew,4,1937-04-30,-0.0363740479408021
usa,size,monthly,ew,4,1937-05-31,-0.0176039838964552
usa,size,monthly,ew,4,1937-06-30,-0.0509182274950289
usa,size,monthly,ew,4,1937-07-31,0.0102819607721109
usa,size,monthly,ew,4,1937-08-31,-0.0109652268900414
usa,size,monthly,ew,4,1937-09-30,-0.047860022596595
usa,size,monthly,ew,4,1937-10-31,0.00645001142005503
usa,size,monthly,ew,4,1937-11-30,-0.0347888744180649
usa,size,monthly,ew,4,1937-12-31,-0.0765243342258531
usa,size,monthly,ew,4,1938-01-31,0.0590620878400232
usa,size,monthly,ew,4,1938-02-28,-0.031384687051487
usa,size,monthly,ew,4,1938-03-31,-0.0470088480784624
usa,size,monthly,ew,4,1938-04-30,0.0606466579181858
usa,size,monthly,ew,4,1938-05-31,-0.035624210972952
usa,size,monthly,ew,4,1938-06-30,0.05893557364734
usa,size,monthly,ew,4,1938-07-31,0.0642064975297938
usa,size,monthly,ew,4,1938-08-31,-0.0581566205739582
usa,size,monthly,ew,4,1938-09-30,-0.0256450935294165
usa,size,monthly,ew,4,1938-10-31,0.0658216887616727
usa,size,monthly,ew,4,1938-11-30,-0.0392245804343705
usa,size,monthly,ew,4,1938-12-31,-0.0460658774519604
usa,size,monthly,ew,4,1939-01-31,0.00525068835868163
usa,size,monthly,ew,4,1939-02-28,-0.00560816015282798
usa,size,monthly,ew,4,1939-03-31,-0.0285107566299021
usa,size,monthly,ew,4,1939-04-30,0.00737951258351443
usa,size,monthly,ew,4,1939-05-31,-0.00411604999591807
usa,size,monthly,ew,4,1939-06-30,-0.0353164432714103
usa,size,monthly,ew,4,1939-07-31,0.0220865063036753
usa,size,monthly,ew,4,1939-08-31,-0.0300951290570618
usa,size,monthly,ew,4,1939-09-30,0.389476011136826
usa,size,monthly,ew,4,1939-10-31,-0.022788300211261
usa,size,monthly,ew,4,1939-11-30,-0.0593814686765986
usa,size,monthly,ew,4,1939-12-31,-0.0382766514235489
usa,size,monthly,ew,4,1940-01-31,0.00829168762031363
usa,size,monthly,ew,4,1940-02-29,0.0218328589975326
usa,size,monthly,ew,4,1940-03-31,0.00356578533604196
usa,size,monthly,ew,4,1940-04-30,0.0168989983860013
usa,size,monthly,ew,4,1940-05-31,-0.0484984986979755
usa,size,monthly,ew,4,1940-06-30,0.00148889487661141
usa,size,monthly,ew,4,1940-07-31,-0.00796532030976738
usa,size,monthly,ew,4,1940-08-31,-0.00428987803072001
usa,size,monthly,ew,4,1940-09-30,0.0111372459911372
usa,size,monthly,ew,4,1940-10-31,0.00298534221848327
usa,size,monthly,ew,4,1940-11-30,0.0145768377238197
usa,size,monthly,ew,4,1940-12-31,-0.0455849894227759
usa,size,monthly,ew,4,1941-01-31,0.0646717018464417
usa,size,monthly,ew,4,1941-02-28,-0.00477655186718179
usa,size,monthly,ew,4,1941-03-31,0.0100045776628871
usa,size,monthly,ew,4,1941-04-30,-0.00753998232975664
usa,size,monthly,ew,4,1941-05-31,-0.00656078143263953
usa,size,monthly,ew,4,1941-06-30,0.0108530728588841
usa,size,monthly,ew,4,1941-07-31,0.100139326958921
usa,size,monthly,ew,4,1941-08-31,-0.0104114496824312
usa,size,monthly,ew,4,1941-09-30,-0.0223220915963257
usa,size,monthly,ew,4,1941-10-31,-0.0158391790403873
usa,size,monthly,ew,4,1941-11-30,-0.0313365636200161
usa,size,monthly,ew,4,1941-12-31,-0.0794695889776107
usa,size,monthly,ew,4,1942-01-31,0.196429028923457
usa,size,monthly,ew,4,1942-02-28,0.00877541621735967
usa,size,monthly,ew,4,1942-03-31,0.0219976085037963
usa,size,monthly,ew,4,1942-04-30,0.00555446489297942
usa,size,monthly,ew,4,1942-05-31,-0.0368953852346121
usa,size,monthly,ew,4,1942-06-30,-0.00255543058260956
usa,size,monthly,ew,4,1942-07-31,0.00823778245325319
usa,size,monthly,ew,4,1942-08-31,0.0141210184078129
usa,size,monthly,ew,4,1942-09-30,0.0416286863666167
usa,size,monthly,ew,4,1942-10-31,0.0595856332357972
usa,size,monthly,ew,4,1942-11-30,-0.0185410365769972
usa,size,monthly,ew,4,1942-12-31,-0.0369857774219851
usa,size,monthly,ew,4,1943-01-31,0.180511786326491
usa,size,monthly,ew,4,1943-02-28,0.12980103515022
usa,size,monthly,ew,4,1943-03-31,0.0569662339768208
usa,size,monthly,ew,4,1943-04-30,0.0547291392673568
usa,size,monthly,ew,4,1943-05-31,0.0543997812892374
usa,size,monthly,ew,4,1943-06-30,-0.00880144407712241
usa,size,monthly,ew,4,1943-07-31,-0.00810223074627061
usa,size,monthly,ew,4,1943-08-31,-0.021223290124746
usa,size,monthly,ew,4,1943-09-30,0.0172748774681577
usa,size,monthly,ew,4,1943-10-31,0.00479058171944534
usa,size,monthly,ew,4,1943-11-30,-0.0311421919047391
usa,size,monthly,ew,4,1943-12-31,0.0255941407168865
usa,size,monthly,ew,4,1944-01-31,0.0438116633759402
usa,size,monthly,ew,4,1944-02-29,0.01803630524685
usa,size,monthly,ew,4,1944-03-31,0.0219410350875121
usa,size,monthly,ew,4,1944-04-30,-0.0110935577299259
usa,size,monthly,ew,4,1944-05-31,0.0149777602686695
usa,size,monthly,ew,4,1944-06-30,0.0835058724478937
usa,size,monthly,ew,4,1944-07-31,0.00164000805461701
usa,size,monthly,ew,4,1944-08-31,0.0174003594684332
usa,size,monthly,ew,4,1944-09-30,-0.00134488036965737
usa,size,monthly,ew,4,1944-10-31,0.00240860230041883
usa,size,monthly,ew,4,1944-11-30,0.00894409095532282
usa,size,monthly,ew,4,1944-12-31,0.0310010447722454
usa,size,monthly,ew,4,1945-01-31,0.0343555854413721
usa,size,monthly,ew,4,1945-02-28,0.0247807596322947
usa,size,monthly,ew,4,1945-03-31,-0.0308513233881793
usa,size,monthly,ew,4,1945-04-30,0.000964084029665021
usa,size,monthly,ew,4,1945-05-31,0.0219848808894291
usa,size,monthly,ew,4,1945-06-30,0.0370701385205011
usa,size,monthly,ew,4,1945-07-31,0.00135220434406925
usa,size,monthly,ew,4,1945-08-31,-0.00128418921800845
usa,size,monthly,ew,4,1945-09-30,0.0124456993815106
usa,size,monthly,ew,4,1945-10-31,0.038674752449385
usa,size,monthly,ew,4,1945-11-30,0.0477240037587596
usa,size,monthly,ew,4,1945-12-31,0.0160058807047666
usa,size,monthly,ew,4,1946-01-31,0.0460924465526333
usa,size,monthly,ew,4,1946-02-28,0.00225599394346681
usa,size,monthly,ew,4,1946-03-31,-0.0145185543169888
usa,size,monthly,ew,4,1946-04-30,0.0278079697749365
usa,size,monthly,ew,4,1946-05-31,0.00884568115839231
usa,size,monthly,ew,4,1946-06-30,-0.00324015653004479
usa,size,monthly,ew,4,1946-07-31,-0.0101548609855229
usa,size,monthly,ew,4,1946-08-31,-0.0181330869417808
usa,size,monthly,ew,4,1946-09-30,-0.0319866757627397
usa,size,monthly,ew,4,1946-10-31,-0.00375166281847229
usa,size,monthly,ew,4,1946-11-30,0.00236319096234921
usa,size,monthly,ew,4,1946-12-31,-0.021090911893098
usa,size,monthly,ew,4,1947-01-31,0.0385916757432048
usa,size,monthly,ew,4,1947-02-28,0.0104124539135147
usa,size,monthly,ew,4,1947-03-31,-0.01855499548354
usa,size,monthly,ew,4,1947-04-30,-0.0270537066747651
usa,size,monthly,ew,4,1947-05-31,-0.0322892097162224
usa,size,monthly,ew,4,1947-06-30,-0.000981238193734388
usa,size,monthly,ew,4,1947-07-31,0.0185031375700816
usa,size,monthly,ew,4,1947-08-31,-0.00171099432059324
usa,size,monthly,ew,4,1947-09-30,0.00315914800242289
usa,size,monthly,ew,4,1947-10-31,0.0172803537929882
usa,size,monthly,ew,4,1947-11-30,-0.0105965124953617
usa,size,monthly,ew,4,1947-12-31,-0.0245826530722096
usa,size,monthly,ew,4,1948-01-31,0.0356282416759132
usa,size,monthly,ew,4,1948-02-29,-0.019247174281873
usa,size,monthly,ew,4,1948-03-31,-0.00468721515633263
usa,size,monthly,ew,4,1948-04-30,-0.00155375448013349
usa,size,monthly,ew,4,1948-05-31,0.0239599338845292
usa,size,monthly,ew,4,1948-06-30,-0.0109024180124475
usa,size,monthly,ew,4,1948-07-31,-0.000664168073933777
usa,size,monthly,ew,4,1948-08-31,-0.0133087369082156
usa,size,monthly,ew,4,1948-09-30,-0.00674113459035283
usa,size,monthly,ew,4,1948-10-31,-0.00890254000165271
usa,size,monthly,ew,4,1948-11-30,-0.00541213400064923
usa,size,monthly,ew,4,1948-12-31,-0.0405167100377961
usa,size,monthly,ew,4,1949-01-31,0.0243666175769781
usa,size,monthly,ew,4,1949-02-28,-0.0215284421143834
usa,size,monthly,ew,4,1949-03-31,0.0224020887582787
usa,size,monthly,ew,4,1949-04-30,-0.00958366884204486
usa,size,monthly,ew,4,1949-05-31,-0.02966145911012
usa,size,monthly,ew,4,1949-06-30,-0.0130090237009649
usa,size,monthly,ew,4,1949-07-31,0.00759640726178749
usa,size,monthly,ew,4,1949-08-31,0.00275606487130389
usa,size,monthly,ew,4,1949-09-30,0.0122087884541748
usa,size,monthly,ew,4,1949-10-31,0.0195758772045222
usa,size,monthly,ew,4,1949-11-30,-0.0205177986334501
usa,size,monthly,ew,4,1949-12-31,0.0189262095322824
usa,size,monthly,ew,4,1950-01-31,0.0335842262326232
usa,size,monthly,ew,4,1950-02-28,0.00443265924461368
usa,size,monthly,ew,4,1950-03-31,-0.0152761394803916
usa,size,monthly,ew,4,1950-04-30,0.0168784612394585
usa,size,monthly,ew,4,1950-05-31,-0.00324033105460152
usa,size,monthly,ew,4,1950-06-30,-0.0124995429730993
usa,size,monthly,ew,4,1950-07-31,0.0521968830304633
usa,size,monthly,ew,4,1950-08-31,0.00826630640988262
usa,size,monthly,ew,4,1950-09-30,-0.00569169610514425
usa,size,monthly,ew,4,1950-10-31,0.00568202380858635
usa,size,monthly,ew,4,1950-11-30,-0.0154533895411758
usa,size,monthly,ew,4,1950-12-31,0.0344974731257327
usa,size,monthly,ew,4,1951-01-31,0.0142122821972884
usa,size,monthly,ew,4,1951-02-28,0.00207931504113502
usa,size,monthly,ew,4,1951-03-31,-0.0087271971393621
usa,size,monthly,ew,4,1951-04-30,-0.018793534343571
usa,size,monthly,ew,5,1951-05-31,-0.0047458278890225
usa,size,monthly,ew,5,1951-06-30,-0.0100770971822202
usa,size,monthly,ew,5,1951-07-31,-0.00804676460939594
usa,size,monthly,ew,5,1951-08-31,0.00938574222096578
usa,size,monthly,ew,5,1951-09-30,0.00123272061553932
usa,size,monthly,ew,5,1951-10-31,0.00494593871416617
usa,size,monthly,ew,5,1951-11-30,-0.00890490038885053
usa,size,monthly,ew,5,1951-12-31,-0.0161802895448539
usa,size,monthly,ew,5,1952-01-31,-0.00269174879126557
usa,size,monthly,ew,5,1952-02-29,0.00296587979872085
usa,size,monthly,ew,5,1952-03-31,-0.0230950717651431
usa,size,monthly,ew,5,1952-04-30,0.0063571535600582
usa,size,monthly,ew,5,1952-05-31,-0.00149317329296441
usa,size,monthly,ew,5,1952-06-30,-0.0139112869112345
usa,size,monthly,ew,5,1952-07-31,-0.00381772137968377
usa,size,monthly,ew,5,1952-08-31,0.00798122173214189
usa,size,monthly,ew,5,1952-09-30,0.0081601105597303
usa,size,monthly,ew,5,1952-10-31,-0.00102373728779358
usa,size,monthly,ew,5,1952-11-30,-0.00971693478483228
usa,size,monthly,ew,5,1952-12-31,-0.0093494141517061
usa,size,monthly,ew,5,1953-01-31,0.0417748015010012
usa,size,monthly,ew,5,1953-02-28,0.0138512806897997
usa,size,monthly,ew,5,1953-03-31,0.0031637295367762
usa,size,monthly,ew,5,1953-04-30,0.00401348924207284
usa,size,monthly,ew,5,1953-05-31,-0.00657894987657835
usa,size,monthly,ew,5,1953-06-30,-0.0164768649694617
usa,size,monthly,ew,5,1953-07-31,-0.0108796696308125
usa,size,monthly,ew,5,1953-08-31,-0.00595379039820625
usa,size,monthly,ew,5,1953-09-30,-0.0181224087355413
usa,size,monthly,ew,5,1953-10-31,-0.0172870129219025
usa,size,monthly,ew,5,1953-11-30,-0.00591392534254756
usa,size,monthly,ew,5,1953-12-31,-0.0211009656431517
usa,size,monthly,ew,5,1954-01-31,0.0200694917307957
usa,size,monthly,ew,5,1954-02-28,-0.00630122756112917
usa,size,monthly,ew,5,1954-03-31,-0.00708146017339036
usa,size,monthly,ew,5,1954-04-30,-0.0226466782162995
usa,size,monthly,ew,5,1954-05-31,0.00390545536408478
usa,size,monthly,ew,5,1954-06-30,0.00333994730860443
usa,size,monthly,ew,5,1954-07-31,0.0262120907031612
usa,size,monthly,ew,5,1954-08-31,0.0178570659029282
usa,size,monthly,ew,5,1954-09-30,-0.0087054399356725
usa,size,monthly,ew,5,1954-10-31,0.00329089545086949
usa,size,monthly,ew,5,1954-11-30,-0.00202238257832656
usa,size,monthly,ew,5,1954-12-31,0.0378356528117552
usa,size,monthly,ew,5,1955-01-31,0.013186788864849
usa,size,monthly,ew,5,1955-02-28,0.019879813581964
usa,size,monthly,ew,5,1955-03-31,0.000582926332387292
usa,size,monthly,ew,5,1955-04-30,0.00363371699530065
usa,size,monthly,ew,5,1955-05-31,-0.00465750967503315
usa,size,monthly,ew,5,1955-06-30,-0.014608148501451
usa,size,monthly,ew,5,1955-07-31,0.0117698445593644
usa,size,monthly,ew,5,1955-08-31,-0.00445256729158883
usa,size,monthly,ew,5,1955-09-30,0.00629976060734846
usa,size,monthly,ew,5,1955-10-31,0.0100554744361846
usa,size,monthly,ew,5,1955-11-30,-0.0178929869942338
usa,size,monthly,ew,5,1955-12-31,0.00970298090612999
usa,size,monthly,ew,5,1956-01-31,0.0133521869368515
usa,size,monthly,ew,5,1956-02-29,-0.00258294878121701
usa,size,monthly,ew,5,1956-03-31,-0.0357848845653971
usa,size,monthly,ew,5,1956-04-30,-0.000265397682620218
usa,size,monthly,ew,5,1956-05-31,0.0120994624838806
usa,size,monthly,ew,5,1956-06-30,-0.0202854527540204
usa,size,monthly,ew,5,1956-07-31,-0.0129490048335646
usa,size,monthly,ew,5,1956-08-31,0.0180004633911611
usa,size,monthly,ew,5,1956-09-30,0.021544256248795
usa,size,monthly,ew,5,1956-10-31,-0.00478328650390979
usa,size,monthly,ew,5,1956-11-30,-0.00791987567185009
usa,size,monthly,ew,5,1956-12-31,-0.0120075148760513
usa,size,monthly,ew,5,1957-01-31,0.0430179527822195
usa,size,monthly,ew,5,1957-02-28,-0.00173422579328024
usa,size,monthly,ew,5,1957-03-31,-0.00129409374858658
usa,size,monthly,ew,5,1957-04-30,-0.0172446983697383
usa,size,monthly,ew,5,1957-05-31,-0.0193563548628069
usa,size,monthly,ew,5,1957-06-30,0.00233558588931464
usa,size,monthly,ew,5,1957-07-31,0.00548719265311123
usa,size,monthly,ew,5,1957-08-31,0.0125963239137925
usa,size,monthly,ew,5,1957-09-30,0.00221720226128578
usa,size,monthly,ew,5,1957-10-31,-0.0273276109975424
usa,size,monthly,ew,5,1957-11-30,-0.0207729790999196
usa,size,monthly,ew,5,1957-12-31,-0.0155394101126678
usa,size,monthly,ew,5,1958-01-31,0.0706088313420878
usa,size,monthly,ew,5,1958-02-28,-0.00541297742489224
usa,size,monthly,ew,5,1958-03-31,-0.00605931229932923
usa,size,monthly,ew,5,1958-04-30,0.00603240218770798
usa,size,monthly,ew,5,1958-05-31,0.0152538516949558
usa,size,monthly,ew,5,1958-06-30,0.00556778029508157
usa,size,monthly,ew,5,1958-07-31,0.00670076534303314
usa,size,monthly,ew,5,1958-08-31,0.0158696930229392
usa,size,monthly,ew,5,1958-09-30,0.00280088348345632
usa,size,monthly,ew,5,1958-10-31,0.00425705059088292
usa,size,monthly,ew,5,1958-11-30,0.011629638623677
usa,size,monthly,ew,5,1958-12-31,-0.00942115883187063
usa,size,monthly,ew,5,1959-01-31,0.0390782152249229
usa,size,monthly,ew,5,1959-02-28,0.0124628532569835
usa,size,monthly,ew,5,1959-03-31,0.0140200504018064
usa,size,monthly,ew,5,1959-04-30,-0.00756549558540592
usa,size,monthly,ew,5,1959-05-31,-0.00177343318531213
usa,size,monthly,ew,5,1959-06-30,-0.009866689419964
usa,size,monthly,ew,5,1959-07-31,-0.00206494580936894
usa,size,monthly,ew,5,1959-08-31,0.00605578432881572
usa,size,monthly,ew,5,1959-09-30,0.00639276633107647
usa,size,monthly,ew,5,1959-10-31,-0.012110864740126
usa,size,monthly,ew,5,1959-11-30,-0.00327629577446806
usa,size,monthly,ew,5,1959-12-31,-0.00206574254218144
usa,size,monthly,ew,5,1960-01-31,0.0364228957639063
usa,size,monthly,ew,5,1960-02-29,-0.00658847387851756
usa,size,monthly,ew,5,1960-03-31,-0.0104849826310452
usa,size,monthly,ew,5,1960-04-30,-0.0151203312767119
usa,size,monthly,ew,5,1960-05-31,-0.0295459956171564
usa,size,monthly,ew,5,1960-06-30,-0.0112272805284415
usa,size,monthly,ew,5,1960-07-31,0.0132566689942233
usa,size,monthly,ew,5,1960-08-31,0.0128883946897308
usa,size,monthly,ew,5,1960-09-30,-0.00303979928011062
usa,size,monthly,ew,5,1960-10-31,-0.0167029381195929
usa,size,monthly,ew,5,1960-11-30,-0.0293571663284863
usa,size,monthly,ew,5,1960-12-31,-0.013495777410427
usa,size,monthly,ew,5,1961-01-31,0.0332814088403495
usa,size,monthly,ew,5,1961-02-28,0.0171534814554981
usa,size,monthly,ew,5,1961-03-31,0.0162235516484543
usa,size,monthly,ew,5,1961-04-30,0.0118560484021636
usa,size,monthly,ew,5,1961-05-31,0.0148938344984555
usa,size,monthly,ew,5,1961-06-30,-0.00675798684941736
usa,size,monthly,ew,5,1961-07-31,-0.00968990496914746
usa,size,monthly,ew,5,1961-08-31,-0.0163077632819241
usa,size,monthly,ew,5,1961-09-30,-0.000533395995807522
usa,size,monthly,ew,5,1961-10-31,-0.00803941760320429
usa,size,monthly,ew,5,1961-11-30,0.000690816679578099
usa,size,monthly,ew,5,1961-12-31,0.00828481491294511
usa,size,monthly,ew,5,1962-01-31,0.045820813881087
usa,size,monthly,ew,5,1962-02-28,0.00483408411302596
usa,size,monthly,ew,5,1962-03-31,0.00302257775794723
usa,size,monthly,ew,5,1962-04-30,0.000652103067850257
usa,size,monthly,ew,5,1962-05-31,0.00164842352921535
usa,size,monthly,ew,5,1962-06-30,-0.00375431335063291
usa,size,monthly,ew,5,1962-07-31,0.0049301011139653
usa,size,monthly,ew,5,1962-08-31,0.0133977303509733
usa,size,monthly,ew,5,1962-09-30,-0.00926781843922033
usa,size,monthly,ew,5,1962-10-31,-0.035829543887714
usa,size,monthly,ew,5,1962-11-30,-0.00296408093416659
usa,size,monthly,ew,5,1962-12-31,-0.0403146248205346
usa,size,monthly,ew,5,1963-01-31,0.0434852608205164
usa,size,monthly,ew,5,1963-02-28,-0.000994511231618491
usa,size,monthly,ew,5,1963-03-31,-0.0234751765314234
usa,size,monthly,ew,5,1963-04-30,-0.0192139076842216
usa,size,monthly,ew,5,1963-05-31,0.00803857059043746
usa,size,monthly,ew,5,1963-06-30,0.00813567159649026
usa,size,monthly,ew,5,1963-07-31,-0.00722451987179879
usa,size,monthly,ew,5,1963-08-31,-0.0281426616643041
usa,size,monthly,ew,5,1963-09-30,0.0165089680886903
usa,size,monthly,ew,5,1963-10-31,-0.0130743758142744
usa,size,monthly,ew,5,1963-11-30,-0.0131845116001346
usa,size,monthly,ew,5,1963-12-31,-0.0296938852447768
usa,size,monthly,ew,5,1964-01-31,0.0173084070519922
usa,size,monthly,ew,5,1964-02-29,0.00458254022720454
usa,size,monthly,ew,5,1964-03-31,0.00053434580095604
usa,size,monthly,ew,5,1964-04-30,0.00325579707316222
usa,size,monthly,ew,5,1964-05-31,-0.0156378530302793
usa,size,monthly,ew,5,1964-06-30,0.000353436067679154
usa,size,monthly,ew,5,1964-07-31,0.00545973400883784
usa,size,monthly,ew,5,1964-08-31,0.00636988951418568
usa,size,monthly,ew,5,1964-09-30,0.00282908656737013
usa,size,monthly,ew,5,1964-10-31,0.00961778607003065
usa,size,monthly,ew,5,1964-11-30,0.00241915585444573
usa,size,monthly,ew,5,1964-12-31,-0.01411645253202
usa,size,monthly,ew,5,1965-01-31,0.0298101314270473
usa,size,monthly,ew,5,1965-02-28,0.0159842356272094
usa,size,monthly,ew,5,1965-03-31,0.021315410833773
usa,size,monthly,ew,5,1965-04-30,0.0145930063692052
usa,size,monthly,ew,5,1965-05-31,0.00588935018976725
usa,size,monthly,ew,5,1965-06-30,-0.0205162412109485
usa,size,monthly,ew,5,1965-07-31,0.00177683720022516
usa,size,monthly,ew,5,1965-08-31,0.00930626370379326
usa,size,monthly,ew,5,1965-09-30,-0.0046423144050884
usa,size,monthly,ew,5,1965-10-31,0.0284962074477928
usa,size,monthly,ew,5,1965-11-30,0.0369850940634308
usa,size,monthly,ew,5,1965-12-31,0.0242274740128434
usa,size,monthly,ew,5,1966-01-31,0.0438243928034813
usa,size,monthly,ew,5,1966-02-28,0.0400764571400557
usa,size,monthly,ew,5,1966-03-31,0.0129525883274404
usa,size,monthly,ew,5,1966-04-30,0.0277962464148896
usa,size,monthly,ew,5,1966-05-31,-0.0189984467942158
usa,size,monthly,ew,5,1966-06-30,-0.000371947113515735
usa,size,monthly,ew,5,1966-07-31,0.000118341262449393
usa,size,monthly,ew,5,1966-08-31,-0.0129380452016554
usa,size,monthly,ew,5,1966-09-30,-0.0089970762399608
usa,size,monthly,ew,5,1966-10-31,-0.0472653359869119
usa,size,monthly,ew,5,1966-11-30,-0.00601806793853855
usa,size,monthly,ew,5,1966-12-31,0.00133414970228969
usa,size,monthly,ew,5,1967-01-31,0.0930201831343526
usa,size,monthly,ew,5,1967-02-28,0.0427280552156361
usa,size,monthly,ew,5,1967-03-31,0.0125161578906119
usa,size,monthly,ew,5,1967-04-30,-0.000685687285171684
usa,size,monthly,ew,5,1967-05-31,0.0343700701297907
usa,size,monthly,ew,5,1967-06-30,0.041723993790412
usa,size,monthly,ew,5,1967-07-31,0.0371009517167579
usa,size,monthly,ew,5,1967-08-31,0.0196082192096779
usa,size,monthly,ew,5,1967-09-30,0.0375444543732358
usa,size,monthly,ew,5,1967-10-31,0.0141368184491664
usa,size,monthly,ew,5,1967-11-30,-0.0120486191086632
usa,size,monthly,ew,5,1967-12-31,0.035102536011111
usa,size,monthly,ew,5,1968-01-31,0.0897432950867207
usa,size,monthly,ew,5,1968-02-29,-0.00451050530648294
usa,size,monthly,ew,5,1968-03-31,-0.0183105330313053
usa,size,monthly,ew,5,1968-04-30,0.0261547338123518
usa,size,monthly,ew,5,1968-05-31,0.0658985924900042
usa,size,monthly,ew,5,1968-06-30,0.0144895558195281
usa,size,monthly,ew,5,1968-07-31,0.0105753827437485
usa,size,monthly,ew,5,1968-08-31,0.0184958194303569
usa,size,monthly,ew,5,1968-09-30,0.0141273484368054
usa,size,monthly,ew,5,1968-10-31,0.00870488019281856
usa,size,monthly,ew,5,1968-11-30,-0.00318928300246516
usa,size,monthly,ew,5,1968-12-31,0.0395187953939851
usa,size,monthly,ew,5,1969-01-31,0.00602676401348284
usa,size,monthly,ew,5,1969-02-28,-0.0112087845713587
usa,size,monthly,ew,5,1969-03-31,-0.0178409008677927
usa,size,monthly,ew,5,1969-04-30,-0.0207199749016171
usa,size,monthly,ew,5,1969-05-31,0.0144619095760547
usa,size,monthly,ew,5,1969-06-30,-0.0312196203322492
usa,size,monthly,ew,5,1969-07-31,-0.0228397910152152
usa,size,monthly,ew,5,1969-08-31,-0.0162134206535079
usa,size,monthly,ew,5,1969-09-30,-0.0125896140926708
usa,size,monthly,ew,5,1969-10-31,0.0278271611543837
usa,size,monthly,ew,5,1969-11-30,-0.0319183493378908
usa,size,monthly,ew,5,1969-12-31,-0.0529535970133284
usa,size,monthly,ew,5,1970-01-31,0.0539173517992908
usa,size,monthly,ew,5,1970-02-28,-0.0289858837728822
usa,size,monthly,ew,5,1970-03-31,0.00241011613847062
usa,size,monthly,ew,5,1970-04-30,-0.032576329032397
usa,size,monthly,ew,5,1970-05-31,-0.0122640841836482
usa,size,monthly,ew,5,1970-06-30,-0.0291132039775981
usa,size,monthly,ew,5,1970-07-31,-0.0140718587872862
usa,size,monthly,ew,5,1970-08-31,0.00729017974552755
usa,size,monthly,ew,5,1970-09-30,0.0742922673397767
usa,size,monthly,ew,5,1970-10-31,-0.047047020651916
usa,size,monthly,ew,5,1970-11-30,-0.0543936591943534
usa,size,monthly,ew,5,1970-12-31,0.0269493358611661
usa,size,monthly,ew,5,1971-01-31,0.106884312716276
usa,size,monthly,ew,5,1971-02-28,0.0310591281661651
usa,size,monthly,ew,5,1971-03-31,0.0128202418263522
usa,size,monthly,ew,5,1971-04-30,-0.000100709925660533
usa,size,monthly,ew,5,1971-05-31,-0.0221455685752782
usa,size,monthly,ew,5,1971-06-30,-0.0275798491821124
usa,size,monthly,ew,5,1971-07-31,-0.0132586224637135
usa,size,monthly,ew,5,1971-08-31,-0.00814724820056701
usa,size,monthly,ew,5,1971-09-30,-0.00353325256462556
usa,size,monthly,ew,5,1971-10-31,-0.0142856739418275
usa,size,monthly,ew,5,1971-11-30,-0.0361137996309993
usa,size,monthly,ew,5,1971-12-31,0.0242179990128866
usa,size,monthly,ew,5,1972-01-31,0.0965732970390336
usa,size,monthly,ew,5,1972-02-29,0.00899041705236436
usa,size,monthly,ew,5,1972-03-31,-0.0090716927202972
usa,size,monthly,ew,5,1972-04-30,-0.00496295506030839
usa,size,monthly,ew,5,1972-05-31,-0.0367897513086052
usa,size,monthly,ew,5,1972-06-30,-0.00488170928308273
usa,size,monthly,ew,5,1972-07-31,-0.00549336882780935
usa,size,monthly,ew,5,1972-08-31,-0.0191348466481088
usa,size,monthly,ew,5,1972-09-30,-0.0148355477603628
usa,size,monthly,ew,5,1972-10-31,-0.0243119449331703
usa,size,monthly,ew,5,1972-11-30,-0.00983523216470601
usa,size,monthly,ew,5,1972-12-31,-0.0269450537300713
usa,size,monthly,ew,5,1973-01-31,0.0239136667075094
usa,size,monthly,ew,5,1973-02-28,-0.0172303735269382
usa,size,monthly,ew,5,1973-03-31,-0.0137907951919753
usa,size,monthly,ew,5,1973-04-30,-0.00812773861707819
usa,size,monthly,ew,5,1973-05-31,-0.0533287562066658
usa,size,monthly,ew,5,1973-06-30,-0.017152137292654
usa,size,monthly,ew,5,1973-07-31,0.0393084541689868
usa,size,monthly,ew,5,1973-08-31,-0.031267142377294
usa,size,monthly,ew,5,1973-09-30,-0.00495580874597212
usa,size,monthly,ew,5,1973-10-31,0.0060147512174495
usa,size,monthly,ew,5,1973-11-30,-0.048558504176863
usa,size,monthly,ew,5,1973-12-31,-0.0725044165079545
usa,size,monthly,ew,5,1974-01-31,0.146612690181767
usa,size,monthly,ew,5,1974-02-28,0.00326837278531197
usa,size,monthly,ew,5,1974-03-31,0.0381369567525699
usa,size,monthly,ew,5,1974-04-30,0.00303473009798077
usa,size,monthly,ew,5,1974-05-31,-0.0125868312803771
usa,size,monthly,ew,5,1974-06-30,-0.0028125962047479
usa,size,monthly,ew,5,1974-07-31,0.00721679296958545
usa,size,monthly,ew,5,1974-08-31,0.016602690273531
usa,size,monthly,ew,5,1974-09-30,0.0165636751583313
usa,size,monthly,ew,5,1974-10-31,-0.0864069536390733
usa,size,monthly,ew,5,1974-11-30,-0.0310671855129352
usa,size,monthly,ew,5,1974-12-31,-0.0538880053271613
usa,size,monthly,ew,5,1975-01-31,0.178290638422354
usa,size,monthly,ew,5,1975-02-28,-0.0000778270930017769
usa,size,monthly,ew,5,1975-03-31,0.0530968293371615
usa,size,monthly,ew,5,1975-04-30,-0.0183698952426985
usa,size,monthly,ew,5,1975-05-31,0.0208566938242932
usa,size,monthly,ew,5,1975-06-30,0.0211377231939776
usa,size,monthly,ew,5,1975-07-31,0.049051706062583
usa,size,monthly,ew,5,1975-08-31,-0.0281174677484921
usa,size,monthly,ew,5,1975-09-30,-0.00132805421500094
usa,size,monthly,ew,5,1975-10-31,-0.032918168691947
usa,size,monthly,ew,5,1975-11-30,-0.00521075655997237
usa,size,monthly,ew,5,1975-12-31,0.000267068674407524
usa,size,monthly,ew,5,1976-01-31,0.0922205382059785
usa,size,monthly,ew,5,1976-02-29,0.106237791323056
usa,size,monthly,ew,5,1976-03-31,-0.00349551177621703
usa,size,monthly,ew,5,1976-04-30,0.0000691407817848853
usa,size,monthly,ew,5,1976-05-31,-0.0139508540526435
usa,size,monthly,ew,5,1976-06-30,-0.0223567950131512
usa,size,monthly,ew,5,1976-07-31,0.0100527452935834
usa,size,monthly,ew,5,1976-08-31,-0.0113093082447648
usa,size,monthly,ew,5,1976-09-30,-0.00678484151883039
usa,size,monthly,ew,5,1976-10-31,-0.00296726971939696
usa,size,monthly,ew,5,1976-11-30,0.00265019997161636
usa,size,monthly,ew,5,1976-12-31,0.039688369125814
usa,size,monthly,ew,5,1977-01-31,0.0727338297677599
usa,size,monthly,ew,5,1977-02-28,0.0216681451296512
usa,size,monthly,ew,5,1977-03-31,0.0137328715578016
usa,size,monthly,ew,5,1977-04-30,0.0030498626371782
usa,size,monthly,ew,5,1977-05-31,0.00871955909792076
usa,size,monthly,ew,5,1977-06-30,0.00825579715099408
usa,size,monthly,ew,5,1977-07-31,0.0248605492082423
usa,size,monthly,ew,5,1977-08-31,0.00683545583369824
usa,size,monthly,ew,5,1977-09-30,0.0120514323705348
usa,size,monthly,ew,5,1977-10-31,0.0110258678609888
usa,size,monthly,ew,5,1977-11-30,0.02541194794197
usa,size,monthly,ew,5,1977-12-31,0.00911565634722646
usa,size,monthly,ew,5,1978-01-31,0.0428871734869695
usa,size,monthly,ew,5,1978-02-28,0.0327575322474683
usa,size,monthly,ew,5,1978-03-31,0.0336644281034616
usa,size,monthly,ew,5,1978-04-30,0.00662877178903934
usa,size,monthly,ew,5,1978-05-31,0.0416249209469472
usa,size,monthly,ew,5,1978-06-30,0.0117977427989304
usa,size,monthly,ew,5,1978-07-31,-0.00412823784575609
usa,size,monthly,ew,5,1978-08-31,0.0521203918536199
usa,size,monthly,ew,5,1978-09-30,0.0175499371492368
usa,size,monthly,ew,5,1978-10-31,-0.0620702184925309
usa,size,monthly,ew,5,1978-11-30,0.0137587352110574
usa,size,monthly,ew,5,1978-12-31,-0.00456553057993383
usa,size,monthly,ew,5,1979-01-31,0.0520739861654831
usa,size,monthly,ew,5,1979-02-28,0.00661803061682587
usa,size,monthly,ew,5,1979-03-31,0.0108161399370705
usa,size,monthly,ew,5,1979-04-30,0.0203640657108908
usa,size,monthly,ew,5,1979-05-31,0.00467080643708458
usa,size,monthly,ew,5,1979-06-30,0.000538445996535499
usa,size,monthly,ew,5,1979-07-31,-0.0014876417981491
usa,size,monthly,ew,5,1979-08-31,0.0130932569085261
usa,size,monthly,ew,5,1979-09-30,-0.00929918735947901
usa,size,monthly,ew,5,1979-10-31,-0.021926272543149
usa,size,monthly,ew,5,1979-11-30,-0.0042073561267716
usa,size,monthly,ew,5,1979-12-31,0.0227603102142128
usa,size,monthly,ew,5,1980-01-31,0.0423477662991428
usa,size,monthly,ew,5,1980-02-29,-0.00597790516639794
usa,size,monthly,ew,5,1980-03-31,-0.0331236393672441
usa,size,monthly,ew,5,1980-04-30,-0.00733884258208626
usa,size,monthly,ew,5,1980-05-31,-0.00267167588412847
usa,size,monthly,ew,5,1980-06-30,-0.00838540853871543
usa,size,monthly,ew,5,1980-07-31,0.0217061650642532
usa,size,monthly,ew,5,1980-08-31,0.0469134359885644
usa,size,monthly,ew,5,1980-09-30,0.00570602201332385
usa,size,monthly,ew,5,1980-10-31,0.0144262683517433
usa,size,monthly,ew,5,1980-11-30,-0.0473240712535364
usa,size,monthly,ew,5,1980-12-31,-0.0014710872006758
usa,size,monthly,ew,5,1981-01-31,0.0544214477665959
usa,size,monthly,ew,5,1981-02-28,-0.00952699586125297
usa,size,monthly,ew,5,1981-03-31,0.0101678170815324
usa,size,monthly,ew,5,1981-04-30,0.0375265683179149
usa,size,monthly,ew,5,1981-05-31,0.00744814637696368
usa,size,monthly,ew,5,1981-06-30,0.0172755567959939
usa,size,monthly,ew,5,1981-07-31,-0.0152027162723784
usa,size,monthly,ew,5,1981-08-31,-0.0147669636054356
usa,size,monthly,ew,5,1981-09-30,-0.0197262911748434
usa,size,monthly,ew,5,1981-10-31,-0.00168083589789481
usa,size,monthly,ew,5,1981-11-30,-0.0152377115568611
usa,size,monthly,ew,5,1981-12-31,0.00414057453170115
usa,size,monthly,ew,5,1982-01-31,0.0232024717639541
usa,size,monthly,ew,5,1982-02-28,0.00331907309024087
usa,size,monthly,ew,5,1982-03-31,0.00808175951831196
usa,size,monthly,ew,5,1982-04-30,0.00305561512043429
usa,size,monthly,ew,5,1982-05-31,0.0125245293706784
usa,size,monthly,ew,5,1982-06-30,-0.0135460550841124
usa,size,monthly,ew,5,1982-07-31,0.00896193957618848
usa,size,monthly,ew,5,1982-08-31,-0.0396433177858851
usa,size,monthly,ew,5,1982-09-30,0.00782668479817187
usa,size,monthly,ew,5,1982-10-31,0.010904251430114
usa,size,monthly,ew,5,1982-11-30,0.0373864512026634
usa,size,monthly,ew,5,1982-12-31,0.0145793785760723
usa,size,monthly,ew,5,1983-01-31,0.0757095598662999
usa,size,monthly,ew,5,1983-02-28,0.014290452491935
usa,size,monthly,ew,5,1983-03-31,0.00923987339079233
usa,size,monthly,ew,5,1983-04-30,0.00812168425200324
usa,size,monthly,ew,5,1983-05-31,0.0658844529500409
usa,size,monthly,ew,5,1983-06-30,0.0107827028961914
usa,size,monthly,ew,5,1983-07-31,0.0168240978364844
usa,size,monthly,ew,5,1983-08-31,-0.0289366753188556
usa,size,monthly,ew,5,1983-09-30,-0.0167624744158017
usa,size,monthly,ew,5,1983-10-31,-0.0291695565329828
usa,size,monthly,ew,5,1983-11-30,-0.0043256557481603
usa,size,monthly,ew,5,1983-12-31,-0.00395529550547889
usa,size,monthly,ew,5,1984-01-31,0.0290309932182815
usa,size,monthly,ew,5,1984-02-29,-0.0122800019765592
usa,size,monthly,ew,5,1984-03-31,-0.00814854195014745
usa,size,monthly,ew,5,1984-04-30,-0.0111708440694855
usa,size,monthly,ew,5,1984-05-31,-0.00213211933424946
usa,size,monthly,ew,5,1984-06-30,-0.0178842181688499
usa,size,monthly,ew,5,1984-07-31,-0.0295291321866089
usa,size,monthly,ew,5,1984-08-31,-0.0164213434281159
usa,size,monthly,ew,5,1984-09-30,-0.00659756563999876
usa,size,monthly,ew,5,1984-10-31,-0.0312780204696356
usa,size,monthly,ew,5,1984-11-30,-0.0284828299372376
usa,size,monthly,ew,5,1984-12-31,-0.0225736716183753
usa,size,monthly,ew,5,1985-01-31,0.0500454807450737
usa,size,monthly,ew,5,1985-02-28,0.0272888208463157
usa,size,monthly,ew,5,1985-03-31,-0.0131397593726781
usa,size,monthly,ew,5,1985-04-30,-0.013440588808718
usa,size,monthly,ew,5,1985-05-31,-0.0404038213346051
usa,size,monthly,ew,5,1985-06-30,-0.0281608309444882
usa,size,monthly,ew,5,1985-07-31,0.0222500395622176
usa,size,monthly,ew,5,1985-08-31,-0.000969243733897374
usa,size,monthly,ew,5,1985-09-30,-0.0193168994830379
usa,size,monthly,ew,5,1985-10-31,-0.0326921130859057
usa,size,monthly,ew,5,1985-11-30,-0.0127456236738798
usa,size,monthly,ew,5,1985-12-31,-0.0100962792970532
usa,size,monthly,ew,5,1986-01-31,0.0251090599740533
usa,size,monthly,ew,5,1986-02-28,-0.0153566529070394
usa,size,monthly,ew,5,1986-03-31,-0.00802640705804027
usa,size,monthly,ew,5,1986-04-30,0.0195342864401709
usa,size,monthly,ew,5,1986-05-31,-0.0191040584262071
usa,size,monthly,ew,5,1986-06-30,-0.0163219811131342
usa,size,monthly,ew,5,1986-07-31,-0.0162689405514735
usa,size,monthly,ew,5,1986-08-31,-0.0451297582829706
usa,size,monthly,ew,5,1986-09-30,0.0121161780307165
usa,size,monthly,ew,5,1986-10-31,-0.0291764016234744
usa,size,monthly,ew,5,1986-11-30,-0.0148667464416474
usa,size,monthly,ew,5,1986-12-31,-0.000223683421913873
usa,size,monthly,ew,5,1987-01-31,0.00449568389030506
usa,size,monthly,ew,5,1987-02-28,0.0301425682549942
usa,size,monthly,ew,5,1987-03-31,0.0210744304487272
usa,size,monthly,ew,5,1987-04-30,0.0091783626167358
usa,size,monthly,ew,5,1987-05-31,-0.000723616419648112
usa,size,monthly,ew,5,1987-06-30,-0.0191657041606494
usa,size,monthly,ew,5,1987-07-31,-0.0141828464775758
usa,size,monthly,ew,5,1987-08-31,-0.0168547580493102
usa,size,monthly,ew,5,1987-09-30,0.00341553789847436
usa,size,monthly,ew,5,1987-10-31,-0.0381456389346483
usa,size,monthly,ew,5,1987-11-30,0.0021277193627347
usa,size,monthly,ew,5,1987-12-31,-0.0521793677715983
usa,size,monthly,ew,5,1988-01-31,0.0400433506117746
usa,size,monthly,ew,5,1988-02-29,-0.0040715953552139
usa,size,monthly,ew,5,1988-03-31,0.0399345241139106
usa,size,monthly,ew,5,1988-04-30,0.00772955065591034
usa,size,monthly,ew,5,1988-05-31,-0.0186410852735842
usa,size,monthly,ew,5,1988-06-30,-0.00949348987912009
usa,size,monthly,ew,5,1988-07-31,0.0114640899902168
usa,size,monthly,ew,5,1988-08-31,-0.00221061714870636
usa,size,monthly,ew,5,1988-09-30,-0.019747934669328
usa,size,monthly,ew,5,1988-10-31,-0.0242497551115798
usa,size,monthly,ew,5,1988-11-30,-0.0170340020304014
usa,size,monthly,ew,5,1988-12-31,0.00204686813329742
usa,size,monthly,ew,5,1989-01-31,0.00551838907394268
usa,size,monthly,ew,5,1989-02-28,0.0102690286827462
usa,size,monthly,ew,5,1989-03-31,-0.00384334122248485
usa,size,monthly,ew,5,1989-04-30,-0.0214286886000869
usa,size,monthly,ew,5,1989-05-31,-0.0128935580853406
usa,size,monthly,ew,5,1989-06-30,-0.0032304979605257
usa,size,monthly,ew,5,1989-07-31,-0.0427160390029248
usa,size,monthly,ew,5,1989-08-31,-0.0117210280870691
usa,size,monthly,ew,5,1989-09-30,0.0141822434895853
usa,size,monthly,ew,5,1989-10-31,-0.00732029461799194
usa,size,monthly,ew,5,1989-11-30,-0.0227564387234266
usa,size,monthly,ew,5,1989-12-31,-0.0320580055778845
usa,size,monthly,ew,5,1990-01-31,0.0270653160239112
usa,size,monthly,ew,5,1990-02-28,0.000910769959846266
usa,size,monthly,ew,5,1990-03-31,-0.00164205136674994
usa,size,monthly,ew,5,1990-04-30,0.0100219708916804
usa,size,monthly,ew,5,1990-05-31,-0.0408234061216476
usa,size,monthly,ew,5,1990-06-30,0.0133837998488194
usa,size,monthly,ew,5,1990-07-31,-0.00742673975167827
usa,size,monthly,ew,5,1990-08-31,-0.0130942197296711
usa,size,monthly,ew,5,1990-09-30,-0.0140107261107654
usa,size,monthly,ew,5,1990-10-31,-0.0288784915101267
usa,size,monthly,ew,5,1990-11-30,-0.0542847325546463
usa,size,monthly,ew,5,1990-12-31,-0.0498766530625687
usa,size,monthly,ew,5,1991-01-31,0.0458101991277886
usa,size,monthly,ew,5,1991-02-28,0.0670930917965801
usa,size,monthly,ew,5,1991-03-31,0.0549348784532378
usa,size,monthly,ew,5,1991-04-30,0.0316220135976793
usa,size,monthly,ew,5,1991-05-31,-0.0225184128047965
usa,size,monthly,ew,5,1991-06-30,0.0113894938711564
usa,size,monthly,ew,5,1991-07-31,-0.0184149568131579
usa,size,monthly,ew,5,1991-08-31,-0.000596150564753119
usa,size,monthly,ew,5,1991-09-30,0.0169234139260581
usa,size,monthly,ew,5,1991-10-31,0.0120571736419653
usa,size,monthly,ew,5,1991-11-30,0.0196915692827928
usa,size,monthly,ew,5,1991-12-31,-0.0801330031614126
usa,size,monthly,ew,5,1992-01-31,0.159362607849422
usa,size,monthly,ew,5,1992-02-29,0.0411579231672318
usa,size,monthly,ew,5,1992-03-31,0.0107420015677225
usa,size,monthly,ew,5,1992-04-30,-0.0353453525575899
usa,size,monthly,ew,5,1992-05-31,-0.00309884695859257
usa,size,monthly,ew,5,1992-06-30,-0.0213156876700768
usa,size,monthly,ew,5,1992-07-31,-0.0128019724527786
usa,size,monthly,ew,5,1992-08-31,-0.00606116672211943
usa,size,monthly,ew,5,1992-09-30,-0.00941874252945801
usa,size,monthly,ew,5,1992-10-31,-0.00740576827706763
usa,size,monthly,ew,5,1992-11-30,0.0253063975701115
usa,size,monthly,ew,5,1992-12-31,0.0172002112703249
usa,size,monthly,ew,5,1993-01-31,0.0582628812168115
usa,size,monthly,ew,5,1993-02-28,-0.00717179231141699
usa,size,monthly,ew,5,1993-03-31,-0.00973042265121879
usa,size,monthly,ew,5,1993-04-30,0.0103378913921365
usa,size,monthly,ew,5,1993-05-31,0.00808695254403832
usa,size,monthly,ew,5,1993-06-30,0.00604352425932025
usa,size,monthly,ew,5,1993-07-31,0.0103418946573087
usa,size,monthly,ew,5,1993-08-31,-0.00899275948644482
usa,size,monthly,ew,5,1993-09-30,0.0191848964367953
usa,size,monthly,ew,5,1993-10-31,0.0335431040229323
usa,size,monthly,ew,5,1993-11-30,0.000374683609144181
usa,size,monthly,ew,5,1993-12-31,-0.021334360761859
usa,size,monthly,ew,5,1994-01-31,0.0312884008795469
usa,size,monthly,ew,5,1994-02-28,0.00794930825237591
usa,size,monthly,ew,5,1994-03-31,0.00318428513540647
usa,size,monthly,ew,5,1994-04-30,-0.0240216683839474
usa,size,monthly,ew,5,1994-05-31,0.000509504280852974
usa,size,monthly,ew,5,1994-06-30,0.000795956479848876
usa,size,monthly,ew,5,1994-07-31,-0.015983848403738
usa,size,monthly,ew,5,1994-08-31,-0.00820478525021129
usa,size,monthly,ew,5,1994-09-30,0.0284540627196978
usa,size,monthly,ew,5,1994-10-31,-0.00695016642210639
usa,size,monthly,ew,5,1994-11-30,0.00177696056633762
usa,size,monthly,ew,5,1994-12-31,-0.0247512021810427
usa,size,monthly,ew,5,1995-01-31,0.0288761076658131
usa,size,monthly,ew,5,1995-02-28,-0.011173071249692
usa,size,monthly,ew,5,1995-03-31,-0.00898687035147442
usa,size,monthly,ew,5,1995-04-30,0.0160848582928172
usa,size,monthly,ew,5,1995-05-31,-0.00381321355721641
usa,size,monthly,ew,5,1995-06-30,0.0238219339004809
usa,size,monthly,ew,5,1995-07-31,0.0119768590940293
usa,size,monthly,ew,5,1995-08-31,0.0355709831098702
usa,size,monthly,ew,5,1995-09-30,0.00922287140780839
usa,size,monthly,ew,5,1995-10-31,-0.027418210785466
usa,size,monthly,ew,5,1995-11-30,-0.0362373736334906
usa,size,monthly,ew,5,1995-12-31,0.00738255730397977
usa,size,monthly,ew,5,1996-01-31,0.0247577041606308
usa,size,monthly,ew,5,1996-02-29,0.0171372557252707
usa,size,monthly,ew,5,1996-03-31,0.0075527726103157
usa,size,monthly,ew,5,1996-04-30,0.0312648276874308
usa,size,monthly,ew,5,1996-05-31,0.0564654847890033
usa,size,monthly,ew,5,1996-06-30,-0.0154417812822033
usa,size,monthly,ew,5,1996-07-31,-0.0234871257599536
usa,size,monthly,ew,5,1996-08-31,-0.00451096450537975
usa,size,monthly,ew,5,1996-09-30,-0.0188522175057614
usa,size,monthly,ew,5,1996-10-31,-0.0243408171673415
usa,size,monthly,ew,5,1996-11-30,-0.0296375515727568
usa,size,monthly,ew,5,1996-12-31,0.00198662137462906
usa,size,monthly,ew,5,1997-01-31,0.0492650155873784
usa,size,monthly,ew,5,1997-02-28,-0.00452191733399757
usa,size,monthly,ew,5,1997-03-31,-0.0180171368034613
usa,size,monthly,ew,5,1997-04-30,-0.0552742964821212
usa,size,monthly,ew,5,1997-05-31,0.0125319259928307
usa,size,monthly,ew,5,1997-06-30,-0.000125846409257348
usa,size,monthly,ew,5,1997-07-31,-0.025854895607693
usa,size,monthly,ew,5,1997-08-31,0.0498539168982029
usa,size,monthly,ew,5,1997-09-30,0.0307510339641853
usa,size,monthly,ew,5,1997-10-31,0.0186279571825801
usa,size,monthly,ew,5,1997-11-30,-0.0455018531957646
usa,size,monthly,ew,5,1997-12-31,-0.0601365297999818
usa,size,monthly,ew,5,1998-01-31,0.0301499428655015
usa,size,monthly,ew,5,1998-02-28,-0.0202009000197819
usa,size,monthly,ew,5,1998-03-31,-0.00136159868134933
usa,size,monthly,ew,5,1998-04-30,0.0208964357057563
usa,size,monthly,ew,5,1998-05-31,-0.00845309338084845
usa,size,monthly,ew,5,1998-06-30,-0.0573178876650392
usa,size,monthly,ew,5,1998-07-31,-0.00704701084228053
usa,size,monthly,ew,5,1998-08-31,-0.0267173061388484
usa,size,monthly,ew,5,1998-09-30,-0.0172972972021412
usa,size,monthly,ew,5,1998-10-31,-0.0426117324319764
usa,size,monthly,ew,5,1998-11-30,0.0337817296088183
usa,size,monthly,ew,5,1998-12-31,-0.0452009261677654
usa,size,monthly,ew,5,1999-01-31,0.0797093030687736
usa,size,monthly,ew,5,1999-02-28,-0.00350261633781002
usa,size,monthly,ew,5,1999-03-31,-0.0525627110218761
usa,size,monthly,ew,5,1999-04-30,0.0112565184151087
usa,size,monthly,ew,5,1999-05-31,0.0526228859897941
usa,size,monthly,ew,5,1999-06-30,-0.00416081891550703
usa,size,monthly,ew,5,1999-07-31,0.0516782814769188
usa,size,monthly,ew,5,1999-08-31,0.00165261591241858
usa,size,monthly,ew,5,1999-09-30,0.00822872901516949
usa,size,monthly,ew,5,1999-10-31,-0.0601033836741371
usa,size,monthly,ew,5,1999-11-30,0.0612972195243374
usa,size,monthly,ew,5,1999-12-31,0.0113053772210705
usa,size,monthly,ew,5,2000-01-31,0.134984762250985
usa,size,monthly,ew,5,2000-02-29,0.0883712946740215
usa,size,monthly,ew,5,2000-03-31,-0.0111394979295094
usa,size,monthly,ew,5,2000-04-30,-0.011896656169693
usa,size,monthly,ew,5,2000-05-31,-0.0198435869121241
usa,size,monthly,ew,5,2000-06-30,0.0068932330245721
usa,size,monthly,ew,5,2000-07-31,0.00812501419618705
usa,size,monthly,ew,5,2000-08-31,-0.0310879346476672
usa,size,monthly,ew,5,2000-09-30,-0.00445581818409126
usa,size,monthly,ew,5,2000-10-31,-0.0386682600406217
usa,size,monthly,ew,5,2000-11-30,-0.0180953212994947
usa,size,monthly,ew,5,2000-12-31,-0.105875828430164
usa,size,monthly,ew,5,2001-01-31,0.254921268464584
usa,size,monthly,ew,5,2001-02-28,-0.00201149329363025
usa,size,monthly,ew,5,2001-03-31,-0.00962067954573817
usa,size,monthly,ew,5,2001-04-30,-0.023007472439921
usa,size,monthly,ew,5,2001-05-31,0.061233851540484
usa,size,monthly,ew,5,2001-06-30,0.0209173855405948
usa,size,monthly,ew,5,2001-07-31,-0.0110823906869396
usa,size,monthly,ew,5,2001-08-31,-0.00364588007027216
usa,size,monthly,ew,5,2001-09-30,-0.0141343406856273
usa,size,monthly,ew,5,2001-10-31,0.0518964742766051
usa,size,monthly,ew,5,2001-11-30,0.014523401252025
usa,size,monthly,ew,5,2001-12-31,0.0338665491773926
usa,size,monthly,ew,5,2002-01-31,0.0357799790061692
usa,size,monthly,ew,5,2002-02-28,-0.0372858801184318
usa,size,monthly,ew,5,2002-03-31,0.0173551526558929
usa,size,monthly,ew,5,2002-04-30,0.00156122629197197
usa,size,monthly,ew,5,2002-05-31,-0.0113857971594236
usa,size,monthly,ew,5,2002-06-30,-0.0143761845518859
usa,size,monthly,ew,5,2002-07-31,-0.0225278048886429
usa,size,monthly,ew,5,2002-08-31,-0.00201733406217261
usa,size,monthly,ew,5,2002-09-30,-0.0142994765754571
usa,size,monthly,ew,5,2002-10-31,0.00785523801542513
usa,size,monthly,ew,5,2002-11-30,0.097682852352238
usa,size,monthly,ew,5,2002-12-31,-0.0174850581843392
usa,size,monthly,ew,5,2003-01-31,0.0417870691795197
usa,size,monthly,ew,5,2003-02-28,-0.00787252436875006
usa,size,monthly,ew,5,2003-03-31,0.0020430963243517
usa,size,monthly,ew,5,2003-04-30,0.0359122725846628
usa,size,monthly,ew,5,2003-05-31,0.104012916951309
usa,size,monthly,ew,5,2003-06-30,0.0465078342982379
usa,size,monthly,ew,5,2003-07-31,0.0511841958610873
usa,size,monthly,ew,5,2003-08-31,0.0172128643339072
usa,size,monthly,ew,5,2003-09-30,0.0572343233651264
usa,size,monthly,ew,5,2003-10-31,0.0204244051591944
usa,size,monthly,ew,5,2003-11-30,0.021128949215908
usa,size,monthly,ew,5,2003-12-31,0.00275670995507976
usa,size,monthly,ew,5,2004-01-31,0.0765711427077651
usa,size,monthly,ew,5,2004-02-29,-0.0165619158673789
usa,size,monthly,ew,5,2004-03-31,0.00161927535686192
usa,size,monthly,ew,5,2004-04-30,-0.00970056901375298
usa,size,monthly,ew,5,2004-05-31,-0.0230651818540767
usa,size,monthly,ew,5,2004-06-30,-0.00755853829232638
usa,size,monthly,ew,5,2004-07-31,-0.0281188879202367
usa,size,monthly,ew,5,2004-08-31,-0.00758505620104498
usa,size,monthly,ew,5,2004-09-30,0.0044383626569411
usa,size,monthly,ew,5,2004-10-31,-0.00403698084451446
usa,size,monthly,ew,5,2004-11-30,0.0302064676568112
usa,size,monthly,ew,5,2004-12-31,0.0300907429811081
usa,size,monthly,ew,5,2005-01-31,-0.0190221693483809
usa,size,monthly,ew,5,2005-02-28,-0.0203805259596864
usa,size,monthly,ew,5,2005-03-31,-0.0248946006587241
usa,size,monthly,ew,5,2005-04-30,-0.0210627627546634
usa,size,monthly,ew,5,2005-05-31,-0.00253763662073059
usa,size,monthly,ew,5,2005-06-30,0.0125393374136946
usa,size,monthly,ew,5,2005-07-31,0.0178612995343801
usa,size,monthly,ew,5,2005-08-31,0.000515776312323038
usa,size,monthly,ew,5,2005-09-30,0.00257010764174264
usa,size,monthly,ew,5,2005-10-31,-0.011283451388898
usa,size,monthly,ew,5,2005-11-30,-0.0108551290997099
usa,size,monthly,ew,5,2005-12-31,0.00272043215404938
usa,size,monthly,ew,5,2006-01-31,0.0398151542954595
usa,size,monthly,ew,5,2006-02-28,0.0147826996318154
usa,size,monthly,ew,5,2006-03-31,0.0166903306744179
usa,size,monthly,ew,5,2006-04-30,-0.00865863663919954
usa,size,monthly,ew,5,2006-05-31,-0.0157311791785265
usa,size,monthly,ew,5,2006-06-30,-0.0144398999891424
usa,size,monthly,ew,5,2006-07-31,-0.0112911834921768
usa,size,monthly,ew,5,2006-08-31,0.00747509993443322
usa,size,monthly,ew,5,2006-09-30,-0.0141872739963055
usa,size,monthly,ew,5,2006-10-31,0.00849126128694262
usa,size,monthly,ew,5,2006-11-30,-0.00362845290528647
usa,size,monthly,ew,5,2006-12-31,0.0108329669855405
usa,size,monthly,ew,5,2007-01-31,-0.00106244697617892
usa,size,monthly,ew,5,2007-02-28,0.00667278406265087
usa,size,monthly,ew,5,2007-03-31,-0.011640022596578
usa,size,monthly,ew,5,2007-04-30,-0.0115862572757211
usa,size,monthly,ew,5,2007-05-31,-0.0252814936003825
usa,size,monthly,ew,5,2007-06-30,0.00828394910025296
usa,size,monthly,ew,5,2007-07-31,-0.00808065555016781
usa,size,monthly,ew,5,2007-08-31,-0.020870012492174
usa,size,monthly,ew,5,2007-09-30,-0.0127336048657383
usa,size,monthly,ew,5,2007-10-31,-0.00999581679408432
usa,size,monthly,ew,5,2007-11-30,-0.040573591029267
usa,size,monthly,ew,5,2007-12-31,-0.0076332314109511
usa,size,monthly,ew,5,2008-01-31,0.00633441171165821
usa,size,monthly,ew,5,2008-02-29,-0.0011028700618728
usa,size,monthly,ew,5,2008-03-31,-0.0171149469157353
usa,size,monthly,ew,5,2008-04-30,-0.039777645810334
usa,size,monthly,ew,5,2008-05-31,-0.00379113201354133
usa,size,monthly,ew,5,2008-06-30,-0.00991909213158093
usa,size,monthly,ew,5,2008-07-31,0.0234691822794669
usa,size,monthly,ew,5,2008-08-31,-0.00109717499381587
usa,size,monthly,ew,5,2008-09-30,-0.00148975806931087
usa,size,monthly,ew,5,2008-10-31,-0.00780779895031016
usa,size,monthly,ew,5,2008-11-30,-0.0467801255721544
usa,size,monthly,ew,5,2008-12-31,-0.0109221145691029
usa,size,monthly,ew,5,2009-01-31,0.0757603083812872
usa,size,monthly,ew,5,2009-02-28,-0.0182116467692567
usa,size,monthly,ew,5,2009-03-31,0.0455942681702943
usa,size,monthly,ew,5,2009-04-30,0.06476749347151
usa,size,monthly,ew,5,2009-05-31,0.0693438569171074
usa,size,monthly,ew,5,2009-06-30,0.0476631189756153
usa,size,monthly,ew,5,2009-07-31,0.0066744062896725
usa,size,monthly,ew,5,2009-08-31,0.0431465690023283
usa,size,monthly,ew,5,2009-09-30,0.0292719390244723
usa,size,monthly,ew,5,2009-10-31,-0.026824265522397
usa,size,monthly,ew,5,2009-11-30,-0.0315072405945386
usa,size,monthly,ew,5,2009-12-31,0.0188052433951335
usa,size,monthly,ew,5,2010-01-31,0.0390450403064724
usa,size,monthly,ew,5,2010-02-28,-0.00996618966910277
usa,size,monthly,ew,5,2010-03-31,0.0139172262841654
usa,size,monthly,ew,5,2010-04-30,0.0501982965329822
usa,size,monthly,ew,5,2010-05-31,-0.0119863453175839
usa,size,monthly,ew,5,2010-06-30,-0.0157278071463894
usa,size,monthly,ew,5,2010-07-31,-0.0179142485818588
usa,size,monthly,ew,5,2010-08-31,-0.0166516662999405
usa,size,monthly,ew,5,2010-09-30,0.0020960098757532
usa,size,monthly,ew,5,2010-10-31,0.00983244213816109
usa,size,monthly,ew,5,2010-11-30,-0.00342690313581195
usa,size,monthly,ew,5,2010-12-31,0.0255394737415652
usa,size,monthly,ew,5,2011-01-31,0.00753651110391719
usa,size,monthly,ew,5,2011-02-28,0.0000422579795762892
usa,size,monthly,ew,5,2011-03-31,-0.0102506190012043
usa,size,monthly,ew,5,2011-04-30,-0.017941555230229
usa,size,monthly,ew,5,2011-05-31,-0.01495498434447
usa,size,monthly,ew,5,2011-06-30,-0.0156320725140697
usa,size,monthly,ew,5,2011-07-31,0.00650505018397066
usa,size,monthly,ew,5,2011-08-31,-0.0294603945910832
usa,size,monthly,ew,5,2011-09-30,-0.0127017644452296
usa,size,monthly,ew,5,2011-10-31,-0.0207853400856508
usa,size,monthly,ew,5,2011-11-30,-0.0304070324599209
usa,size,monthly,ew,5,2011-12-31,-0.000551489551391102
usa,size,monthly,ew,5,2012-01-31,0.0457492103288405
usa,size,monthly,ew,5,2012-02-29,-0.00481258316546549
usa,size,monthly,ew,5,2012-03-31,0.0131032511573555
usa,size,monthly,ew,5,2012-04-30,-0.0116317942361044
usa,size,monthly,ew,5,2012-05-31,0.000558289963731415
usa,size,monthly,ew,5,2012-06-30,0.00698467779713897
usa,size,monthly,ew,5,2012-07-31,-0.0104336795036934
usa,size,monthly,ew,5,2012-08-31,-0.0116643283287803
usa,size,monthly,ew,5,2012-09-30,0.016353722606816
usa,size,monthly,ew,5,2012-10-31,-0.0184717378170633
usa,size,monthly,ew,5,2012-11-30,-0.0153644715474212
usa,size,monthly,ew,5,2012-12-31,0.00511882114167134
usa,size,monthly,ew,5,2013-01-31,0.0173632381356622
usa,size,monthly,ew,5,2013-02-28,-0.000802934585534119
usa,size,monthly,ew,5,2013-03-31,-0.00227119582360346
usa,size,monthly,ew,5,2013-04-30,-0.0186471082449275
usa,size,monthly,ew,5,2013-05-31,0.0172074628685938
usa,size,monthly,ew,5,2013-06-30,0.0115801043374987
usa,size,monthly,ew,5,2013-07-31,0.0188702981677732
usa,size,monthly,ew,5,2013-08-31,0.00887875080265236
usa,size,monthly,ew,5,2013-09-30,0.0157105562325275
usa,size,monthly,ew,5,2013-10-31,-0.0159656907139511
usa,size,monthly,ew,5,2013-11-30,0.016784293800207
usa,size,monthly,ew,5,2013-12-31,0.0096690644539682
usa,size,monthly,ew,5,2014-01-31,0.0561046044615899
usa,size,monthly,ew,5,2014-02-28,-0.00331957241060598
usa,size,monthly,ew,5,2014-03-31,0.00240932363121837
usa,size,monthly,ew,5,2014-04-30,-0.0414800136460147
usa,size,monthly,ew,5,2014-05-31,-0.0227495066107755
usa,size,monthly,ew,5,2014-06-30,0.02031331577653
usa,size,monthly,ew,5,2014-07-31,-0.0206700431591571
usa,size,monthly,ew,5,2014-08-31,-0.00892605074626045
usa,size,monthly,ew,5,2014-09-30,-0.0188636164020611
usa,size,monthly,ew,5,2014-10-31,-0.00938917974148706
usa,size,monthly,ew,5,2014-11-30,-0.0228925348609182
usa,size,monthly,ew,5,2014-12-31,0.0213591425581918
usa,size,monthly,ew,5,2015-01-31,-0.0000448872759888086
usa,size,monthly,ew,5,2015-02-28,0.00662789770859316
usa,size,monthly,ew,5,2015-03-31,-0.00768195210705479
usa,size,monthly,ew,5,2015-04-30,0.00937170079461184
usa,size,monthly,ew,5,2015-05-31,-0.00135329872231616
usa,size,monthly,ew,5,2015-06-30,0.0104987551975775
usa,size,monthly,ew,5,2015-07-31,-0.0454606977681292
usa,size,monthly,ew,5,2015-08-31,0.0136537813887054
usa,size,monthly,ew,5,2015-09-30,-0.0178637437531849
usa,size,monthly,ew,5,2015-10-31,-0.0120182598207107
usa,size,monthly,ew,5,2015-11-30,0.0267799721344055
usa,size,monthly,ew,5,2015-12-31,-0.016492561266413
usa,size,monthly,ew,5,2016-01-31,-0.0410464251502365
usa,size,monthly,ew,5,2016-02-29,-0.0095146527165788
usa,size,monthly,ew,5,2016-03-31,0.0097654244321438
usa,size,monthly,ew,5,2016-04-30,0.0382848522975653
usa,size,monthly,ew,5,2016-05-31,-0.0150794457534079
usa,size,monthly,ew,5,2016-06-30,-0.00390446857832852
usa,size,monthly,ew,5,2016-07-31,0.0190396438277798
usa,size,monthly,ew,5,2016-08-31,0.0199091930894211
usa,size,monthly,ew,5,2016-09-30,0.035856387273481
usa,size,monthly,ew,5,2016-10-31,-0.0400227688360781
usa,size,monthly,ew,5,2016-11-30,0.0208193460507113
usa,size,monthly,ew,5,2016-12-31,0.000455285874306877
usa,size,monthly,ew,5,2017-01-31,0.00850695010461728
usa,size,monthly,ew,5,2017-02-28,-0.00280137327818434
usa,size,monthly,ew,5,2017-03-31,0.00854746049648928
usa,size,monthly,ew,5,2017-04-30,-0.0182041058863528
usa,size,monthly,ew,5,2017-05-31,-0.0293575273980387
usa,size,monthly,ew,5,2017-06-30,0.0317481573837711
usa,size,monthly,ew,5,2017-07-31,-0.0157395132321739
usa,size,monthly,ew,5,2017-08-31,-0.00807784268068473
usa,size,monthly,ew,5,2017-09-30,0.0428090272744076
usa,size,monthly,ew,5,2017-10-31,-0.0187930579331278
usa,size,monthly,ew,5,2017-11-30,-0.00975170189343237
usa,size,monthly,ew,5,2017-12-31,-0.000832503220335547
usa,size,monthly,ew,5,2018-01-31,-0.00922833159146252
usa,size,monthly,ew,5,2018-02-28,0.000104343225786793
usa,size,monthly,ew,5,2018-03-31,0.0114545080616078
usa,size,monthly,ew,5,2018-04-30,0.00457658624336569
usa,size,monthly,ew,5,2018-05-31,0.0312435642747561
usa,size,monthly,ew,5,2018-06-30,-0.00772063874583482
usa,size,monthly,ew,5,2018-07-31,-0.0326924029082266
usa,size,monthly,ew,5,2018-08-31,0.001031162118363
usa,size,monthly,ew,5,2018-09-30,-0.0114369975293459
usa,size,monthly,ew,5,2018-10-31,-0.0193651705212002
usa,size,monthly,ew,5,2018-11-30,-0.0309535979528386
usa,size,monthly,ew,5,2018-12-31,-0.0370041101690991
usa,size,monthly,ew,5,2019-01-31,0.0571220411674178
usa,size,monthly,ew,5,2019-02-28,0.0132460019929531
usa,size,monthly,ew,5,2019-03-31,-0.0122938676272755
usa,size,monthly,ew,5,2019-04-30,-0.0237154904331808
usa,size,monthly,ew,5,2019-05-31,-0.013107970538864
usa,size,monthly,ew,5,2019-06-30,-0.0310851402272099
usa,size,monthly,ew,5,2019-07-31,-0.0323730793112561
usa,size,monthly,ew,5,2019-08-31,-0.021340183507728
usa,size,monthly,ew,5,2019-09-30,-0.00281864067821564
usa,size,monthly,ew,5,2019-10-31,-0.0155291804275894
usa,size,monthly,ew,5,2019-11-30,-0.00327648052181742
usa,size,monthly,ew,5,2019-12-31,0.0465456244896767
usa,size,monthly,ew,5,2020-01-31,0.0115457040135753
usa,size,monthly,ew,5,2020-02-29,0.0167310414883958
usa,size,monthly,ew,5,2020-03-31,-0.0403176000826944
usa,size,monthly,ew,5,2020-04-30,0.052995927195924
usa,size,monthly,ew,5,2020-05-31,0.00920591990868081
usa,size,monthly,ew,5,2020-06-30,0.0707364228169932
usa,size,monthly,ew,5,2020-07-31,-0.0119257705180455
usa,size,monthly,ew,5,2020-08-31,-0.0150308019308219
usa,size,monthly,ew,5,2020-09-30,-0.0111231284890104
usa,size,monthly,ew,5,2020-10-31,0.00144565561668509
usa,size,monthly,ew,5,2020-11-30,0.0712792338247966
usa,size,monthly,ew,5,2020-12-31,0.0561670364626839
usa,size,monthly,ew,5,2021-01-31,0.117125338407623
usa,size,monthly,ew,5,2021-02-28,0.0536610675687451
usa,size,monthly,ew,5,2021-03-31,-0.0260742210638975
usa,size,monthly,ew,5,2021-04-30,-0.0396566367727231
usa,size,monthly,ew,5,2021-05-31,0.00820996845072829
usa,size,monthly,ew,5,2021-06-30,0.0135490068101618
usa,size,monthly,ew,5,2021-07-31,-0.0472575745390991
usa,size,monthly,ew,5,2021-08-31,0.00800056111683863
usa,size,monthly,ew,5,2021-09-30,0.0104360531245995
usa,size,monthly,ew,5,2021-10-31,-0.0414005135863823
usa,size,monthly,ew,5,2021-11-30,-0.0247734971555787
usa,size,monthly,ew,5,2021-12-31,-0.0602742335059331
usa,size,monthly,ew,5,2022-01-31,-0.0118219043595018
usa,size,monthly,ew,5,2022-02-28,-0.00887523256539826
usa,size,monthly,ew,5,2022-03-31,0.00661998254173089
usa,size,monthly,ew,5,2022-04-30,-0.0335392668501258
usa,size,monthly,ew,5,2022-05-31,-0.0373547564395366
usa,size,monthly,ew,5,2022-06-30,0.042310767748137
usa,size,monthly,ew,5,2022-07-31,-0.0364899387327934
usa,size,monthly,ew,5,2022-08-31,0.0348929968962214
usa,size,monthly,ew,5,2022-09-30,-0.0128533180011066
usa,size,monthly,ew,5,2022-10-31,-0.0578804142615032
usa,size,monthly,ew,5,2022-11-30,-0.0753578686692693
usa,size,monthly,ew,5,2022-12-31,0.00156994868255141
usa,size,monthly,ew,5,2023-01-31,0.0922545277389398
usa,size,monthly,ew,5,2023-02-28,-0.023836571529839
usa,size,monthly,ew,5,2023-03-31,-0.0655637124232817
usa,size,monthly,ew,5,2023-04-30,-0.0101610007739449
usa,size,monthly,ew,5,2023-05-31,0.0362466686057642
usa,size,monthly,ew,5,2023-06-30,-0.0443946539427715
usa,size,monthly,ew,5,2023-07-31,0.00245617577721699
usa,size,monthly,ew,5,2023-08-31,-0.0493114717844612
usa,size,monthly,ew,5,2023-09-30,-0.0239367913228526
usa,size,monthly,ew,5,2023-10-31,-0.0446183314827269
usa,size,monthly,ew,5,2023-11-30,-0.0131412039392879
usa,size,monthly,ew,5,2023-12-31,0.0313114854825829
usa,size,monthly,ew,5,2024-01-31,-0.0197854134286935
usa,size,monthly,ew,5,2024-02-29,0.00226283882242977
usa,size,monthly,ew,5,2024-03-31,-0.0226153547535694
usa,size,monthly,ew,5,2024-04-30,-0.0226551092920248
usa,size,monthly,ew,5,2024-05-31,0.000581715476438682
usa,size,monthly,ew,5,2024-06-30,-0.0344249321884178
usa,size,monthly,ew,5,2024-07-31,0.0205055892866577
usa,size,monthly,ew,5,2024-08-31,-0.0553805871773301
usa,size,monthly,ew,5,2024-09-30,-0.0274257699324075
usa,size,monthly,ew,5,2024-10-31,0.018098155947659
usa,size,monthly,ew,5,2024-11-30,-0.00417493026110021
usa,size,monthly,ew,5,2024-12-31,0.0687816369831052
usa,value,monthly,ew,1,1926-12-31,0.0128466015947154
usa,value,monthly,ew,3,1927-01-31,-0.0215763527391304
usa,value,monthly,ew,3,1927-02-28,-0.0167161616187728
usa,value,monthly,ew,3,1927-03-31,0.0120380506310733
usa,value,monthly,ew,3,1927-04-30,-0.0116699360172956
usa,value,monthly,ew,3,1927-05-31,-0.026247464247406
usa,value,monthly,ew,3,1927-06-30,0.00642818534612377
usa,value,monthly,ew,3,1927-07-31,0.0135132656959054
usa,value,monthly,ew,3,1927-08-31,0.0153885511355976
usa,value,monthly,ew,3,1927-09-30,0.00955167742835437
usa,value,monthly,ew,3,1927-10-31,0.015422947276301
usa,value,monthly,ew,3,1927-11-30,-0.0224028279542595
usa,value,monthly,ew,3,1927-12-31,0.00705403688931793
usa,value,monthly,ew,3,1928-01-31,-0.0337071421951138
usa,value,monthly,ew,3,1928-02-29,0.00757735631330676
usa,value,monthly,ew,3,1928-03-31,-0.0132303530990492
usa,value,monthly,ew,3,1928-04-30,-0.0644622614862869
usa,value,monthly,ew,3,1928-05-31,0.0036481995580485
usa,value,monthly,ew,3,1928-06-30,0.0287532440340566
usa,value,monthly,ew,3,1928-07-31,-0.000492188689575138
usa,value,monthly,ew,3,1928-08-31,0.00362406314244558
usa,value,monthly,ew,3,1928-09-30,0.0065128092244558
usa,value,monthly,ew,3,1928-10-31,-0.0122719546986234
usa,value,monthly,ew,3,1928-11-30,-0.0497128416482429
usa,value,monthly,ew,3,1928-12-31,0.021893040813158
usa,value,monthly,ew,3,1929-01-31,-0.0129534084088784
usa,value,monthly,ew,3,1929-02-28,0.00299657083202601
usa,value,monthly,ew,3,1929-03-31,0.0118260613009378
usa,value,monthly,ew,3,1929-04-30,-0.00180896708399856
usa,value,monthly,ew,3,1929-05-31,0.0363405784533345
usa,value,monthly,ew,3,1929-06-30,-0.0323080043710622
usa,value,monthly,ew,3,1929-07-31,0.0100917340879466
usa,value,monthly,ew,3,1929-08-31,0.00149336705874667
usa,value,monthly,ew,3,1929-09-30,0.015238608082922
usa,value,monthly,ew,3,1929-10-31,0.0771000508740649
usa,value,monthly,ew,3,1929-11-30,0.00827085519229002
usa,value,monthly,ew,3,1929-12-31,0.0242859353976559
usa,value,monthly,ew,3,1930-01-31,-0.0197832468792147
usa,value,monthly,ew,3,1930-02-28,-0.0211813261952487
usa,value,monthly,ew,3,1930-03-31,-0.0337694338358647
usa,value,monthly,ew,3,1930-04-30,-0.00576075998704329
usa,value,monthly,ew,3,1930-05-31,0.026780108111557
usa,value,monthly,ew,3,1930-06-30,0.0254605473908849
usa,value,monthly,ew,3,1930-07-31,0.0162970607415076
usa,value,monthly,ew,3,1930-08-31,-0.0148162931926289
usa,value,monthly,ew,3,1930-09-30,0.0376662761183315
usa,value,monthly,ew,3,1930-10-31,0.0040177282260252
usa,value,monthly,ew,3,1930-11-30,0.0323876443777631
usa,value,monthly,ew,3,1930-12-31,0.0346302948635114
usa,value,monthly,ew,3,1931-01-31,-0.0601236967347885
usa,value,monthly,ew,3,1931-02-28,-0.0199142461510554
usa,value,monthly,ew,3,1931-03-31,-0.011204329223868
usa,value,monthly,ew,3,1931-04-30,-0.00882126358480972
usa,value,monthly,ew,3,1931-05-31,0.018581272111108
usa,value,monthly,ew,3,1931-06-30,-0.0385400186847927
usa,value,monthly,ew,3,1931-07-31,-0.0077247728954425
usa,value,monthly,ew,3,1931-08-31,0.0329367385709868
usa,value,monthly,ew,3,1931-09-30,0.0120620703675098
usa,value,monthly,ew,3,1931-10-31,-0.00627006446126068
usa,value,monthly,ew,3,1931-11-30,0.0170916212174694
usa,value,monthly,ew,3,1931-12-31,0.0414305520176946
usa,value,monthly,ew,3,1932-01-31,-0.0736483104648772
usa,value,monthly,ew,3,1932-02-29,0.00877874686644652
usa,value,monthly,ew,3,1932-03-31,0.00812825080681041
usa,value,monthly,ew,3,1932-04-30,0.00342570849120562
usa,value,monthly,ew,3,1932-05-31,-0.0521428953397092
usa,value,monthly,ew,3,1932-06-30,0.000607701372340309
usa,value,monthly,ew,3,1932-07-31,-0.100304097605583
usa,value,monthly,ew,3,1932-08-31,-0.340778465332428
usa,value,monthly,ew,3,1932-09-30,0.0450900181794517
usa,value,monthly,ew,3,1932-10-31,0.0580281110025649
usa,value,monthly,ew,3,1932-11-30,0.0449248278952472
usa,value,monthly,ew,3,1932-12-31,0.0527886867271517
usa,value,monthly,ew,3,1933-01-31,0.0281168654112702
usa,value,monthly,ew,3,1933-02-28,0.020986779900831
usa,value,monthly,ew,3,1933-03-31,-0.0330679893845922
usa,value,monthly,ew,3,1933-04-30,-0.153221978247114
usa,value,monthly,ew,3,1933-05-31,-0.391257737106027
usa,value,monthly,ew,3,1933-06-30,-0.108546142780719
usa,value,monthly,ew,3,1933-07-31,-0.0127367083024344
usa,value,monthly,ew,3,1933-08-31,0.0192188996053625
usa,value,monthly,ew,3,1933-09-30,0.0700558896507193
usa,value,monthly,ew,3,1933-10-31,0.0419088105316815
usa,value,monthly,ew,3,1933-11-30,0.0182343972657363
usa,value,monthly,ew,3,1933-12-31,0.00953388669537144
usa,value,monthly,ew,3,1934-01-31,-0.182454344088676
usa,value,monthly,ew,3,1934-02-28,-0.00726853564987134
usa,value,monthly,ew,3,1934-03-31,0.00757893786582197
usa,value,monthly,ew,3,1934-04-30,0.0290587945791611
usa,value,monthly,ew,3,1934-05-31,0.0685444631301047
usa,value,monthly,ew,3,1934-06-30,0.0398930450774953
usa,value,monthly,ew,3,1934-07-31,0.109402195192643
usa,value,monthly,ew,3,1934-08-31,-0.0490631178626651
usa,value,monthly,ew,3,1934-09-30,0.0172297472040005
usa,value,monthly,ew,3,1934-10-31,0.0410162165426552
usa,value,monthly,ew,3,1934-11-30,-0.0483210302818238
usa,value,monthly,ew,3,1934-12-31,0.0111260279852865
usa,value,monthly,ew,3,1935-01-31,0.00576879959334583
usa,value,monthly,ew,3,1935-02-28,0.0838629338502471
usa,value,monthly,ew,3,1935-03-31,0.0629209086119104
usa,value,monthly,ew,3,1935-04-30,-0.0289626740894942
usa,value,monthly,ew,3,1935-05-31,-0.00885748798760928
usa,value,monthly,ew,3,1935-06-30,0.024971646617254
usa,value,monthly,ew,3,1935-07-31,-0.0596274499102574
usa,value,monthly,ew,3,1935-08-31,-0.0804522140371762
usa,value,monthly,ew,3,1935-09-30,-0.000834329718349207
usa,value,monthly,ew,3,1935-10-31,-0.0240415410830877
usa,value,monthly,ew,3,1935-11-30,-0.141303166978793
usa,value,monthly,ew,3,1935-12-31,-0.0299178563603157
usa,value,monthly,ew,3,1936-01-31,-0.119732871356526
usa,value,monthly,ew,3,1936-02-29,-0.0294003500979695
usa,value,monthly,ew,3,1936-03-31,-0.00517931068562105
usa,value,monthly,ew,3,1936-04-30,0.0676281535675256
usa,value,monthly,ew,3,1936-05-31,-0.0325973690578957
usa,value,monthly,ew,3,1936-06-30,0.0285763655731442
usa,value,monthly,ew,3,1936-07-31,-0.0354231683195012
usa,value,monthly,ew,3,1936-08-31,-0.011146915064268
usa,value,monthly,ew,3,1936-09-30,-0.0218442545460853
usa,value,monthly,ew,3,1936-10-31,-0.00675787836123572
usa,value,monthly,ew,3,1936-11-30,-0.053343281637463
usa,value,monthly,ew,3,1936-12-31,-0.0381809690152292
usa,value,monthly,ew,3,1937-01-31,-0.0477015237383654
usa,value,monthly,ew,3,1937-02-28,-0.0137219108968516
usa,value,monthly,ew,3,1937-03-31,-0.0207356617642953
usa,value,monthly,ew,3,1937-04-30,0.046861579110544
usa,value,monthly,ew,3,1937-05-31,0.0181902881151181
usa,value,monthly,ew,3,1937-06-30,0.0394474256300387
usa,value,monthly,ew,3,1937-07-31,-0.0288156773695626
usa,value,monthly,ew,3,1937-08-31,0.0296042177418825
usa,value,monthly,ew,3,1937-09-30,0.0764311032017849
usa,value,monthly,ew,3,1937-10-31,0.0107645060856758
usa,value,monthly,ew,3,1937-11-30,0.0169359444265016
usa,value,monthly,ew,3,1937-12-31,0.0267599274057812
usa,value,monthly,ew,3,1938-01-31,0.00642894259365711
usa,value,monthly,ew,3,1938-02-28,-0.00742392475313287
usa,value,monthly,ew,3,1938-03-31,0.0641270799196659
usa,value,monthly,ew,3,1938-04-30,-0.053207285532884
usa,value,monthly,ew,3,1938-05-31,0.0246027819544265
usa,value,monthly,ew,3,1938-06-30,-0.0509811422731096
usa,value,monthly,ew,3,1938-07-31,-0.0273042000358399
usa,value,monthly,ew,3,1938-08-31,0.0383227641844716
usa,value,monthly,ew,3,1938-09-30,0.00283851932618724
usa,value,monthly,ew,3,1938-10-31,-0.0517920927391748
usa,value,monthly,ew,3,1938-11-30,0.0357109094279207
usa,value,monthly,ew,3,1938-12-31,-0.0152919129683201
usa,value,monthly,ew,3,1939-01-31,0.0480328786606864
usa,value,monthly,ew,3,1939-02-28,0.0014262371351919
usa,value,monthly,ew,3,1939-03-31,0.111894088906185
usa,value,monthly,ew,3,1939-04-30,-0.00960859019071446
usa,value,monthly,ew,3,1939-05-31,-0.000569200476677661
usa,value,monthly,ew,3,1939-06-30,0.0693074489850609
usa,value,monthly,ew,3,1939-07-31,-0.0627166510839011
usa,value,monthly,ew,3,1939-08-31,0.0446158387533511
usa,value,monthly,ew,3,1939-09-30,-0.391707039840396
usa,value,monthly,ew,3,1939-10-31,0.0526921232191885
usa,value,monthly,ew,3,1939-11-30,0.0828788803052991
usa,value,monthly,ew,3,1939-12-31,0.0172967389342367
usa,value,monthly,ew,3,1940-01-31,0.0304720260538953
usa,value,monthly,ew,3,1940-02-29,-0.00299596080331222
usa,value,monthly,ew,3,1940-03-31,-0.012945944785195
usa,value,monthly,ew,3,1940-04-30,-0.0105155831817107
usa,value,monthly,ew,3,1940-05-31,0.0576697033730484
usa,value,monthly,ew,3,1940-06-30,-0.0112532918795705
usa,value,monthly,ew,3,1940-07-31,0.0151661707088428
usa,value,monthly,ew,3,1940-08-31,0.00615690006397054
usa,value,monthly,ew,3,1940-09-30,-0.000661246928470865
usa,value,monthly,ew,3,1940-10-31,-0.0191302402885746
usa,value,monthly,ew,3,1940-11-30,0.0231387446963927
usa,value,monthly,ew,3,1940-12-31,0.0193841769590874
usa,value,monthly,ew,3,1941-01-31,-0.0146862151344809
usa,value,monthly,ew,3,1941-02-28,0.00936163417848671
usa,value,monthly,ew,3,1941-03-31,-0.00604853932738209
usa,value,monthly,ew,3,1941-04-30,0.0108214564697428
usa,value,monthly,ew,3,1941-05-31,0.00858460460387273
usa,value,monthly,ew,3,1941-06-30,-0.0236568849940246
usa,value,monthly,ew,3,1941-07-31,-0.0767339453708856
usa,value,monthly,ew,3,1941-08-31,0.00746980158781562
usa,value,monthly,ew,3,1941-09-30,0.0218173137520257
usa,value,monthly,ew,3,1941-10-31,0.0176996178515915
usa,value,monthly,ew,3,1941-11-30,0.0277227032541775
usa,value,monthly,ew,3,1941-12-31,0.0248770987072328
usa,value,monthly,ew,3,1942-01-31,-0.0841509305880451
usa,value,monthly,ew,3,1942-02-28,0.00360043652327315
usa,value,monthly,ew,3,1942-03-31,0.0412311986351231
usa,value,monthly,ew,3,1942-04-30,0.0223309069126437
usa,value,monthly,ew,3,1942-05-31,0.0152911739884606
usa,value,monthly,ew,3,1942-06-30,-0.00225550675003224
usa,value,monthly,ew,3,1942-07-31,-0.00981838831748562
usa,value,monthly,ew,3,1942-08-31,-0.0116022868003092
usa,value,monthly,ew,3,1942-09-30,-0.03749772364371
usa,value,monthly,ew,3,1942-10-31,-0.0387059708721798
usa,value,monthly,ew,3,1942-11-30,0.0274031445567432
usa,value,monthly,ew,3,1942-12-31,0.00961364824283262
usa,value,monthly,ew,3,1943-01-31,-0.0788898171380169
usa,value,monthly,ew,3,1943-02-28,-0.0926664858492829
usa,value,monthly,ew,3,1943-03-31,-0.00738608251529752
usa,value,monthly,ew,3,1943-04-30,-0.0231102442243582
usa,value,monthly,ew,3,1943-05-31,-0.0444812855489275
usa,value,monthly,ew,3,1943-06-30,0.012926631689008
usa,value,monthly,ew,3,1943-07-31,0.022723301423113
usa,value,monthly,ew,3,1943-08-31,0.0140477541587768
usa,value,monthly,ew,3,1943-09-30,-0.00629793935708686
usa,value,monthly,ew,3,1943-10-31,0.01202980231919
usa,value,monthly,ew,3,1943-11-30,0.029759341682126
usa,value,monthly,ew,3,1943-12-31,-0.0204623313483345
usa,value,monthly,ew,3,1944-01-31,-0.00796096146201419
usa,value,monthly,ew,3,1944-02-29,0.00661843463276718
usa,value,monthly,ew,3,1944-03-31,0.00405447229605546
usa,value,monthly,ew,3,1944-04-30,0.00567760626386192
usa,value,monthly,ew,3,1944-05-31,-0.00424878015469677
usa,value,monthly,ew,3,1944-06-30,-0.0204133702709271
usa,value,monthly,ew,3,1944-07-31,0.00628366001839667
usa,value,monthly,ew,3,1944-08-31,-0.0162235369062577
usa,value,monthly,ew,3,1944-09-30,0.022077004827733
usa,value,monthly,ew,3,1944-10-31,0.0143637270969988
usa,value,monthly,ew,3,1944-11-30,0.0083552330932031
usa,value,monthly,ew,3,1944-12-31,-0.00986130125010618
usa,value,monthly,ew,3,1945-01-31,-0.0104605990231285
usa,value,monthly,ew,3,1945-02-28,-0.00861597850441189
usa,value,monthly,ew,3,1945-03-31,0.0318387087828725
usa,value,monthly,ew,3,1945-04-30,-0.0217892032886592
usa,value,monthly,ew,3,1945-05-31,-0.0180449531063567
usa,value,monthly,ew,3,1945-06-30,-0.0361139496107585
usa,value,monthly,ew,3,1945-07-31,0.00708772298223903
usa,value,monthly,ew,3,1945-08-31,-0.0157309970421942
usa,value,monthly,ew,3,1945-09-30,0.00381465758412318
usa,value,monthly,ew,3,1945-10-31,0.00788581713204256
usa,value,monthly,ew,3,1945-11-30,-0.0121078146150211
usa,value,monthly,ew,3,1945-12-31,-0.00106203997427645
usa,value,monthly,ew,3,1946-01-31,-0.0306516917881892
usa,value,monthly,ew,3,1946-02-28,0.0255241162727718
usa,value,monthly,ew,3,1946-03-31,0.0221954455499385
usa,value,monthly,ew,3,1946-04-30,0.00723518097630291
usa,value,monthly,ew,3,1946-05-31,-0.000466436345050829
usa,value,monthly,ew,3,1946-06-30,0.00641263824188246
usa,value,monthly,ew,3,1946-07-31,0.0177893791604488
usa,value,monthly,ew,3,1946-08-31,0.0244233360054331
usa,value,monthly,ew,3,1946-09-30,0.0317489222703214
usa,value,monthly,ew,3,1946-10-31,0.00438842764734199
usa,value,monthly,ew,3,1946-11-30,0.000450055718054451
usa,value,monthly,ew,3,1946-12-31,-0.0100738913781073
usa,value,monthly,ew,3,1947-01-31,-0.00978941299163941
usa,value,monthly,ew,3,1947-02-28,0.00861031693806832
usa,value,monthly,ew,3,1947-03-31,0.0060052937193223
usa,value,monthly,ew,3,1947-04-30,0.0209125518899677
usa,value,monthly,ew,3,1947-05-31,0.0102487616257651
usa,value,monthly,ew,3,1947-06-30,-0.0118272776253662
usa,value,monthly,ew,3,1947-07-31,-0.0037849498767149
usa,value,monthly,ew,3,1947-08-31,0.0082804474242821
usa,value,monthly,ew,3,1947-09-30,-0.000895981807028067
usa,value,monthly,ew,3,1947-10-31,0.00036541461924448
usa,value,monthly,ew,3,1947-11-30,0.0102305963209595
usa,value,monthly,ew,3,1947-12-31,-0.00855515773026135
usa,value,monthly,ew,3,1948-01-31,-0.00800983852153119
usa,value,monthly,ew,3,1948-02-29,0.0121102893184791
usa,value,monthly,ew,3,1948-03-31,-0.00991359117051775
usa,value,monthly,ew,3,1948-04-30,-0.00929758887741209
usa,value,monthly,ew,3,1948-05-31,-0.00410258213516749
usa,value,monthly,ew,3,1948-06-30,-0.00286780176028119
usa,value,monthly,ew,3,1948-07-31,0.0177074271436748
usa,value,monthly,ew,3,1948-08-31,0.0117373918089384
usa,value,monthly,ew,3,1948-09-30,0.0185790990310081
usa,value,monthly,ew,3,1948-10-31,-0.0163255631152008
usa,value,monthly,ew,3,1948-11-30,0.0276906722472208
usa,value,monthly,ew,3,1948-12-31,-0.00674017581458921
usa,value,monthly,ew,3,1949-01-31,-0.000994366421623882
usa,value,monthly,ew,3,1949-02-28,0.000925379586351152
usa,value,monthly,ew,3,1949-03-31,-0.00915108428762277
usa,value,monthly,ew,3,1949-04-30,-0.0010283688985351
usa,value,monthly,ew,3,1949-05-31,0.00951857614274486
usa,value,monthly,ew,3,1949-06-30,-0.00291414639145577
usa,value,monthly,ew,3,1949-07-31,0.00556233641540497
usa,value,monthly,ew,3,1949-08-31,0.00575968225399388
usa,value,monthly,ew,3,1949-09-30,-0.00882763688261061
usa,value,monthly,ew,3,1949-10-31,-0.00740045434980807
usa,value,monthly,ew,3,1949-11-30,0.0144197762147281
usa,value,monthly,ew,3,1949-12-31,-0.00395268180366569
usa,value,monthly,ew,3,1950-01-31,0.00506988883339898
usa,value,monthly,ew,3,1950-02-28,-0.00309482775189809
usa,value,monthly,ew,3,1950-03-31,-0.00615497940283342
usa,value,monthly,ew,3,1950-04-30,-0.013960482369518
usa,value,monthly,ew,3,1950-05-31,0.0128535245641319
usa,value,monthly,ew,3,1950-06-30,0.0229533963122902
usa,value,monthly,ew,3,1950-07-31,0.0103098347552862
usa,value,monthly,ew,3,1950-08-31,0.00692497642595482
usa,value,monthly,ew,3,1950-09-30,0.00403063327663296
usa,value,monthly,ew,3,1950-10-31,0.000749598621905292
usa,value,monthly,ew,12,1950-11-30,-0.00612719026195755
usa,value,monthly,ew,12,1950-12-31,-0.00583872542749544
usa,value,monthly,ew,12,1951-01-31,0.0243048574929961
usa,value,monthly,ew,12,1951-02-28,0.0156452057411471
usa,value,monthly,ew,12,1951-03-31,0.000535157996219761
usa,value,monthly,ew,12,1951-04-30,0.0133716553463986
usa,value,monthly,ew,12,1951-05-31,0.00094005571154828
usa,value,monthly,ew,12,1951-06-30,-0.0149276423937535
usa,value,monthly,ew,12,1951-07-31,-0.00343037893955377
usa,value,monthly,ew,12,1951-08-31,0.0073305622290277
usa,value,monthly,ew,12,1951-09-30,0.0059064644605658
usa,value,monthly,ew,12,1951-10-31,0.00674992741376958
usa,value,monthly,ew,14,1951-11-30,0.00129030492643191
usa,value,monthly,ew,14,1951-12-31,-0.0111158348681743
usa,value,monthly,ew,14,1952-01-31,0.00112173232845735
usa,value,monthly,ew,14,1952-02-29,0.013242033237823
usa,value,monthly,ew,14,1952-03-31,0.00641381849977857
usa,value,monthly,ew,14,1952-04-30,0.000841220561439248
usa,value,monthly,ew,14,1952-05-31,-0.00503338987998231
usa,value,monthly,ew,14,1952-06-30,0.00278849964411098
usa,value,monthly,ew,14,1952-07-31,0.00719248757526082
usa,value,monthly,ew,14,1952-08-31,0.0051428788059701
usa,value,monthly,ew,14,1952-09-30,0.000257500602099376
usa,value,monthly,ew,14,1952-10-31,0.0019540830449644
usa,value,monthly,ew,14,1952-11-30,0.00469771070424321
usa,value,monthly,ew,14,1952-12-31,-0.000694948927129002
usa,value,monthly,ew,14,1953-01-31,0.0219452620380005
usa,value,monthly,ew,14,1953-02-28,-0.00113955822866236
usa,value,monthly,ew,14,1953-03-31,-0.00346483698555236
usa,value,monthly,ew,14,1953-04-30,0.00597166319285246
usa,value,monthly,ew,14,1953-05-31,0.00160013642076455
usa,value,monthly,ew,14,1953-06-30,-0.00496000108209961
usa,value,monthly,ew,14,1953-07-31,-0.000768300740525279
usa,value,monthly,ew,14,1953-08-31,-0.00905666247475731
usa,value,monthly,ew,14,1953-09-30,-0.00774757759689712
usa,value,monthly,ew,14,1953-10-31,0.0067306191120468
usa,value,monthly,ew,14,1953-11-30,-0.00725697699843204
usa,value,monthly,ew,14,1953-12-31,-0.0118808749011143
usa,value,monthly,ew,14,1954-01-31,0.0192838736723055
usa,value,monthly,ew,14,1954-02-28,-0.00385107303508592
usa,value,monthly,ew,14,1954-03-31,-0.00681378164358788
usa,value,monthly,ew,14,1954-04-30,-0.0155893013964172
usa,value,monthly,ew,14,1954-05-31,0.0105659832852967
usa,value,monthly,ew,14,1954-06-30,0.000756304530488879
usa,value,monthly,ew,14,1954-07-31,0.0185329806180099
usa,value,monthly,ew,14,1954-08-31,0.0140693780263866
usa,value,monthly,ew,14,1954-09-30,-0.00319249478124609
usa,value,monthly,ew,14,1954-10-31,0.00263554304872731
usa,value,monthly,ew,14,1954-11-30,0.00152552625166897
usa,value,monthly,ew,14,1954-12-31,0.0297191372180513
usa,value,monthly,ew,14,1955-01-31,0.0157750520557306
usa,value,monthly,ew,14,1955-02-28,0.00197218090681343
usa,value,monthly,ew,14,1955-03-31,-0.00415564455445205
usa,value,monthly,ew,14,1955-04-30,-0.00626587719793404
usa,value,monthly,ew,14,1955-05-31,-0.00931539821505966
usa,value,monthly,ew,14,1955-06-30,-0.007403788052009
usa,value,monthly,ew,14,1955-07-31,0.0115588281599929
usa,value,monthly,ew,14,1955-08-31,-0.000406310073433312
usa,value,monthly,ew,14,1955-09-30,0.00206849279475851
usa,value,monthly,ew,14,1955-10-31,0.00936649323191653
usa,value,monthly,ew,14,1955-11-30,-0.0108139331966062
usa,value,monthly,ew,14,1955-12-31,-0.00929102806562456
usa,value,monthly,ew,14,1956-01-31,0.0137296783613312
usa,value,monthly,ew,14,1956-02-29,-0.0139737622113645
usa,value,monthly,ew,14,1956-03-31,-0.0247896133084251
usa,value,monthly,ew,14,1956-04-30,-0.0129701723650799
usa,value,monthly,ew,14,1956-05-31,0.00144640069915453
usa,value,monthly,ew,14,1956-06-30,-0.0195162148481068
usa,value,monthly,ew,14,1956-07-31,-0.00769597940567833
usa,value,monthly,ew,14,1956-08-31,0.0171123786621259
usa,value,monthly,ew,14,1956-09-30,0.0250112768708695
usa,value,monthly,ew,14,1956-10-31,-0.000719849457562949
usa,value,monthly,ew,14,1956-11-30,-0.000802705897588645
usa,value,monthly,ew,14,1956-12-31,-0.0153327795105643
usa,value,monthly,ew,14,1957-01-31,0.0307466371108795
usa,value,monthly,ew,14,1957-02-28,-0.00537226463810904
usa,value,monthly,ew,14,1957-03-31,-0.00388485632894101
usa,value,monthly,ew,14,1957-04-30,-0.0120234912590913
usa,value,monthly,ew,14,1957-05-31,-0.0183210233155833
usa,value,monthly,ew,14,1957-06-30,-0.00960909339946689
usa,value,monthly,ew,14,1957-07-31,0.00483483796061536
usa,value,monthly,ew,14,1957-08-31,0.0162219942121911
usa,value,monthly,ew,14,1957-09-30,0.0142309340082701
usa,value,monthly,ew,14,1957-10-31,-0.00173438267926421
usa,value,monthly,ew,14,1957-11-30,-0.0223666392542167
usa,value,monthly,ew,14,1957-12-31,-0.0107859399586607
usa,value,monthly,ew,14,1958-01-31,0.0484806560566705
usa,value,monthly,ew,14,1958-02-28,-0.000902425349732095
usa,value,monthly,ew,14,1958-03-31,-0.002340796050254
usa,value,monthly,ew,14,1958-04-30,-0.00193653851407725
usa,value,monthly,ew,14,1958-05-31,0.00485453998385383
usa,value,monthly,ew,14,1958-06-30,0.000501368862567191
usa,value,monthly,ew,14,1958-07-31,0.00830785139552079
usa,value,monthly,ew,14,1958-08-31,0.00572248956049024
usa,value,monthly,ew,14,1958-09-30,0.0116783069916872
usa,value,monthly,ew,14,1958-10-31,-0.00349076589023655
usa,value,monthly,ew,14,1958-11-30,-0.00364547088870828
usa,value,monthly,ew,14,1958-12-31,-0.00221158286466179
usa,value,monthly,ew,14,1959-01-31,0.035511321198755
usa,value,monthly,ew,14,1959-02-28,0.00162443517716438
usa,value,monthly,ew,14,1959-03-31,0.00599797574342755
usa,value,monthly,ew,14,1959-04-30,-0.0151448985123333
usa,value,monthly,ew,14,1959-05-31,0.0000257037740237301
usa,value,monthly,ew,14,1959-06-30,-0.0132161107420897
usa,value,monthly,ew,14,1959-07-31,0.00792866177685659
usa,value,monthly,ew,14,1959-08-31,0.0107207011443709
usa,value,monthly,ew,14,1959-09-30,0.0087623274166421
usa,value,monthly,ew,14,1959-10-31,-0.0148501387298379
usa,value,monthly,ew,14,1959-11-30,-0.00913382920856828
usa,value,monthly,ew,14,1959-12-31,-0.00551746157878385
usa,value,monthly,ew,14,1960-01-31,0.0257803673729468
usa,value,monthly,ew,14,1960-02-29,-0.00455166270438042
usa,value,monthly,ew,14,1960-03-31,-0.00947253496708682
usa,value,monthly,ew,14,1960-04-30,-0.00250477521707868
usa,value,monthly,ew,14,1960-05-31,-0.0403768528747217
usa,value,monthly,ew,14,1960-06-30,0.00776266452063905
usa,value,monthly,ew,14,1960-07-31,0.0258992033831882
usa,value,monthly,ew,14,1960-08-31,0.00699135797934941
usa,value,monthly,ew,14,1960-09-30,0.00919420772307798
usa,value,monthly,ew,14,1960-10-31,-0.00360848809641015
usa,value,monthly,ew,14,1960-11-30,-0.021473609307632
usa,value,monthly,ew,14,1960-12-31,-0.0046969728225382
usa,value,monthly,ew,14,1961-01-31,0.0370344650335732
usa,value,monthly,ew,14,1961-02-28,0.00250350909426257
usa,value,monthly,ew,14,1961-03-31,-0.000530919312415965
usa,value,monthly,ew,14,1961-04-30,0.00458815855250575
usa,value,monthly,ew,14,1961-05-31,0.0157135424325858
usa,value,monthly,ew,14,1961-06-30,0.00431320383711053
usa,value,monthly,ew,14,1961-07-31,0.00271862431482659
usa,value,monthly,ew,14,1961-08-31,-0.00765920314895916
usa,value,monthly,ew,14,1961-09-30,0.00377213384716633
usa,value,monthly,ew,14,1961-10-31,-0.00230644147769164
usa,value,monthly,ew,14,1961-11-30,-0.00568804860668205
usa,value,monthly,ew,14,1961-12-31,0.022499855569344
usa,value,monthly,ew,14,1962-01-31,0.0345506299284722
usa,value,monthly,ew,14,1962-02-28,0.00482502300674752
usa,value,monthly,ew,14,1962-03-31,0.00120705889125384
usa,value,monthly,ew,14,1962-04-30,0.0144809291341086
usa,value,monthly,ew,14,1962-05-31,0.0495645558169989
usa,value,monthly,ew,14,1962-06-30,0.0214975914192137
usa,value,monthly,ew,14,1962-07-31,-0.0215112146988701
usa,value,monthly,ew,14,1962-08-31,-0.0115176044009465
usa,value,monthly,ew,14,1962-09-30,0.010982911438674
usa,value,monthly,ew,14,1962-10-31,0.00936665724556268
usa,value,monthly,ew,14,1962-11-30,-0.00429711822256379
usa,value,monthly,ew,14,1962-12-31,-0.00389137121026464
usa,value,monthly,ew,14,1963-01-31,0.0175463027646216
usa,value,monthly,ew,14,1963-02-28,0.00801226694419713
usa,value,monthly,ew,14,1963-03-31,0.000845510544100376
usa,value,monthly,ew,14,1963-04-30,-1.53358553737453e-6
usa,value,monthly,ew,14,1963-05-31,0.00333678660353931
usa,value,monthly,ew,14,1963-06-30,-0.00214394686452872
usa,value,monthly,ew,14,1963-07-31,-0.00613618745844733
usa,value,monthly,ew,14,1963-08-31,-0.00907498196088568
usa,value,monthly,ew,14,1963-09-30,0.00571620494539747
usa,value,monthly,ew,14,1963-10-31,0.00141363310624918
usa,value,monthly,ew,14,1963-11-30,0.00660381934588652
usa,value,monthly,ew,14,1963-12-31,-0.00449370190778955
usa,value,monthly,ew,14,1964-01-31,0.0041778510966016
usa,value,monthly,ew,14,1964-02-29,0.00737060265208517
usa,value,monthly,ew,14,1964-03-31,0.0210398042028758
usa,value,monthly,ew,14,1964-04-30,0.000978988853210872
usa,value,monthly,ew,14,1964-05-31,-0.0036035105526848
usa,value,monthly,ew,14,1964-06-30,0.00691186289587247
usa,value,monthly,ew,14,1964-07-31,0.00519521536424133
usa,value,monthly,ew,14,1964-08-31,0.0042773172483092
usa,value,monthly,ew,14,1964-09-30,-0.00114843874434878
usa,value,monthly,ew,14,1964-10-31,0.00174496745371708
usa,value,monthly,ew,14,1964-11-30,-0.0040140569871377
usa,value,monthly,ew,14,1964-12-31,-0.00625991982436852
usa,value,monthly,ew,14,1965-01-31,-0.00197789435374497
usa,value,monthly,ew,14,1965-02-28,0.0000647117362092513
usa,value,monthly,ew,14,1965-03-31,0.00973928627187067
usa,value,monthly,ew,14,1965-04-30,0.00394633835233581
usa,value,monthly,ew,14,1965-05-31,0.00246607354884371
usa,value,monthly,ew,14,1965-06-30,0.00976556717403822
usa,value,monthly,ew,14,1965-07-31,0.00052784642575152
usa,value,monthly,ew,14,1965-08-31,-0.00918501800891498
usa,value,monthly,ew,14,1965-09-30,-0.00417948974982443
usa,value,monthly,ew,14,1965-10-31,0.000101536971123229
usa,value,monthly,ew,14,1965-11-30,-0.0105713246530006
usa,value,monthly,ew,14,1965-12-31,0.00451336732378709
usa,value,monthly,ew,14,1966-01-31,0.00312793522553551
usa,value,monthly,ew,14,1966-02-28,-0.0166541703723625
usa,value,monthly,ew,14,1966-03-31,-0.0135478956881867
usa,value,monthly,ew,14,1966-04-30,-0.0220056020538504
usa,value,monthly,ew,14,1966-05-31,0.0225190114009171
usa,value,monthly,ew,14,1966-06-30,-0.00566047696269759
usa,value,monthly,ew,14,1966-07-31,0.00505203755253762
usa,value,monthly,ew,14,1966-08-31,0.0122543692362546
usa,value,monthly,ew,14,1966-09-30,0.00652265001336345
usa,value,monthly,ew,14,1966-10-31,0.0296909234233805
usa,value,monthly,ew,14,1966-11-30,-0.0373511635994306
usa,value,monthly,ew,14,1966-12-31,-0.0130100488257687
usa,value,monthly,ew,14,1967-01-31,0.0139780688005526
usa,value,monthly,ew,14,1967-02-28,-0.0120998160657507
usa,value,monthly,ew,14,1967-03-31,-0.0187096770071767
usa,value,monthly,ew,14,1967-04-30,-0.0154115009478792
usa,value,monthly,ew,14,1967-05-31,0.000607577822978196
usa,value,monthly,ew,14,1967-06-30,-0.0321850928109435
usa,value,monthly,ew,14,1967-07-31,0.00627191238960664
usa,value,monthly,ew,14,1967-08-31,0.0189368685517075
usa,value,monthly,ew,14,1967-09-30,-0.0223237259118434
usa,value,monthly,ew,14,1967-10-31,-0.0175039325872753
usa,value,monthly,ew,14,1967-11-30,-0.00763821050173491
usa,value,monthly,ew,14,1967-12-31,-0.0273183519647863
usa,value,monthly,ew,14,1968-01-31,0.0402747727039459
usa,value,monthly,ew,14,1968-02-29,0.0429237827673442
usa,value,monthly,ew,14,1968-03-31,0.00260837877969073
usa,value,monthly,ew,14,1968-04-30,-0.0567067902146419
usa,value,monthly,ew,14,1968-05-31,-0.0292606420029478
usa,value,monthly,ew,14,1968-06-30,0.0344864054850832
usa,value,monthly,ew,14,1968-07-31,0.0262506528581707
usa,value,monthly,ew,14,1968-08-31,0.00158531539059466
usa,value,monthly,ew,14,1968-09-30,-0.00302903667379131
usa,value,monthly,ew,14,1968-10-31,0.0167953767028423
usa,value,monthly,ew,14,1968-11-30,-0.000602078657593322
usa,value,monthly,ew,14,1968-12-31,-0.00259759356128552
usa,value,monthly,ew,14,1969-01-31,0.0118776616511452
usa,value,monthly,ew,14,1969-02-28,0.0300177799496812
usa,value,monthly,ew,14,1969-03-31,-0.016090865904071
usa,value,monthly,ew,14,1969-04-30,-0.00948256475004623
usa,value,monthly,ew,14,1969-05-31,-0.00985955704066302
usa,value,monthly,ew,14,1969-06-30,0.0182935459304248
usa,value,monthly,ew,14,1969-07-31,0.0226431923240467
usa,value,monthly,ew,14,1969-08-31,-0.0319583723717369
usa,value,monthly,ew,14,1969-09-30,-0.0140696974645263
usa,value,monthly,ew,14,1969-10-31,-0.0143323610588667
usa,value,monthly,ew,14,1969-11-30,-0.000581251674111335
usa,value,monthly,ew,14,1969-12-31,-0.0157046265799001
usa,value,monthly,ew,14,1970-01-31,0.0260618784777918
usa,value,monthly,ew,14,1970-02-28,0.0110209254725882
usa,value,monthly,ew,14,1970-03-31,0.0415139547966977
usa,value,monthly,ew,14,1970-04-30,0.0597153597643906
usa,value,monthly,ew,14,1970-05-31,0.0193184289533568
usa,value,monthly,ew,14,1970-06-30,0.00219585838946529
usa,value,monthly,ew,14,1970-07-31,0.0121160338766185
usa,value,monthly,ew,14,1970-08-31,0.00766543889073157
usa,value,monthly,ew,14,1970-09-30,-0.0203379002677548
usa,value,monthly,ew,14,1970-10-31,0.00567047038145364
usa,value,monthly,ew,14,1970-11-30,0.00974304740476913
usa,value,monthly,ew,14,1970-12-31,0.0289338015658085
usa,value,monthly,ew,14,1971-01-31,0.024637475057876
usa,value,monthly,ew,14,1971-02-28,-0.00826802482553059
usa,value,monthly,ew,14,1971-03-31,-0.0128126670147454
usa,value,monthly,ew,14,1971-04-30,-0.00790829110906709
usa,value,monthly,ew,14,1971-05-31,-0.00487738050082244
usa,value,monthly,ew,14,1971-06-30,-0.0113920684028654
usa,value,monthly,ew,14,1971-07-31,0.0138019402185604
usa,value,monthly,ew,14,1971-08-31,0.000893953244673168
usa,value,monthly,ew,14,1971-09-30,-0.0152936179263229
usa,value,monthly,ew,14,1971-10-31,0.0129079322416779
usa,value,monthly,ew,18,1971-11-30,-0.00181705404567432
usa,value,monthly,ew,18,1971-12-31,-0.0190482318072368
usa,value,monthly,ew,18,1972-01-31,-0.00725544983828333
usa,value,monthly,ew,18,1972-02-29,-0.0190464563495216
usa,value,monthly,ew,18,1972-03-31,-0.00559660100493431
usa,value,monthly,ew,18,1972-04-30,-0.00162530392968541
usa,value,monthly,ew,18,1972-05-31,-0.0211332210194147
usa,value,monthly,ew,18,1972-06-30,-0.00421580269204352
usa,value,monthly,ew,18,1972-07-31,0.012911813276783
usa,value,monthly,ew,18,1972-08-31,0.0234467595669044
usa,value,monthly,ew,18,1972-09-30,0.00406140279111075
usa,value,monthly,ew,18,1972-10-31,0.0121847116020001
usa,value,monthly,ew,18,1972-11-30,0.0259475452233187
usa,value,monthly,ew,18,1972-12-31,-0.0172315191182823
usa,value,monthly,ew,18,1973-01-31,0.0148116542458126
usa,value,monthly,ew,18,1973-02-28,0.0275880875313563
usa,value,monthly,ew,18,1973-03-31,0.0106228586120521
usa,value,monthly,ew,18,1973-04-30,0.0356449868269479
usa,value,monthly,ew,18,1973-05-31,0.0126002096724857
usa,value,monthly,ew,18,1973-06-30,0.0112921203296756
usa,value,monthly,ew,18,1973-07-31,-0.0307832695491709
usa,value,monthly,ew,18,1973-08-31,-0.00583543496706145
usa,value,monthly,ew,18,1973-09-30,-0.00986896887317112
usa,value,monthly,ew,18,1973-10-31,0.00283059588222188
usa,value,monthly,ew,18,1973-11-30,0.0166579947403992
usa,value,monthly,ew,18,1973-12-31,-0.0102658763618021
usa,value,monthly,ew,18,1974-01-31,0.0554920072448454
usa,value,monthly,ew,18,1974-02-28,0.0207409173048527
usa,value,monthly,ew,18,1974-03-31,0.0173454710589185
usa,value,monthly,ew,18,1974-04-30,0.0107555424207381
usa,value,monthly,ew,18,1974-05-31,0.00972681854253761
usa,value,monthly,ew,18,1974-06-30,0.0061785357208019
usa,value,monthly,ew,18,1974-07-31,0.0311755893295445
usa,value,monthly,ew,18,1974-08-31,0.0193326378367077
usa,value,monthly,ew,18,1974-09-30,0.0356940062010484
usa,value,monthly,ew,18,1974-10-31,-0.0390300835753436
usa,value,monthly,ew,18,1974-11-30,0.00324758028673414
usa,value,monthly,ew,18,1974-12-31,0.00453940336517254
usa,value,monthly,ew,18,1975-01-31,0.0479507315276372
usa,value,monthly,ew,18,1975-02-28,-0.0201536427471923
usa,value,monthly,ew,18,1975-03-31,0.00788322025559035
usa,value,monthly,ew,18,1975-04-30,-0.0170529508495563
usa,value,monthly,ew,18,1975-05-31,-0.0169079812200966
usa,value,monthly,ew,18,1975-06-30,0.0108553797972344
usa,value,monthly,ew,18,1975-07-31,0.0277702953657508
usa,value,monthly,ew,18,1975-08-31,0.0107698209166604
usa,value,monthly,ew,18,1975-09-30,0.0155147226157592
usa,value,monthly,ew,18,1975-10-31,-0.000512093179648847
usa,value,monthly,ew,18,1975-11-30,0.0108349643063981
usa,value,monthly,ew,18,1975-12-31,0.0119802944473257
usa,value,monthly,ew,18,1976-01-31,0.0242354820102029
usa,value,monthly,ew,18,1976-02-29,0.0250807449393708
usa,value,monthly,ew,18,1976-03-31,0.00177866728629468
usa,value,monthly,ew,18,1976-04-30,0.00994967401945466
usa,value,monthly,ew,18,1976-05-31,0.00812941898973605
usa,value,monthly,ew,18,1976-06-30,-0.000996291201600591
usa,value,monthly,ew,18,1976-07-31,0.0126253172574955
usa,value,monthly,ew,18,1976-08-31,0.018768339290136
usa,value,monthly,ew,18,1976-09-30,0.00424957610900497
usa,value,monthly,ew,18,1976-10-31,0.00979766670362701
usa,value,monthly,ew,18,1976-11-30,0.00218920035103805
usa,value,monthly,ew,18,1976-12-31,0.00369030506829884
usa,value,monthly,ew,18,1977-01-31,0.0177413666512611
usa,value,monthly,ew,18,1977-02-28,0.00810717398591891
usa,value,monthly,ew,18,1977-03-31,0.00191084411906597
usa,value,monthly,ew,18,1977-04-30,0.00392913293943936
usa,value,monthly,ew,18,1977-05-31,0.00866168418552069
usa,value,monthly,ew,18,1977-06-30,-0.00816819743960737
usa,value,monthly,ew,18,1977-07-31,0.00828124203900731
usa,value,monthly,ew,18,1977-08-31,-0.00248406715836547
usa,value,monthly,ew,18,1977-09-30,-0.000183580926281334
usa,value,monthly,ew,18,1977-10-31,0.0134848734310923
usa,value,monthly,ew,18,1977-11-30,-0.00404243383299922
usa,value,monthly,ew,18,1977-12-31,-0.00600622314571885
usa,value,monthly,ew,18,1978-01-31,0.0156446577884359
usa,value,monthly,ew,18,1978-02-28,0.00838530803123574
usa,value,monthly,ew,18,1978-03-31,-0.000384582189596411
usa,value,monthly,ew,18,1978-04-30,-0.0107365253218522
usa,value,monthly,ew,18,1978-05-31,-0.0100148582676237
usa,value,monthly,ew,18,1978-06-30,-0.000133816870733995
usa,value,monthly,ew,18,1978-07-31,-0.0120671732218246
usa,value,monthly,ew,18,1978-08-31,-0.0104342187805708
usa,value,monthly,ew,18,1978-09-30,0.0114151662426625
usa,value,monthly,ew,18,1978-10-31,0.0479033261035253
usa,value,monthly,ew,18,1978-11-30,-0.0158916654765509
usa,value,monthly,ew,18,1978-12-31,-0.00793637857630587
usa,value,monthly,ew,18,1979-01-31,0.00390189718427965
usa,value,monthly,ew,18,1979-02-28,0.009767468237257
usa,value,monthly,ew,18,1979-03-31,-0.0243278555908462
usa,value,monthly,ew,18,1979-04-30,0.00230544841523136
usa,value,monthly,ew,18,1979-05-31,0.0102976496111149
usa,value,monthly,ew,18,1979-06-30,-0.0125341699307396
usa,value,monthly,ew,18,1979-07-31,0.0106661195955652
usa,value,monthly,ew,18,1979-08-31,-0.00911057893838342
usa,value,monthly,ew,18,1979-09-30,-0.00636831176391619
usa,value,monthly,ew,18,1979-10-31,0.00410370414859402
usa,value,monthly,ew,18,1979-11-30,-0.033642797333015
usa,value,monthly,ew,18,1979-12-31,-0.0319415495806666
usa,value,monthly,ew,18,1980-01-31,-0.035301881173945
usa,value,monthly,ew,18,1980-02-29,-0.0264884707086614
usa,value,monthly,ew,18,1980-03-31,0.0504852203266466
usa,value,monthly,ew,18,1980-04-30,-0.00127406186067181
usa,value,monthly,ew,18,1980-05-31,0.00687670132921696
usa,value,monthly,ew,18,1980-06-30,-0.00336810369914883
usa,value,monthly,ew,18,1980-07-31,-0.0191053345596074
usa,value,monthly,ew,18,1980-08-31,-0.0258134548125658
usa,value,monthly,ew,18,1980-09-30,-0.0232319073148048
usa,value,monthly,ew,18,1980-10-31,-0.0347364741062428
usa,value,monthly,ew,18,1980-11-30,-0.0703134740717023
usa,value,monthly,ew,18,1980-12-31,0.0230543035234537
usa,value,monthly,ew,18,1981-01-31,0.0455459459229508
usa,value,monthly,ew,18,1981-02-28,0.0291324854733504
usa,value,monthly,ew,18,1981-03-31,0.0101241917417636
usa,value,monthly,ew,18,1981-04-30,0.00879823071193118
usa,value,monthly,ew,18,1981-05-31,-0.0156286557061453
usa,value,monthly,ew,18,1981-06-30,0.059844218590904
usa,value,monthly,ew,18,1981-07-31,0.0115910662672028
usa,value,monthly,ew,18,1981-08-31,0.0398559816615889
usa,value,monthly,ew,18,1981-09-30,0.0441074556781343
usa,value,monthly,ew,18,1981-10-31,-0.0280102697832854
usa,value,monthly,ew,18,1981-11-30,0.031715225548766
usa,value,monthly,ew,18,1981-12-31,0.0201076766917344
usa,value,monthly,ew,18,1982-01-31,0.0189985393887898
usa,value,monthly,ew,18,1982-02-28,0.0404346740071326
usa,value,monthly,ew,18,1982-03-31,0.0219022375744099
usa,value,monthly,ew,18,1982-04-30,-0.0116097578326674
usa,value,monthly,ew,18,1982-05-31,0.0145276224372527
usa,value,monthly,ew,18,1982-06-30,0.023130022047002
usa,value,monthly,ew,18,1982-07-31,0.0150327742820088
usa,value,monthly,ew,18,1982-08-31,0.0155419225750498
usa,value,monthly,ew,18,1982-09-30,0.0170282838047239
usa,value,monthly,ew,18,1982-10-31,-0.0166125302771371
usa,value,monthly,ew,18,1982-11-30,-0.0122826104574311
usa,value,monthly,ew,18,1982-12-31,0.00314612241267212
usa,value,monthly,ew,18,1983-01-31,-0.0488218816643167
usa,value,monthly,ew,18,1983-02-28,0.0107961919619143
usa,value,monthly,ew,18,1983-03-31,0.0154767117536298
usa,value,monthly,ew,18,1983-04-30,-0.00171450040062835
usa,value,monthly,ew,18,1983-05-31,-0.0275625973028096
usa,value,monthly,ew,18,1983-06-30,-0.0107635270796866
usa,value,monthly,ew,18,1983-07-31,0.0379881844056827
usa,value,monthly,ew,18,1983-08-31,0.0331491371890522
usa,value,monthly,ew,18,1983-09-30,0.0339064715422666
usa,value,monthly,ew,18,1983-10-31,0.0500544566488256
usa,value,monthly,ew,18,1983-11-30,0.00907865762564241
usa,value,monthly,ew,18,1983-12-31,0.0309844375525778
usa,value,monthly,ew,18,1984-01-31,0.0297142750642719
usa,value,monthly,ew,18,1984-02-29,0.0234108231388395
usa,value,monthly,ew,18,1984-03-31,0.0161373723555765
usa,value,monthly,ew,18,1984-04-30,0.0209856304677747
usa,value,monthly,ew,18,1984-05-31,0.0257764932546007
usa,value,monthly,ew,18,1984-06-30,0.011200634460889
usa,value,monthly,ew,18,1984-07-31,0.0321149663645121
usa,value,monthly,ew,18,1984-08-31,0.000939009596410863
usa,value,monthly,ew,18,1984-09-30,0.032667242712452
usa,value,monthly,ew,18,1984-10-31,0.0322467282932017
usa,value,monthly,ew,18,1984-11-30,0.0309756080201117
usa,value,monthly,ew,18,1984-12-31,0.0167242839183601
usa,value,monthly,ew,18,1985-01-31,-0.025741835628716
usa,value,monthly,ew,18,1985-02-28,-0.00550741475421781
usa,value,monthly,ew,18,1985-03-31,0.0137037696445182
usa,value,monthly,ew,18,1985-04-30,0.0198185055102114
usa,value,monthly,ew,18,1985-05-31,0.0145060360018585
usa,value,monthly,ew,18,1985-06-30,0.0170103658555525
usa,value,monthly,ew,18,1985-07-31,0.000664415452879376
usa,value,monthly,ew,18,1985-08-31,0.00916373105356354
usa,value,monthly,ew,18,1985-09-30,0.0272052165374235
usa,value,monthly,ew,18,1985-10-31,0.0172562748863887
usa,value,monthly,ew,18,1985-11-30,0.00646642964239813
usa,value,monthly,ew,18,1985-12-31,0.00876847133202275
usa,value,monthly,ew,18,1986-01-31,-0.00911295337156145
usa,value,monthly,ew,18,1986-02-28,0.0101808359544625
usa,value,monthly,ew,18,1986-03-31,0.0135722346501044
usa,value,monthly,ew,18,1986-04-30,-0.0110015577621777
usa,value,monthly,ew,18,1986-05-31,0.000160062574232346
usa,value,monthly,ew,18,1986-06-30,0.0114804482142249
usa,value,monthly,ew,18,1986-07-31,0.0246215164618722
usa,value,monthly,ew,18,1986-08-31,0.0251727185290037
usa,value,monthly,ew,18,1986-09-30,0.0236328464459463
usa,value,monthly,ew,18,1986-10-31,0.00403273896214338
usa,value,monthly,ew,18,1986-11-30,0.0149193465344264
usa,value,monthly,ew,18,1986-12-31,0.019074182033865
usa,value,monthly,ew,18,1987-01-31,-0.0114348642312891
usa,value,monthly,ew,18,1987-02-28,-0.0244502644634089
usa,value,monthly,ew,18,1987-03-31,-0.00611489029755352
usa,value,monthly,ew,18,1987-04-30,-0.000971052036759942
usa,value,monthly,ew,18,1987-05-31,0.003667288701703
usa,value,monthly,ew,18,1987-06-30,0.0196740716079723
usa,value,monthly,ew,18,1987-07-31,0.0106902195542001
usa,value,monthly,ew,18,1987-08-31,0.0133420453052977
usa,value,monthly,ew,18,1987-09-30,0.0075963872290966
usa,value,monthly,ew,18,1987-10-31,0.0574634857547146
usa,value,monthly,ew,18,1987-11-30,0.0180389084340115
usa,value,monthly,ew,18,1987-12-31,0.00899781767557029
usa,value,monthly,ew,18,1988-01-31,0.0162914046552274
usa,value,monthly,ew,18,1988-02-29,0.0167959144426294
usa,value,monthly,ew,18,1988-03-31,-0.00249478184348986
usa,value,monthly,ew,18,1988-04-30,0.00505771307321077
usa,value,monthly,ew,18,1988-05-31,0.0194088968920483
usa,value,monthly,ew,18,1988-06-30,0.00605268760266497
usa,value,monthly,ew,18,1988-07-31,0.00732791075955343
usa,value,monthly,ew,18,1988-08-31,0.0158226827551917
usa,value,monthly,ew,18,1988-09-30,0.0144620699748299
usa,value,monthly,ew,18,1988-10-31,0.0240126363949494
usa,value,monthly,ew,18,1988-11-30,0.0177770042711382
usa,value,monthly,ew,18,1988-12-31,0.00622406622078035
usa,value,monthly,ew,18,1989-01-31,0.00160105353883594
usa,value,monthly,ew,18,1989-02-28,0.00880113457632458
usa,value,monthly,ew,18,1989-03-31,0.00391069778034685
usa,value,monthly,ew,18,1989-04-30,0.00616098099871434
usa,value,monthly,ew,18,1989-05-31,0.00924678186472114
usa,value,monthly,ew,18,1989-06-30,0.0161460080893419
usa,value,monthly,ew,18,1989-07-31,0.00338942502572316
usa,value,monthly,ew,18,1989-08-31,0.0107387500918129
usa,value,monthly,ew,18,1989-09-30,-0.0145490058201596
usa,value,monthly,ew,18,1989-10-31,-0.00310597099409318
usa,value,monthly,ew,18,1989-11-30,-0.0027021069949318
usa,value,monthly,ew,18,1989-12-31,0.00510233215596961
usa,value,monthly,ew,18,1990-01-31,0.00436175863909556
usa,value,monthly,ew,18,1990-02-28,0.000123017584354139
usa,value,monthly,ew,18,1990-03-31,-0.00597671104303883
usa,value,monthly,ew,18,1990-04-30,-0.00380121391905402
usa,value,monthly,ew,18,1990-05-31,-0.0131938371725607
usa,value,monthly,ew,18,1990-06-30,-0.00903084822305855
usa,value,monthly,ew,18,1990-07-31,0.00452474032425674
usa,value,monthly,ew,18,1990-08-31,0.0211298445623194
usa,value,monthly,ew,18,1990-09-30,0.00615271291756767
usa,value,monthly,ew,18,1990-10-31,0.00446245844175195
usa,value,monthly,ew,18,1990-11-30,0.0170838787298947
usa,value,monthly,ew,18,1990-12-31,0.0192907309365392
usa,value,monthly,ew,18,1991-01-31,0.00871013803878387
usa,value,monthly,ew,18,1991-02-28,-0.00870119048113812
usa,value,monthly,ew,18,1991-03-31,-0.0138605150443928
usa,value,monthly,ew,18,1991-04-30,-0.00712625796786146
usa,value,monthly,ew,18,1991-05-31,0.00879080287016537
usa,value,monthly,ew,18,1991-06-30,0.0132347543214704
usa,value,monthly,ew,18,1991-07-31,-0.00780763763416186
usa,value,monthly,ew,18,1991-08-31,-0.00957096047340873
usa,value,monthly,ew,18,1991-09-30,-0.0162824543481764
usa,value,monthly,ew,18,1991-10-31,-0.0216414335754651
usa,value,monthly,ew,18,1991-11-30,-0.00379027239510842
usa,value,monthly,ew,18,1991-12-31,-0.00900978636487362
usa,value,monthly,ew,18,1992-01-31,-0.0248780515170303
usa,value,monthly,ew,18,1992-02-29,0.0163896223887247
usa,value,monthly,ew,18,1992-03-31,0.0363417085827371
usa,value,monthly,ew,18,1992-04-30,0.0558680754018873
usa,value,monthly,ew,18,1992-05-31,0.0176544512550725
usa,value,monthly,ew,18,1992-06-30,0.0285965903985573
usa,value,monthly,ew,18,1992-07-31,0.0121975982721954
usa,value,monthly,ew,18,1992-08-31,0.0190913637659338
usa,value,monthly,ew,18,1992-09-30,-0.0000209100877430169
usa,value,monthly,ew,18,1992-10-31,-0.00396655358651549
usa,value,monthly,ew,18,1992-11-30,-0.0145881712145797
usa,value,monthly,ew,18,1992-12-31,0.0105362300891044
usa,value,monthly,ew,18,1993-01-31,0.00206722735251979
usa,value,monthly,ew,18,1993-02-28,0.045058923884286
usa,value,monthly,ew,18,1993-03-31,0.00999577187670169
usa,value,monthly,ew,18,1993-04-30,0.00542421512713049
usa,value,monthly,ew,18,1993-05-31,-0.017035272658838
usa,value,monthly,ew,18,1993-06-30,0.00316795332869772
usa,value,monthly,ew,18,1993-07-31,0.016474248223669
usa,value,monthly,ew,18,1993-08-31,-0.00312722970305132
usa,value,monthly,ew,18,1993-09-30,-0.00888708517634197
usa,value,monthly,ew,18,1993-10-31,-0.00591351858775792
usa,value,monthly,ew,18,1993-11-30,0.0239942991262384
usa,value,monthly,ew,18,1993-12-31,0.0146063512396708
usa,value,monthly,ew,18,1994-01-31,0.00707775063792529
usa,value,monthly,ew,18,1994-02-28,0.0175054104382221
usa,value,monthly,ew,18,1994-03-31,0.0227342451211684
usa,value,monthly,ew,18,1994-04-30,0.029424524930726
usa,value,monthly,ew,18,1994-05-31,0.0224790887168693
usa,value,monthly,ew,18,1994-06-30,0.035790919226578
usa,value,monthly,ew,18,1994-07-31,0.00986390412349352
usa,value,monthly,ew,18,1994-08-31,-0.00160313541903916
usa,value,monthly,ew,18,1994-09-30,-0.00596445296749137
usa,value,monthly,ew,18,1994-10-31,-0.000818391451921944
usa,value,monthly,ew,18,1994-11-30,0.0112915462039875
usa,value,monthly,ew,18,1994-12-31,0.0199707333519947
usa,value,monthly,ew,18,1995-01-31,0.010104898795522
usa,value,monthly,ew,18,1995-02-28,0.00810081575361541
usa,value,monthly,ew,18,1995-03-31,-0.00940954266101066
usa,value,monthly,ew,18,1995-04-30,0.00680915569677856
usa,value,monthly,ew,18,1995-05-31,0.00648490485125392
usa,value,monthly,ew,18,1995-06-30,-0.0344653813066786
usa,value,monthly,ew,18,1995-07-31,-0.0276987474891568
usa,value,monthly,ew,18,1995-08-31,-0.0051427692851723
usa,value,monthly,ew,18,1995-09-30,-0.00390975433403163
usa,value,monthly,ew,18,1995-10-31,0.0226334420697572
usa,value,monthly,ew,18,1995-11-30,0.00790082441160388
usa,value,monthly,ew,18,1995-12-31,0.00684852796653709
usa,value,monthly,ew,18,1996-01-31,-0.00597430753457446
usa,value,monthly,ew,18,1996-02-29,-0.0166247990869968
usa,value,monthly,ew,18,1996-03-31,0.0041918125922323
usa,value,monthly,ew,18,1996-04-30,-0.0383059355261777
usa,value,monthly,ew,18,1996-05-31,-0.0335592145938274
usa,value,monthly,ew,18,1996-06-30,0.053718850950459
usa,value,monthly,ew,18,1996-07-31,0.0694468908205154
usa,value,monthly,ew,18,1996-08-31,-0.00878126569344893
usa,value,monthly,ew,18,1996-09-30,-0.0050426878659629
usa,value,monthly,ew,18,1996-10-31,0.0558691089070017
usa,value,monthly,ew,18,1996-11-30,0.0344996356063001
usa,value,monthly,ew,18,1996-12-31,0.0239164720623035
usa,value,monthly,ew,18,1997-01-31,-0.017988082455508
usa,value,monthly,ew,18,1997-02-28,0.0515292849639362
usa,value,monthly,ew,18,1997-03-31,0.0497560635438441
usa,value,monthly,ew,18,1997-04-30,0.033669390972846
usa,value,monthly,ew,18,1997-05-31,-0.0208503224511002
usa,value,monthly,ew,18,1997-06-30,0.0182391235653105
usa,value,monthly,ew,18,1997-07-31,0.0121239792741686
usa,value,monthly,ew,18,1997-08-31,-0.00993471983093161
usa,value,monthly,ew,18,1997-09-30,-0.0139720007064186
usa,value,monthly,ew,18,1997-10-31,0.0269475187516269
usa,value,monthly,ew,18,1997-11-30,0.0430278365608174
usa,value,monthly,ew,18,1997-12-31,0.0524758739153874
usa,value,monthly,ew,18,1998-01-31,-0.00931272111958421
usa,value,monthly,ew,18,1998-02-28,-0.00307418372988649
usa,value,monthly,ew,18,1998-03-31,0.00319065395968527
usa,value,monthly,ew,18,1998-04-30,-0.00285430653270395
usa,value,monthly,ew,18,1998-05-31,0.0321501039171747
usa,value,monthly,ew,18,1998-06-30,0.00727359002182713
usa,value,monthly,ew,18,1998-07-31,0.0116379778951069
usa,value,monthly,ew,18,1998-08-31,0.0700125873281716
usa,value,monthly,ew,18,1998-09-30,-0.0257832925255294
usa,value,monthly,ew,18,1998-10-31,0.00668130551176239
usa,value,monthly,ew,18,1998-11-30,-0.0465067471063142
usa,value,monthly,ew,18,1998-12-31,-0.0273605322635662
usa,value,monthly,ew,18,1999-01-31,-0.0599204332976684
usa,value,monthly,ew,18,1999-02-28,0.0157655972216919
usa,value,monthly,ew,18,1999-03-31,-0.0183169470315695
usa,value,monthly,ew,18,1999-04-30,0.0168678333155839
usa,value,monthly,ew,18,1999-05-31,0.0228838084088443
usa,value,monthly,ew,18,1999-06-30,-0.0161826858741615
usa,value,monthly,ew,18,1999-07-31,-0.00287842492536976
usa,value,monthly,ew,18,1999-08-31,-0.00721904793520201
usa,value,monthly,ew,18,1999-09-30,-0.0388076692248496
usa,value,monthly,ew,18,1999-10-31,-0.029222122989883
usa,value,monthly,ew,18,1999-11-30,-0.12572824435658
usa,value,monthly,ew,18,1999-12-31,-0.139384530060912
usa,value,monthly,ew,18,2000-01-31,-0.0854530340541409
usa,value,monthly,ew,18,2000-02-29,-0.239244326862815
usa,value,monthly,ew,18,2000-03-31,0.0887902364586749
usa,value,monthly,ew,18,2000-04-30,0.169364470181911
usa,value,monthly,ew,18,2000-05-31,0.101476853588441
usa,value,monthly,ew,18,2000-06-30,-0.143137532902592
usa,value,monthly,ew,18,2000-07-31,0.0841412147366417
usa,value,monthly,ew,18,2000-08-31,-0.0400101707399155
usa,value,monthly,ew,18,2000-09-30,0.0649521434428435
usa,value,monthly,ew,18,2000-10-31,0.0948018602665742
usa,value,monthly,ew,18,2000-11-30,0.169826078469258
usa,value,monthly,ew,18,2000-12-31,0.0730376100352229
usa,value,monthly,ew,18,2001-01-31,-0.110660661037954
usa,value,monthly,ew,18,2001-02-28,0.146970000484397
usa,value,monthly,ew,18,2001-03-31,0.0898163387459862
usa,value,monthly,ew,18,2001-04-30,-0.0485432203183885
usa,value,monthly,ew,18,2001-05-31,-0.000836660035302655
usa,value,monthly,ew,18,2001-06-30,0.0162629193514578
usa,value,monthly,ew,18,2001-07-31,0.0734830685969085
usa,value,monthly,ew,18,2001-08-31,0.0603120722723492
usa,value,monthly,ew,18,2001-09-30,0.0513456772284272
usa,value,monthly,ew,18,2001-10-31,-0.0626120720799764
usa,value,monthly,ew,18,2001-11-30,-0.0261422887570734
usa,value,monthly,ew,18,2001-12-31,-0.00702605922541434
usa,value,monthly,ew,18,2002-01-31,0.0368361687541509
usa,value,monthly,ew,18,2002-02-28,0.0735993410154624
usa,value,monthly,ew,18,2002-03-31,0.00145927716154173
usa,value,monthly,ew,18,2002-04-30,0.0765180876193789
usa,value,monthly,ew,18,2002-05-31,0.0392026991423473
usa,value,monthly,ew,18,2002-06-30,0.052723405798658
usa,value,monthly,ew,18,2002-07-31,0.0359365826149794
usa,value,monthly,ew,18,2002-08-31,0.0117874306788074
usa,value,monthly,ew,18,2002-09-30,0.0236169205681506
usa,value,monthly,ew,18,2002-10-31,-0.0238902983302831
usa,value,monthly,ew,18,2002-11-30,-0.0398099890287243
usa,value,monthly,ew,18,2002-12-31,0.0475413862942828
usa,value,monthly,ew,18,2003-01-31,-0.00333018556896057
usa,value,monthly,ew,18,2003-02-28,0.00837304844683966
usa,value,monthly,ew,18,2003-03-31,-0.00671809289616834
usa,value,monthly,ew,18,2003-04-30,-0.0177227611121314
usa,value,monthly,ew,18,2003-05-31,-0.0530514635906299
usa,value,monthly,ew,18,2003-06-30,-0.0112389593111896
usa,value,monthly,ew,18,2003-07-31,-0.0188138201437513
usa,value,monthly,ew,18,2003-08-31,-0.0168804388248483
usa,value,monthly,ew,18,2003-09-30,-0.0130448163923996
usa,value,monthly,ew,18,2003-10-31,-0.011124973933882
usa,value,monthly,ew,18,2003-11-30,-0.000276705097000571
usa,value,monthly,ew,18,2003-12-31,0.024537863787174
usa,value,monthly,ew,18,2004-01-31,-0.0385867171717895
usa,value,monthly,ew,18,2004-02-29,0.0237941315337787
usa,value,monthly,ew,18,2004-03-31,0.0148544989100571
usa,value,monthly,ew,18,2004-04-30,0.0322348242940625
usa,value,monthly,ew,18,2004-05-31,0.00284966597437283
usa,value,monthly,ew,18,2004-06-30,0.0192084674655319
usa,value,monthly,ew,18,2004-07-31,0.0546191921614924
usa,value,monthly,ew,18,2004-08-31,0.0219009809683752
usa,value,monthly,ew,18,2004-09-30,-0.0126159007304055
usa,value,monthly,ew,18,2004-10-31,0.000878977989524373
usa,value,monthly,ew,18,2004-11-30,-0.00621927041153141
usa,value,monthly,ew,18,2004-12-31,-0.0166245808318319
usa,value,monthly,ew,18,2005-01-31,0.0270255370938248
usa,value,monthly,ew,18,2005-02-28,0.00863678147861195
usa,value,monthly,ew,18,2005-03-31,0.0293860849268869
usa,value,monthly,ew,18,2005-04-30,0.0190223283316271
usa,value,monthly,ew,18,2005-05-31,-0.0076098662130218
usa,value,monthly,ew,18,2005-06-30,-0.00112000864321818
usa,value,monthly,ew,18,2005-07-31,-0.0152555267208329
usa,value,monthly,ew,18,2005-08-31,0.00108186150856425
usa,value,monthly,ew,18,2005-09-30,-0.0153815563282225
usa,value,monthly,ew,18,2005-10-31,0.0148425177660263
usa,value,monthly,ew,18,2005-11-30,-0.00339238997662683
usa,value,monthly,ew,18,2005-12-31,-0.0042622329308491
usa,value,monthly,ew,18,2006-01-31,-0.0448025378363319
usa,value,monthly,ew,18,2006-02-28,0.00518875016368218
usa,value,monthly,ew,18,2006-03-31,-0.0112199644346552
usa,value,monthly,ew,18,2006-04-30,0.00463794562371688
usa,value,monthly,ew,18,2006-05-31,0.0377683147967007
usa,value,monthly,ew,18,2006-06-30,0.0200852193151243
usa,value,monthly,ew,18,2006-07-31,0.0292449617303872
usa,value,monthly,ew,18,2006-08-31,-0.00188483620536871
usa,value,monthly,ew,18,2006-09-30,0.0161384536048016
usa,value,monthly,ew,18,2006-10-31,-0.00480084977055666
usa,value,monthly,ew,18,2006-11-30,-0.0100179410063034
usa,value,monthly,ew,18,2006-12-31,0.00975860379337506
usa,value,monthly,ew,18,2007-01-31,-0.0027749796346315
usa,value,monthly,ew,18,2007-02-28,0.00174524301160603
usa,value,monthly,ew,18,2007-03-31,-0.000746536453390662
usa,value,monthly,ew,18,2007-04-30,-0.00689911096196479
usa,value,monthly,ew,18,2007-05-31,0.00998305498058887
usa,value,monthly,ew,18,2007-06-30,-0.00269578688278544
usa,value,monthly,ew,18,2007-07-31,-0.0162802864140043
usa,value,monthly,ew,18,2007-08-31,0.00938170390601188
usa,value,monthly,ew,18,2007-09-30,-0.0320861752145632
usa,value,monthly,ew,18,2007-10-31,-0.03435712761165
usa,value,monthly,ew,18,2007-11-30,0.0186524877736031
usa,value,monthly,ew,18,2007-12-31,-0.0102797014164529
usa,value,monthly,ew,18,2008-01-31,0.0519172192953142
usa,value,monthly,ew,18,2008-02-29,-0.00923859269094724
usa,value,monthly,ew,18,2008-03-31,0.0237852761216358
usa,value,monthly,ew,18,2008-04-30,-0.0101047494866244
usa,value,monthly,ew,18,2008-05-31,-0.0190388520526619
usa,value,monthly,ew,18,2008-06-30,-0.0366412360080068
usa,value,monthly,ew,18,2008-07-31,0.0325824449597378
usa,value,monthly,ew,18,2008-08-31,0.0317325092555918
usa,value,monthly,ew,18,2008-09-30,0.0497033458735504
usa,value,monthly,ew,18,2008-10-31,0.00996384239229921
usa,value,monthly,ew,18,2008-11-30,-0.00860658598521099
usa,value,monthly,ew,18,2008-12-31,0.012142022688957
usa,value,monthly,ew,18,2009-01-31,-0.0502932055559284
usa,value,monthly,ew,18,2009-02-28,-0.0225238373558755
usa,value,monthly,ew,18,2009-03-31,0.0158933149203998
usa,value,monthly,ew,18,2009-04-30,0.0777572880129957
usa,value,monthly,ew,18,2009-05-31,-0.00536266498728408
usa,value,monthly,ew,18,2009-06-30,-0.0213836884531659
usa,value,monthly,ew,18,2009-07-31,0.0129233936739685
usa,value,monthly,ew,18,2009-08-31,0.015953396530554
usa,value,monthly,ew,18,2009-09-30,-0.0228792055601944
usa,value,monthly,ew,18,2009-10-31,0.0213770537799344
usa,value,monthly,ew,18,2009-11-30,-0.00555342643126552
usa,value,monthly,ew,18,2009-12-31,-0.00856163898814066
usa,value,monthly,ew,18,2010-01-31,0.0171802738790848
usa,value,monthly,ew,18,2010-02-28,-0.000895355449290278
usa,value,monthly,ew,18,2010-03-31,0.00101891122576555
usa,value,monthly,ew,18,2010-04-30,0.00378103949875397
usa,value,monthly,ew,18,2010-05-31,0.0135978778742789
usa,value,monthly,ew,18,2010-06-30,0.00506379356642419
usa,value,monthly,ew,18,2010-07-31,0.00722273919954177
usa,value,monthly,ew,18,2010-08-31,-0.00189885019401121
usa,value,monthly,ew,18,2010-09-30,-0.0208957088440627
usa,value,monthly,ew,18,2010-10-31,-0.00919708677307065
usa,value,monthly,ew,18,2010-11-30,-0.00261939877898449
usa,value,monthly,ew,18,2010-12-31,-0.0127987912768134
usa,value,monthly,ew,18,2011-01-31,0.00799005649859687
usa,value,monthly,ew,18,2011-02-28,-0.00209064465332491
usa,value,monthly,ew,18,2011-03-31,-0.00847457561051063
usa,value,monthly,ew,18,2011-04-30,-0.0031509674071632
usa,value,monthly,ew,18,2011-05-31,0.00602658824622982
usa,value,monthly,ew,18,2011-06-30,0.0116921041243566
usa,value,monthly,ew,18,2011-07-31,0.00306697623628829
usa,value,monthly,ew,18,2011-08-31,0.0186493579959522
usa,value,monthly,ew,18,2011-09-30,0.0230258047998993
usa,value,monthly,ew,18,2011-10-31,-0.00208106581312735
usa,value,monthly,ew,18,2011-11-30,0.0191955460796524
usa,value,monthly,ew,18,2011-12-31,0.0165610304201375
usa,value,monthly,ew,18,2012-01-31,-0.0138357592347338
usa,value,monthly,ew,18,2012-02-29,-0.00198879362692577
usa,value,monthly,ew,18,2012-03-31,0.00284791552113164
usa,value,monthly,ew,18,2012-04-30,0.00473842315828548
usa,value,monthly,ew,18,2012-05-31,0.0137939513601017
usa,value,monthly,ew,18,2012-06-30,0.000141483057944958
usa,value,monthly,ew,18,2012-07-31,0.00470729364353483
usa,value,monthly,ew,18,2012-08-31,0.00141317908553873
usa,value,monthly,ew,18,2012-09-30,-0.00515564935417361
usa,value,monthly,ew,18,2012-10-31,0.0273419295148721
usa,value,monthly,ew,18,2012-11-30,0.0117250089271566
usa,value,monthly,ew,18,2012-12-31,0.013544474116401
usa,value,monthly,ew,18,2013-01-31,0.0020065170539035
usa,value,monthly,ew,18,2013-02-28,0.0142347997250799
usa,value,monthly,ew,18,2013-03-31,0.00210937560984664
usa,value,monthly,ew,18,2013-04-30,0.0091100559856285
usa,value,monthly,ew,18,2013-05-31,-0.000168114924580045
usa,value,monthly,ew,18,2013-06-30,0.00680583513112835
usa,value,monthly,ew,18,2013-07-31,-0.00562615499764004
usa,value,monthly,ew,18,2013-08-31,-0.0081083837912472
usa,value,monthly,ew,18,2013-09-30,-0.0111488506305548
usa,value,monthly,ew,18,2013-10-31,0.0225556721975929
usa,value,monthly,ew,18,2013-11-30,-0.000875120842017972
usa,value,monthly,ew,18,2013-12-31,-0.0108350224053041
usa,value,monthly,ew,18,2014-01-31,-0.0486284264988804
usa,value,monthly,ew,18,2014-02-28,-0.0114660016901515
usa,value,monthly,ew,18,2014-03-31,0.0324951306392314
usa,value,monthly,ew,18,2014-04-30,0.0448864316974146
usa,value,monthly,ew,18,2014-05-31,0.0121838806851371
usa,value,monthly,ew,18,2014-06-30,-0.0239738516994881
usa,value,monthly,ew,18,2014-07-31,0.0239278890712528
usa,value,monthly,ew,18,2014-08-31,-0.000940681533789945
usa,value,monthly,ew,18,2014-09-30,0.00707210668390607
usa,value,monthly,ew,18,2014-10-31,0.0175807013408521
usa,value,monthly,ew,18,2014-11-30,0.00481353985674469
usa,value,monthly,ew,18,2014-12-31,-0.00531949709142742
usa,value,monthly,ew,18,2015-01-31,-0.0181755849023166
usa,value,monthly,ew,18,2015-02-28,-0.00757000760223354
usa,value,monthly,ew,18,2015-03-31,0.00101479759580034
usa,value,monthly,ew,18,2015-04-30,0.0183097128319828
usa,value,monthly,ew,18,2015-05-31,-0.0216766679145163
usa,value,monthly,ew,18,2015-06-30,-0.00109457864827538
usa,value,monthly,ew,18,2015-07-31,-0.00259515681412975
usa,value,monthly,ew,18,2015-08-31,0.0221595772195921
usa,value,monthly,ew,18,2015-09-30,0.022931954734914
usa,value,monthly,ew,18,2015-10-31,0.0206248199836839
usa,value,monthly,ew,18,2015-11-30,-0.0187979371080097
usa,value,monthly,ew,18,2015-12-31,-0.00229219131065391
usa,value,monthly,ew,18,2016-01-31,0.0450892747232604
usa,value,monthly,ew,18,2016-02-29,0.0217190455048648
usa,value,monthly,ew,18,2016-03-31,0.0142769097590901
usa,value,monthly,ew,18,2016-04-30,-0.00208170351705384
usa,value,monthly,ew,18,2016-05-31,-0.00534357389167828
usa,value,monthly,ew,18,2016-06-30,-0.00231390689183048
usa,value,monthly,ew,18,2016-07-31,-0.00178252440985889
usa,value,monthly,ew,18,2016-08-31,0.0050959440443036
usa,value,monthly,ew,18,2016-09-30,-0.0219421209675572
usa,value,monthly,ew,18,2016-10-31,0.04220425316805
usa,value,monthly,ew,18,2016-11-30,0.0369593896209217
usa,value,monthly,ew,18,2016-12-31,0.0333263989848895
usa,value,monthly,ew,18,2017-01-31,-0.0150512722481531
usa,value,monthly,ew,18,2017-02-28,-0.00944883518055369
usa,value,monthly,ew,18,2017-03-31,-0.0112369157314446
usa,value,monthly,ew,18,2017-04-30,0.00768074310410173
usa,value,monthly,ew,18,2017-05-31,-0.00665718905349796
usa,value,monthly,ew,18,2017-06-30,-0.00578730334702103
usa,value,monthly,ew,18,2017-07-31,0.00496741182999452
usa,value,monthly,ew,18,2017-08-31,-0.0168681732050379
usa,value,monthly,ew,18,2017-09-30,-0.00549238403083886
usa,value,monthly,ew,18,2017-10-31,0.00565930353629283
usa,value,monthly,ew,18,2017-11-30,0.0120282678350175
usa,value,monthly,ew,18,2017-12-31,0.000335860511488716
usa,value,monthly,ew,18,2018-01-31,-0.0122988934760949
usa,value,monthly,ew,18,2018-02-28,-0.00565198984047024
usa,value,monthly,ew,18,2018-03-31,0.00607669702020535
usa,value,monthly,ew,18,2018-04-30,0.00224505099147646
usa,value,monthly,ew,18,2018-05-31,-0.0218825395476027
usa,value,monthly,ew,18,2018-06-30,0.00401719283627465
usa,value,monthly,ew,18,2018-07-31,0.0213661474657148
usa,value,monthly,ew,18,2018-08-31,-0.0344972531702046
usa,value,monthly,ew,18,2018-09-30,-0.00788856580621228
usa,value,monthly,ew,18,2018-10-31,0.0340742286146302
usa,value,monthly,ew,18,2018-11-30,0.00762263549915557
usa,value,monthly,ew,18,2018-12-31,0.0134851040846303
usa,value,monthly,ew,18,2019-01-31,-0.0255238421015627
usa,value,monthly,ew,18,2019-02-28,-0.013981829860683
usa,value,monthly,ew,18,2019-03-31,-0.0247047660300866
usa,value,monthly,ew,18,2019-04-30,0.0270236630166758
usa,value,monthly,ew,18,2019-05-31,-0.0247379390362638
usa,value,monthly,ew,18,2019-06-30,0.0149814565594199
usa,value,monthly,ew,18,2019-07-31,0.0157380450213007
usa,value,monthly,ew,18,2019-08-31,-0.0118896432535559
usa,value,monthly,ew,18,2019-09-30,0.0658770047967315
usa,value,monthly,ew,18,2019-10-31,0.00498973787953553
usa,value,monthly,ew,18,2019-11-30,-0.0203481673012536
usa,value,monthly,ew,18,2019-12-31,-0.0131446394632554
usa,value,monthly,ew,18,2020-01-31,-0.0579497991120328
usa,value,monthly,ew,18,2020-02-29,-0.0374042728762668
usa,value,monthly,ew,18,2020-03-31,-0.0683700672658272
usa,value,monthly,ew,18,2020-04-30,0.000472170222692744
usa,value,monthly,ew,18,2020-05-31,-0.0725326967950439
usa,value,monthly,ew,18,2020-06-30,-0.0235514739567405
usa,value,monthly,ew,18,2020-07-31,-0.0372429104407257
usa,value,monthly,ew,18,2020-08-31,0.0300134448490473
usa,value,monthly,ew,18,2020-09-30,-0.0178954301897405
usa,value,monthly,ew,18,2020-10-31,0.0394662510309948
usa,value,monthly,ew,18,2020-11-30,-0.00586029395218348
usa,value,monthly,ew,18,2020-12-31,-0.0297634339031938
usa,value,monthly,ew,18,2021-01-31,-0.0873265940089656
usa,value,monthly,ew,18,2021-02-28,0.0296391081117187
usa,value,monthly,ew,18,2021-03-31,0.0896481273201766
usa,value,monthly,ew,18,2021-04-30,0.0405734686194967
usa,value,monthly,ew,18,2021-05-31,0.0527879820182218
usa,value,monthly,ew,18,2021-06-30,-0.0520387765581451
usa,value,monthly,ew,18,2021-07-31,0.0554359850625249
usa,value,monthly,ew,18,2021-08-31,-0.0123235197938842
usa,value,monthly,ew,18,2021-09-30,0.0335560562839601
usa,value,monthly,ew,18,2021-10-31,0.0160595735166124
usa,value,monthly,ew,18,2021-11-30,0.0531582782826562
usa,value,monthly,ew,18,2021-12-31,0.0849534709708792
usa,value,monthly,ew,18,2022-01-31,0.103612416073347
usa,value,monthly,ew,18,2022-02-28,0.0215100684061029
usa,value,monthly,ew,18,2022-03-31,-0.0138245110760321
usa,value,monthly,ew,18,2022-04-30,0.0778123844955753
usa,value,monthly,ew,18,2022-05-31,0.0631300613310801
usa,value,monthly,ew,18,2022-06-30,-0.0175849823010369
usa,value,monthly,ew,18,2022-07-31,-0.00185417582450536
usa,value,monthly,ew,18,2022-08-31,-0.0220248579221911
usa,value,monthly,ew,18,2022-09-30,0.0119429162086506
usa,value,monthly,ew,18,2022-10-31,0.0614824968983249
usa,value,monthly,ew,18,2022-11-30,0.0583667577012762
usa,value,monthly,ew,18,2022-12-31,0.00983641557143954
usa,value,monthly,ew,18,2023-01-31,-0.0385601962877163
usa,value,monthly,ew,18,2023-02-28,0.0229458727106709
usa,value,monthly,ew,18,2023-03-31,-0.00917143995889257
usa,value,monthly,ew,18,2023-04-30,-0.0048314130997336
usa,value,monthly,ew,18,2023-05-31,-0.043410111378658
usa,value,monthly,ew,18,2023-06-30,0.0353539937272217
usa,value,monthly,ew,18,2023-07-31,0.0403426058611193
usa,value,monthly,ew,18,2023-08-31,0.0367208761277479
usa,value,monthly,ew,18,2023-09-30,0.0362481427594195
usa,value,monthly,ew,18,2023-10-31,0.0412918296460986
usa,value,monthly,ew,18,2023-11-30,-0.000713746610890482
usa,value,monthly,ew,18,2023-12-31,-0.00673434253144501
usa,value,monthly,ew,18,2024-01-31,0.00497424014049568
usa,value,monthly,ew,18,2024-02-29,-0.0407623881719938
usa,value,monthly,ew,18,2024-03-31,0.0240752020920367
usa,value,monthly,ew,18,2024-04-30,0.0189755402312413
usa,value,monthly,ew,18,2024-05-31,0.0198148921042602
usa,value,monthly,ew,18,2024-06-30,0.0139166475880639
usa,value,monthly,ew,18,2024-07-31,0.0345302708042614
usa,value,monthly,ew,18,2024-08-31,0.0121526477556979
usa,value,monthly,ew,18,2024-09-30,0.00635710572770674
usa,value,monthly,ew,18,2024-10-31,-0.0179343117029223
usa,value,monthly,ew,18,2024-11-30,-0.00134370636578893
usa,value,monthly,ew,18,2024-12-31,-0.0283957335615477
